# COMMON_MC_OBJ_START
# version: 1
# exporter: jmc2obj
# world_name: New World
# world_path: C:\Users\Tran Bao Long\AppData\Roaming\.minecraft\saves\New World
# export_bounds_min: (-52, 58, 14)
# export_bounds_max: (27, 109, 93)
# export_offset: (12.000000, -58.000000, -54.000000)
# block_scale: 1.000000
# block_origin_offset: (-0.5, -0.5, -0.5)
# z_up: false
# texture_type: INDIVIDUAL_TILES
# has_split_blocks: false
# COMMON_MC_OBJ_END
mtllib minecraft.mtl

vt 0.000000000 0.000000000
vt 1.000000000 0.000000000
vt 1.000000000 2.000000000
vt 0.000000000 2.000000000
vt 2.000000000 0.000000000
vt 2.000000000 2.000000000
vt 1.000000000 1.000000000
vt 0.000000000 1.000000000
vt 2.000000000 1.000000000
vt 3.000000000 0.000000000
vt 3.000000000 1.000000000
vt 5.000000000 0.000000000
vt 5.000000000 1.000000000
vt 8.000000000 0.000000000
vt 8.000000000 1.000000000
vt 12.000000000 0.000000000
vt 12.000000000 1.000000000
vt 1.000000000 4.000000000
vt 0.000000000 4.000000000
vt 4.000000000 1.000000000
vt 4.000000000 0.000000000
vt -1.000000000 0.000000000
vt -1.000000000 2.000000000
vt 9.000000000 0.000000000
vt 9.000000000 1.000000000
vt 11.000000000 0.000000000
vt 11.000000000 1.000000000
vt 1.000000000 5.000000000
vt 0.000000000 5.000000000
vt 10.000000000 1.000000000
vt 10.000000000 0.000000000
vt -2.000000000 0.000000000
vt -2.000000000 1.000000000
vt 1.000000000 3.000000000
vt 0.000000000 3.000000000
vt 4.000000000 2.000000000
vt -2.000000000 3.000000000
vt 1.000000000 6.000000000
vt 0.000000000 6.000000000
vt -1.000000000 1.000000000
vt -1.000000000 3.000000000
vt -3.000000000 0.000000000
vt -3.000000000 2.000000000
vt 7.000000000 0.000000000
vt 7.000000000 1.000000000
vt 6.000000000 0.000000000
vt 6.000000000 1.000000000
vt 0.000000000 -1.000000000
vt 7.000000000 -1.000000000
vt 0.000000000 -2.000000000
vt 3.000000000 -2.000000000
vt 2.000000000 -1.000000000
vt 7.000000000 -2.000000000
vt 3.000000000 -1.000000000
vt 1.000000000 -1.000000000
vt 5.000000000 2.000000000
vt 4.000000000 -1.000000000
vt 5.000000000 -2.000000000
vt -4.000000000 0.000000000
vt -4.000000000 2.000000000
vt 3.000000000 2.000000000
vt 2.000000000 4.000000000
vt 8.000000000 -1.000000000
vt 9.000000000 -1.000000000
vt -2.000000000 -1.000000000
vt 6.000000000 -1.000000000
vt -4.000000000 1.000000000
vt -1.000000000 -1.000000000
vt 4.000000000 -2.000000000
vt 5.000000000 -1.000000000
vt -3.000000000 1.000000000
vt 1.000000000 -2.000000000
vt -2.000000000 2.000000000
vt 12.000000000 -2.000000000
vt 12.000000000 -1.000000000
vt 2.000000000 3.000000000
vt -7.000000000 0.000000000
vt -7.000000000 1.000000000
vt -1.000000000 4.000000000
vt 2.000000000 5.000000000
vt 0.000000000 -3.000000000
vt 1.000000000 -3.000000000
vt 1.000000000 8.000000000
vt 0.000000000 8.000000000
vt -2.000000000 4.000000000
vt -6.000000000 0.000000000
vt -6.000000000 1.000000000
vt 1.000000000 9.000000000
vt 0.000000000 9.000000000
vt 1.000000000 7.000000000
vt 0.000000000 7.000000000
vt 0.000000000 -4.000000000
vt 1.000000000 -4.000000000
vt 5.000000000 -3.000000000
vt 2.000000000 -2.000000000
vt 14.000000000 0.000000000
vt 14.000000000 1.000000000
vt -3.000000000 -1.000000000
vt 4.000000000 -3.000000000
vt 6.000000000 -2.000000000
vt 0.000000000 -7.000000000
vt 1.000000000 -7.000000000
vt 0.000000000 -5.000000000
vt 1.000000000 -5.000000000
vt 2.000000000 -3.000000000
vt 15.000000000 0.000000000
vt 15.000000000 1.000000000
vt 10.000000000 -1.000000000
vt 3.000000000 3.000000000
vt 13.000000000 0.000000000
vt 13.000000000 1.000000000
vt 1.000000000 11.000000000
vt 0.000000000 11.000000000
vt 16.000000000 0.000000000
vt 16.000000000 1.000000000
vt 13.000000000 -1.000000000
vt 2.000000000 -5.000000000
vt 2.000000000 -4.000000000
vt -5.000000000 0.000000000
vt -5.000000000 1.000000000
vt 0.000000000 -12.000000000
vt 4.000000000 -12.000000000
vt 0.000000000 -13.000000000
vt 16.000000000 -13.000000000
vt 5.000000000 3.000000000
vt -3.000000000 -2.000000000
vt 14.000000000 -1.000000000
vt 3.000000000 -3.000000000
vt 9.000000000 -2.000000000
vt 0.000000000 -14.000000000
vt 4.000000000 -14.000000000
vt 15.000000000 -1.000000000
vt -1.000000000 6.000000000
vt 16.000000000 -1.000000000
vt 9.000000000 2.000000000
vt 11.000000000 -2.000000000
vt 10.000000000 -3.000000000
vt 1.000000000 12.000000000
vt 0.000000000 12.000000000
vt 9.000000000 -3.000000000
vt 4.000000000 -4.000000000
vt 1.000000000 10.000000000
vt 0.000000000 10.000000000
vt 16.000000000 -2.000000000
vt 3.000000000 -4.000000000
vt 8.000000000 -2.000000000
vt 6.000000000 2.000000000
vt 16.000000000 -3.000000000
vt 11.000000000 -5.000000000
vt 0.000000000 -6.000000000
vt 5.000000000 -6.000000000
v 32.500 10.500 -39.500
v 32.500 10.500 -40.500
v 32.500 12.500 -40.500
v 32.500 12.500 -39.500
v 33.500 6.500 -40.500
v 33.500 6.500 -38.500
v 33.500 8.500 -38.500
v 33.500 8.500 -40.500
v 33.500 8.500 -39.500
v 33.500 9.500 -39.500
v 33.500 9.500 -38.500
v 29.500 10.500 -39.500
v 31.500 10.500 -39.500
v 31.500 10.500 -40.500
v 29.500 10.500 -40.500
v 34.500 10.500 -39.500
v 34.500 10.500 -40.500
v 37.500 10.500 -39.500
v 37.500 10.500 -40.500
v 29.500 10.500 -38.500
v 34.500 10.500 -38.500
v 35.500 10.500 -38.500
v 36.500 10.500 -38.500
v 36.500 10.500 -39.500
v 35.500 10.500 -39.500
v 34.500 8.500 -39.500
v 34.500 8.500 -40.500
v 34.500 9.500 -38.500
v 34.500 9.500 -39.500
v 27.500 5.500 -39.500
v 35.500 5.500 -39.500
v 35.500 5.500 -40.500
v 27.500 5.500 -40.500
v 36.500 5.500 -39.500
v 39.500 5.500 -39.500
v 39.500 5.500 -40.500
v 36.500 5.500 -40.500
v 27.500 5.500 -38.500
v 39.500 5.500 -38.500
v 29.500 8.500 -40.500
v 29.500 8.500 -38.500
v 31.500 12.500 -39.500
v 31.500 12.500 -40.500
v 35.500 9.500 -39.500
v 35.500 9.500 -40.500
v 35.500 8.500 -39.500
v 35.500 8.500 -38.500
v 36.500 9.500 -39.500
v 36.500 9.500 -40.500
v 29.500 8.500 -39.500
v 37.500 8.500 -39.500
v 38.500 8.500 -39.500
v 38.500 8.500 -40.500
v 37.500 8.500 -40.500
v 36.500 8.500 -38.500
v 38.500 8.500 -38.500
v 36.500 8.500 -39.500
v 35.500 6.500 -39.500
v 33.500 6.500 -39.500
v 35.500 6.500 -40.500
v 38.500 6.500 -39.500
v 36.500 6.500 -39.500
v 36.500 6.500 -40.500
v 38.500 6.500 -40.500
v 38.500 6.500 -38.500
v 29.500 9.500 -38.500
v 34.500 6.500 -38.500
v 34.500 8.500 -38.500
v 12.500 10.500 -38.500
v 12.500 10.500 -39.500
v 12.500 12.500 -39.500
v 12.500 12.500 -38.500
v 11.500 10.500 -39.500
v 14.500 10.500 -39.500
v 14.500 10.500 -40.500
v 11.500 10.500 -40.500
v 16.500 10.500 -39.500
v 19.500 10.500 -39.500
v 19.500 10.500 -40.500
v 16.500 10.500 -40.500
v 22.500 10.500 -39.500
v 24.500 10.500 -39.500
v 24.500 10.500 -40.500
v 22.500 10.500 -40.500
v 25.500 10.500 -39.500
v 27.500 10.500 -39.500
v 27.500 10.500 -40.500
v 25.500 10.500 -40.500
v 14.500 10.500 -38.500
v 17.500 10.500 -38.500
v 18.500 10.500 -38.500
v 18.500 10.500 -39.500
v 17.500 10.500 -39.500
v 22.500 10.500 -38.500
v 26.500 10.500 -38.500
v 26.500 10.500 -39.500
v 11.500 5.500 -39.500
v 14.500 5.500 -39.500
v 14.500 5.500 -40.500
v 11.500 5.500 -40.500
v 18.500 5.500 -39.500
v 18.500 5.500 -40.500
v 11.500 5.500 -38.500
v 13.500 5.500 -38.500
v 13.500 5.500 -39.500
v 16.500 5.500 -38.500
v 16.500 5.500 -39.500
v 20.500 6.500 -39.500
v 20.500 6.500 -40.500
v 20.500 7.500 -40.500
v 20.500 7.500 -39.500
v 19.500 8.500 -39.500
v 19.500 8.500 -40.500
v 18.500 9.500 -40.500
v 18.500 9.500 -39.500
v 18.500 9.500 -38.500
v 17.500 -0.500 -40.500
v 17.500 -0.500 -39.500
v 17.500 0.500 -39.500
v 17.500 0.500 -40.500
v 17.500 5.500 -39.500
v 17.500 5.500 -40.500
v 17.500 9.500 -39.500
v 17.500 9.500 -40.500
v 17.500 8.500 -39.500
v 17.500 8.500 -38.500
v 14.500 9.500 -39.500
v 13.500 9.500 -39.500
v 13.500 9.500 -40.500
v 14.500 9.500 -40.500
v 22.500 9.500 -38.500
v 22.500 9.500 -39.500
v 26.500 9.500 -38.500
v 27.500 9.500 -38.500
v 27.500 9.500 -39.500
v 26.500 9.500 -39.500
v 16.500 8.500 -40.500
v 16.500 8.500 -39.500
v 16.500 -0.500 -39.500
v 16.500 -0.500 -38.500
v 16.500 0.500 -38.500
v 16.500 0.500 -39.500
v 16.500 4.500 -38.500
v 16.500 4.500 -39.500
v 13.500 8.500 -39.500
v 11.500 8.500 -39.500
v 11.500 8.500 -40.500
v 13.500 8.500 -40.500
v 15.500 8.500 -39.500
v 15.500 8.500 -40.500
v 22.500 8.500 -39.500
v 22.500 8.500 -40.500
v 27.500 8.500 -39.500
v 24.500 8.500 -39.500
v 24.500 8.500 -40.500
v 27.500 8.500 -40.500
v 14.500 8.500 -38.500
v 11.500 8.500 -38.500
v 14.500 8.500 -39.500
v 15.500 8.500 -38.500
v 27.500 8.500 -38.500
v 25.500 8.500 -38.500
v 25.500 8.500 -39.500
v 15.500 6.500 -40.500
v 15.500 6.500 -38.500
v 14.500 -0.500 -39.500
v 14.500 -0.500 -40.500
v 14.500 0.500 -40.500
v 14.500 0.500 -39.500
v 14.500 4.500 -40.500
v 14.500 4.500 -39.500
v 21.500 7.500 -39.500
v 21.500 7.500 -40.500
v 24.500 7.500 -39.500
v 25.500 7.500 -39.500
v 25.500 7.500 -40.500
v 24.500 7.500 -40.500
v 13.500 -0.500 -38.500
v 13.500 -0.500 -39.500
v 13.500 0.500 -39.500
v 13.500 0.500 -38.500
v 13.500 4.500 -39.500
v 13.500 4.500 -38.500
v 17.500 6.500 -39.500
v 15.500 6.500 -39.500
v 17.500 6.500 -40.500
v 18.500 6.500 -39.500
v 18.500 6.500 -40.500
v 25.500 6.500 -39.500
v 21.500 6.500 -39.500
v 21.500 6.500 -40.500
v 25.500 6.500 -40.500
v 25.500 6.500 -38.500
v 19.500 9.500 -39.500
v 25.500 12.500 -39.500
v 24.500 12.500 -39.500
v 11.500 12.500 -39.500
v 17.500 4.500 -39.500
v 12.500 0.500 -38.500
v 12.500 4.500 -38.500
v 12.500 5.500 -38.500
v 15.500 7.500 -38.500
v 16.500 7.500 -38.500
v 16.500 8.500 -38.500
v 17.500 9.500 -38.500
v 24.500 8.500 -38.500
v 24.500 9.500 -38.500
v 24.500 10.500 -38.500
v 11.500 11.500 -39.500
v 11.500 11.500 -38.500
v 11.500 12.500 -38.500
v 24.500 12.500 -40.500
v 25.500 12.500 -40.500
v 29.500 11.500 4.500
v 30.500 11.500 4.500
v 30.500 12.500 4.500
v 29.500 12.500 4.500
v 30.500 4.500 4.500
v 31.500 4.500 4.500
v 31.500 5.500 4.500
v 30.500 5.500 4.500
v 31.500 10.500 4.500
v 30.500 10.500 4.500
v 32.500 4.500 4.500
v 32.500 5.500 4.500
v 31.500 7.500 4.500
v 32.500 7.500 4.500
v 32.500 8.500 4.500
v 31.500 8.500 4.500
v 31.500 11.500 4.500
v 32.500 11.500 4.500
v 32.500 12.500 4.500
v 31.500 12.500 4.500
v 34.500 3.500 4.500
v 35.500 3.500 4.500
v 35.500 4.500 4.500
v 34.500 4.500 4.500
v 37.500 3.500 4.500
v 37.500 4.500 4.500
v 28.500 9.500 4.500
v 27.500 9.500 4.500
v 27.500 10.500 4.500
v 28.500 10.500 4.500
v 39.500 4.500 4.500
v 38.500 4.500 4.500
v 38.500 5.500 4.500
v 39.500 5.500 4.500
v 29.500 4.500 5.500
v 30.500 4.500 5.500
v 30.500 5.500 5.500
v 29.500 5.500 5.500
v 30.500 11.500 5.500
v 31.500 11.500 5.500
v 31.500 12.500 5.500
v 30.500 12.500 5.500
v 31.500 3.500 5.500
v 32.500 3.500 5.500
v 32.500 4.500 5.500
v 31.500 4.500 5.500
v 34.500 3.500 5.500
v 34.500 4.500 5.500
v 32.500 8.500 5.500
v 33.500 8.500 5.500
v 33.500 11.500 5.500
v 32.500 11.500 5.500
v 37.500 3.500 5.500
v 38.500 3.500 5.500
v 38.500 4.500 5.500
v 37.500 4.500 5.500
v 28.500 10.500 5.500
v 27.500 10.500 5.500
v 27.500 11.500 5.500
v 28.500 11.500 5.500
v 28.500 5.500 5.500
v 29.500 10.500 5.500
v 34.500 9.500 1.500
v 38.500 9.500 1.500
v 38.500 11.500 1.500
v 34.500 11.500 1.500
v 32.500 8.500 1.500
v 29.500 8.500 1.500
v 29.500 11.500 1.500
v 32.500 11.500 1.500
v 36.500 11.500 0.500
v 37.500 11.500 0.500
v 37.500 13.500 0.500
v 36.500 13.500 0.500
v 38.500 9.500 0.500
v 39.500 9.500 0.500
v 39.500 11.500 0.500
v 38.500 11.500 0.500
v 28.500 7.500 -0.500
v 32.500 7.500 -0.500
v 32.500 8.500 -0.500
v 28.500 8.500 -0.500
v 29.500 8.500 -0.500
v 32.500 9.500 -0.500
v 29.500 9.500 -0.500
v 32.500 5.500 -0.500
v 36.500 5.500 -0.500
v 36.500 6.500 -0.500
v 32.500 6.500 -0.500
v 35.500 11.500 -0.500
v 36.500 11.500 -0.500
v 36.500 13.500 -0.500
v 35.500 13.500 -0.500
v 37.500 5.500 -0.500
v 37.500 6.500 -0.500
v 37.500 12.500 -0.500
v 36.500 12.500 -0.500
v 37.500 11.500 -0.500
v 38.500 11.500 -0.500
v 38.500 13.500 -0.500
v 37.500 13.500 -0.500
v 30.500 5.500 -0.500
v 30.500 6.500 -0.500
v 28.500 8.500 -1.500
v 29.500 8.500 -1.500
v 29.500 9.500 -1.500
v 28.500 9.500 -1.500
v 31.500 9.500 -1.500
v 31.500 10.500 -1.500
v 29.500 10.500 -1.500
v 30.500 10.500 -1.500
v 31.500 11.500 -1.500
v 30.500 11.500 -1.500
v 32.500 7.500 -1.500
v 33.500 7.500 -1.500
v 33.500 9.500 -1.500
v 32.500 9.500 -1.500
v 35.500 6.500 -1.500
v 36.500 6.500 -1.500
v 36.500 7.500 -1.500
v 35.500 7.500 -1.500
v 37.500 5.500 -1.500
v 38.500 5.500 -1.500
v 38.500 6.500 -1.500
v 37.500 6.500 -1.500
v 38.500 11.500 -1.500
v 39.500 11.500 -1.500
v 39.500 12.500 -1.500
v 38.500 12.500 -1.500
v 36.500 11.500 -1.500
v 35.500 11.500 -1.500
v 35.500 13.500 -1.500
v 36.500 13.500 -1.500
v 36.500 12.500 -1.500
v 37.500 12.500 -1.500
v 37.500 11.500 -1.500
v 37.500 13.500 -1.500
v 38.500 13.500 -1.500
v 29.500 10.500 -2.500
v 30.500 10.500 -2.500
v 30.500 11.500 -2.500
v 29.500 11.500 -2.500
v 30.500 5.500 -2.500
v 31.500 5.500 -2.500
v 31.500 10.500 -2.500
v 31.500 9.500 -2.500
v 32.500 9.500 -2.500
v 32.500 11.500 -2.500
v 31.500 11.500 -2.500
v 36.500 6.500 -2.500
v 37.500 6.500 -2.500
v 37.500 7.500 -2.500
v 36.500 7.500 -2.500
v 38.500 5.500 -2.500
v 39.500 5.500 -2.500
v 39.500 6.500 -2.500
v 38.500 6.500 -2.500
v 38.500 12.500 -2.500
v 39.500 12.500 -2.500
v 39.500 13.500 -2.500
v 38.500 13.500 -2.500
v 35.500 9.500 -2.500
v 34.500 9.500 -2.500
v 34.500 10.500 -2.500
v 35.500 10.500 -2.500
v 37.500 11.500 -2.500
v 36.500 11.500 -2.500
v 36.500 13.500 -2.500
v 37.500 13.500 -2.500
v 27.500 12.500 -3.500
v 29.500 12.500 -3.500
v 29.500 13.500 -3.500
v 27.500 13.500 -3.500
v 31.500 13.500 -3.500
v 31.500 15.500 -3.500
v 27.500 15.500 -3.500
v 28.500 15.500 -3.500
v 31.500 16.500 -3.500
v 28.500 16.500 -3.500
v 31.500 5.500 -3.500
v 32.500 5.500 -3.500
v 32.500 6.500 -3.500
v 31.500 6.500 -3.500
v 34.500 6.500 -3.500
v 35.500 6.500 -3.500
v 35.500 7.500 -3.500
v 34.500 7.500 -3.500
v 37.500 6.500 -3.500
v 38.500 6.500 -3.500
v 38.500 7.500 -3.500
v 37.500 7.500 -3.500
v 30.500 5.500 -3.500
v 27.500 5.500 -3.500
v 27.500 6.500 -3.500
v 30.500 6.500 -3.500
v 30.500 9.500 -3.500
v 29.500 9.500 -3.500
v 29.500 11.500 -3.500
v 30.500 11.500 -3.500
v 30.500 10.500 -3.500
v 31.500 10.500 -3.500
v 32.500 9.500 -3.500
v 31.500 9.500 -3.500
v 31.500 11.500 -3.500
v 32.500 11.500 -3.500
v 37.500 10.500 -3.500
v 34.500 10.500 -3.500
v 34.500 11.500 -3.500
v 37.500 11.500 -3.500
v 37.500 9.500 -3.500
v 35.500 9.500 -3.500
v 35.500 10.500 -3.500
v 39.500 11.500 -3.500
v 38.500 11.500 -3.500
v 38.500 13.500 -3.500
v 39.500 13.500 -3.500
v 32.500 13.500 -4.500
v 32.500 13.500 -6.500
v 32.500 16.500 -6.500
v 32.500 16.500 -4.500
v 32.500 5.500 2.500
v 32.500 6.500 2.500
v 32.500 8.500 2.500
v 32.500 11.500 2.500
v 32.500 4.500 3.500
v 32.500 5.500 3.500
v 32.500 7.500 3.500
v 32.500 8.500 3.500
v 32.500 11.500 3.500
v 32.500 12.500 3.500
v 32.500 8.500 6.500
v 32.500 11.500 6.500
v 32.500 7.500 7.500
v 32.500 7.500 6.500
v 32.500 8.500 7.500
v 32.500 7.500 9.500
v 32.500 9.500 7.500
v 32.500 9.500 9.500
v 32.500 2.500 9.500
v 32.500 2.500 8.500
v 32.500 3.500 8.500
v 32.500 3.500 9.500
v 27.500 11.500 -5.500
v 27.500 11.500 -6.500
v 28.500 11.500 -6.500
v 28.500 11.500 -5.500
v 29.500 11.500 -5.500
v 29.500 11.500 -6.500
v 28.500 11.500 -4.500
v 27.500 11.500 -4.500
v 38.500 11.500 -4.500
v 39.500 11.500 -4.500
v 39.500 11.500 -5.500
v 38.500 11.500 -5.500
v 31.500 11.500 -4.500
v 30.500 11.500 -4.500
v 37.500 11.500 -4.500
v 34.500 11.500 -2.500
v 38.500 11.500 -2.500
v 34.500 11.500 -1.500
v 34.500 11.500 -0.500
v 39.500 11.500 -0.500
v 34.500 11.500 0.500
v 29.500 11.500 2.500
v 28.500 11.500 3.500
v 30.500 11.500 3.500
v 30.500 11.500 2.500
v 28.500 11.500 2.500
v 31.500 11.500 3.500
v 33.500 11.500 3.500
v 33.500 11.500 2.500
v 31.500 11.500 2.500
v 28.500 11.500 4.500
v 29.500 11.500 3.500
v 33.500 11.500 4.500
v 27.500 11.500 6.500
v 28.500 11.500 7.500
v 29.500 11.500 7.500
v 29.500 11.500 6.500
v 28.500 11.500 6.500
v 29.500 11.500 8.500
v 30.500 11.500 8.500
v 30.500 11.500 7.500
v 28.500 11.500 9.500
v 31.500 11.500 9.500
v 31.500 11.500 8.500
v 28.500 11.500 8.500
v 33.500 6.500 -6.500
v 33.500 6.500 -5.500
v 33.500 7.500 -5.500
v 33.500 7.500 -6.500
v 33.500 9.500 -5.500
v 33.500 8.500 2.500
v 34.500 6.500 -5.500
v 34.500 7.500 -5.500
v 34.500 4.500 3.500
v 34.500 4.500 2.500
v 34.500 5.500 2.500
v 34.500 5.500 3.500
v 34.500 2.500 8.500
v 34.500 2.500 7.500
v 34.500 3.500 7.500
v 34.500 3.500 8.500
v 37.500 10.500 -4.500
v 38.500 10.500 -4.500
v 38.500 10.500 -5.500
v 37.500 10.500 -5.500
v 31.500 10.500 3.500
v 30.500 10.500 3.500
v 28.500 10.500 6.500
v 29.500 10.500 6.500
v 27.500 10.500 7.500
v 28.500 10.500 7.500
v 27.500 10.500 6.500
v 29.500 10.500 7.500
v 30.500 10.500 7.500
v 30.500 10.500 6.500
v 30.500 10.500 8.500
v 31.500 10.500 8.500
v 31.500 10.500 7.500
v 29.500 10.500 9.500
v 30.500 10.500 9.500
v 29.500 10.500 8.500
v 34.500 4.375 5.500
v 37.500 4.375 5.500
v 37.500 4.375 4.500
v 34.500 4.375 4.500
v 31.500 4.375 6.500
v 38.500 4.375 6.500
v 38.500 4.375 5.500
v 31.500 4.375 5.500
v 31.500 4.375 7.500
v 37.500 4.375 7.500
v 37.500 4.375 6.500
v 30.500 4.375 9.500
v 37.500 4.375 9.500
v 30.500 4.375 7.500
v 30.500 5.500 -6.500
v 27.500 5.500 -6.500
v 32.500 5.500 -2.500
v 39.500 5.500 -1.500
v 39.500 5.500 -0.500
v 39.500 5.500 2.500
v 28.500 5.500 3.500
v 28.500 5.500 2.500
v 27.500 5.500 5.500
v 30.500 5.500 3.500
v 27.500 5.500 3.500
v 31.500 5.500 3.500
v 38.500 5.500 6.500
v 39.500 5.500 6.500
v 27.500 5.500 6.500
v 28.500 5.500 6.500
v 27.500 5.500 7.500
v 29.500 5.500 7.500
v 29.500 5.500 6.500
v 27.500 5.500 9.500
v 28.500 5.500 9.500
v 28.500 5.500 7.500
v 39.500 4.500 3.500
v 39.500 4.500 2.500
v 35.500 4.500 3.500
v 29.500 4.500 7.500
v 31.500 4.500 7.500
v 37.500 4.500 7.500
v 38.500 4.500 7.500
v 38.500 4.500 6.500
v 37.500 4.500 6.500
v 39.500 4.500 7.500
v 39.500 4.500 6.500
v 28.500 4.500 8.500
v 30.500 4.500 8.500
v 30.500 4.500 7.500
v 28.500 4.500 7.500
v 37.500 4.500 9.500
v 39.500 4.500 9.500
v 28.500 4.500 9.500
v 29.500 4.500 9.500
v 29.500 4.500 8.500
v 31.500 3.500 6.500
v 32.500 3.500 6.500
v 37.500 3.500 6.500
v 38.500 3.500 6.500
v 31.500 3.500 7.500
v 35.500 3.500 7.500
v 35.500 3.500 6.500
v 36.500 3.500 8.500
v 37.500 3.500 8.500
v 36.500 3.500 6.500
v 30.500 3.500 9.500
v 32.500 3.500 7.500
v 30.500 3.500 7.500
v 35.500 2.500 7.500
v 36.500 2.500 7.500
v 36.500 2.500 6.500
v 35.500 2.500 6.500
v 36.500 2.500 8.500
v 37.500 2.500 9.500
v 37.500 2.500 8.500
v 28.500 9.500 -4.500
v 33.500 9.500 -4.500
v 28.500 9.500 -5.500
v 39.500 9.500 -3.500
v 37.500 9.500 -5.500
v 39.500 9.500 -5.500
v 28.500 9.500 -3.500
v 30.500 9.500 -4.500
v 33.500 9.500 -3.500
v 31.500 9.500 -4.500
v 33.500 9.500 -2.500
v 39.500 9.500 -2.500
v 39.500 9.500 -1.500
v 34.500 9.500 -1.500
v 36.500 9.500 -0.500
v 34.500 9.500 -0.500
v 36.500 9.500 -1.500
v 39.500 9.500 -0.500
v 37.500 9.500 -0.500
v 37.500 9.500 -1.500
v 34.500 9.500 0.500
v 28.500 9.500 3.500
v 27.500 9.500 3.500
v 30.500 9.500 7.500
v 31.500 9.500 7.500
v 31.500 9.500 6.500
v 30.500 9.500 6.500
v 27.500 9.500 8.500
v 29.500 9.500 8.500
v 29.500 9.500 7.500
v 27.500 9.500 7.500
v 31.500 9.500 9.500
v 27.500 9.500 9.500
v 28.500 9.500 9.500
v 28.500 9.500 8.500
v 29.500 8.500 2.500
v 30.500 8.500 3.500
v 28.500 8.500 3.500
v 28.500 8.500 2.500
v 30.500 8.500 2.500
v 33.500 8.500 3.500
v 31.500 8.500 3.500
v 31.500 8.500 2.500
v 33.500 8.500 4.500
v 31.500 8.500 5.500
v 31.500 8.500 6.500
v 31.500 8.500 7.500
v 39.500 7.500 -5.500
v 39.500 7.500 -6.500
v 33.500 7.500 -3.500
v 28.500 7.500 -3.500
v 28.500 7.500 -5.500
v 34.500 7.500 -4.500
v 39.500 7.500 -4.500
v 38.500 7.500 -4.500
v 30.500 7.500 -2.500
v 28.500 7.500 -2.500
v 30.500 7.500 -3.500
v 33.500 7.500 -2.500
v 31.500 7.500 -2.500
v 31.500 7.500 -3.500
v 35.500 7.500 -2.500
v 28.500 7.500 -1.500
v 31.500 7.500 3.500
v 30.500 7.500 3.500
v 30.500 7.500 2.500
v 31.500 7.500 2.500
v 30.500 7.500 4.500
v 27.500 7.500 4.500
v 27.500 7.500 3.500
v 31.500 7.500 5.500
v 27.500 7.500 5.500
v 28.500 7.500 6.500
v 27.500 7.500 6.500
v 28.500 7.500 5.500
v 31.500 7.500 6.500
v 29.500 7.500 6.500
v 29.500 7.500 5.500
v 32.500 7.500 8.500
v 27.500 7.500 8.500
v 29.500 7.500 9.500
v 27.500 7.500 9.500
v 29.500 7.500 8.500
v 30.500 7.500 9.500
v 30.500 7.500 8.500
v 37.500 9.500 -4.500
v 37.500 3.500 7.500
v 37.500 3.500 9.500
v 30.500 6.500 -5.500
v 30.500 6.500 -6.500
v 39.500 6.500 -3.500
v 39.500 6.500 -4.500
v 38.500 6.500 -4.500
v 27.500 6.500 -0.500
v 32.500 6.500 -1.500
v 27.500 6.500 2.500
v 27.500 6.500 3.500
v 28.500 6.500 3.500
v 28.500 6.500 2.500
v 30.500 12.500 2.500
v 31.500 12.500 2.500
v 27.500 8.500 3.500
v 29.500 12.500 3.500
v 30.500 12.500 3.500
v 31.500 12.500 3.500
v 28.500 12.500 -6.500
v 28.500 12.500 -5.500
v 28.500 17.500 -6.500
v 28.500 17.500 -5.500
v 28.500 18.500 -5.500
v 28.500 18.500 -6.500
v 28.500 12.500 -4.500
v 28.500 15.500 -4.500
v 28.500 16.500 -4.500
v 27.500 17.500 -5.500
v 27.500 17.500 -6.500
v 29.500 17.500 -5.500
v 31.500 17.500 -5.500
v 31.500 17.500 -6.500
v 29.500 17.500 -6.500
v 27.500 17.500 -4.500
v 30.500 17.500 -4.500
v 30.500 17.500 -5.500
v 29.500 12.500 -6.500
v 29.500 12.500 -5.500
v 29.500 18.500 -6.500
v 29.500 18.500 -5.500
v 29.500 13.500 -5.500
v 29.500 13.500 -6.500
v 29.500 12.500 -4.500
v 29.500 13.500 -4.500
v 29.500 9.500 -2.500
v 29.500 4.500 6.500
v 30.500 13.500 -6.500
v 30.500 13.500 -5.500
v 30.500 12.500 -5.500
v 30.500 12.500 -6.500
v 30.500 12.500 -4.500
v 30.500 13.500 -4.500
v 30.500 16.500 -4.500
v 30.500 16.500 -5.500
v 30.500 6.500 -2.500
v 30.500 3.500 8.500
v 30.500 4.500 9.500
v 32.500 13.500 -5.500
v 31.500 13.500 -5.500
v 31.500 13.500 -6.500
v 31.500 13.500 -4.500
v 31.500 12.500 -5.500
v 31.500 12.500 -6.500
v 31.500 16.500 -5.500
v 31.500 16.500 -6.500
v 31.500 16.500 -4.500
v 31.500 9.500 8.500
v 27.500 15.500 -4.500
v 27.500 12.500 -5.500
v 27.500 12.500 -6.500
v 27.500 12.500 -4.500
v 27.500 15.500 -5.500
v 27.500 5.500 -2.500
v 27.500 6.500 -2.500
v 27.500 9.500 5.500
v 27.500 9.500 6.500
v 27.500 7.500 7.500
v 27.500 8.500 8.500
v 27.500 8.500 7.500
v 32.500 16.500 -5.500
v 32.500 10.500 6.500
v 32.500 9.500 6.500
v 28.500 10.500 9.500
v 29.500 11.500 9.500
v 29.500 3.500 9.500
v 31.500 10.500 9.500
v 30.500 11.500 9.500
v 31.500 2.500 9.500
v 31.500 3.500 9.500
v 27.500 16.500 -4.500
v 39.500 10.500 -5.500
v 31.500 2.500 17.500
v 32.500 2.375 17.500
v 32.500 2.500 16.500
v 31.500 2.500 16.500
v 29.500 3.500 18.500
v 30.500 3.375 18.500
v 30.500 3.500 17.500
v 29.500 3.500 17.500
v 31.500 3.375 18.500
v 31.500 3.500 17.500
v 31.500 1.500 18.500
v 32.500 1.375 18.500
v 32.500 1.500 17.500
v 31.500 1.500 17.500
v 27.500 3.375 19.500
v 28.500 3.375 19.500
v 28.500 3.500 18.500
v 27.500 3.500 18.500
v 28.500 2.500 19.500
v 29.500 2.375 19.500
v 29.500 2.500 18.500
v 28.500 2.500 18.500
v 30.500 2.375 19.500
v 30.500 2.500 18.500
v 31.500 2.375 19.500
v 31.500 2.500 18.500
v 31.500 1.500 19.500
v 32.500 1.375 19.500
v 27.500 2.375 20.500
v 28.500 2.375 20.500
v 27.500 2.500 19.500
v 29.500 2.375 20.500
v 31.500 1.500 20.500
v 32.500 1.375 20.500
v 32.500 0.500 20.500
v 33.500 0.375 20.500
v 33.500 0.375 19.500
v 32.500 0.500 19.500
v 31.500 1.500 21.500
v 32.500 1.500 21.500
v 32.500 0.500 21.500
v 33.500 0.375 21.500
v 27.500 2.500 22.500
v 28.500 2.500 22.500
v 28.500 2.375 21.500
v 27.500 2.375 21.500
v 29.500 2.500 22.500
v 29.500 2.375 21.500
v 30.500 2.375 22.500
v 30.500 2.375 21.500
v 32.500 0.500 22.500
v 33.500 0.500 22.500
v 29.500 2.500 23.500
v 30.500 2.500 23.500
v 31.500 2.375 23.500
v 31.500 2.375 22.500
v 32.500 1.500 23.500
v 33.500 1.375 23.500
v 33.500 1.375 22.500
v 32.500 1.500 22.500
v 30.500 2.500 24.500
v 31.500 2.375 24.500
v 32.500 1.500 24.500
v 33.500 1.375 24.500
v 27.500 3.500 25.500
v 28.500 3.500 25.500
v 28.500 3.375 24.500
v 27.500 3.375 24.500
v 29.500 3.375 25.500
v 29.500 3.375 24.500
v 30.500 2.500 25.500
v 31.500 2.375 25.500
v 32.500 1.500 25.500
v 33.500 1.375 25.500
v 32.500 7.500 10.500
v 32.500 9.500 10.500
v 32.500 8.500 11.500
v 32.500 8.500 10.500
v 32.500 9.500 11.500
v 32.500 2.500 15.500
v 32.500 3.500 16.500
v 32.500 3.500 15.500
v 32.500 1.500 16.500
v 32.500 2.500 17.500
v 32.500 4.500 16.500
v 32.500 4.500 17.500
v 32.500 5.500 17.500
v 32.500 5.500 16.500
v 32.500 6.500 17.500
v 32.500 6.500 16.500
v 32.500 8.500 21.500
v 32.500 8.500 17.500
v 32.500 10.500 17.500
v 32.500 10.500 21.500
v 32.500 0.500 17.500
v 32.500 0.500 18.500
v 32.500 1.500 18.500
v 32.500 -0.500 18.500
v 32.500 -0.500 19.500
v 32.500 1.500 19.500
v 32.500 7.500 18.500
v 32.500 7.500 19.500
v 32.500 8.500 19.500
v 32.500 8.500 18.500
v 32.500 2.500 22.500
v 32.500 2.500 21.500
v 32.500 2.500 25.500
v 32.500 11.500 25.500
v 32.500 11.500 24.500
v 32.500 13.500 24.500
v 32.500 13.500 25.500
v 29.500 11.500 10.500
v 30.500 11.500 10.500
v 29.500 11.500 20.500
v 30.500 11.500 20.500
v 30.500 11.500 19.500
v 29.500 11.500 19.500
v 28.500 11.500 21.500
v 29.500 11.500 21.500
v 28.500 11.500 20.500
v 30.500 11.500 21.500
v 31.500 11.500 21.500
v 31.500 11.500 20.500
v 37.500 11.500 22.500
v 38.500 11.500 22.500
v 38.500 11.500 21.500
v 37.500 11.500 21.500
v 29.500 11.500 25.500
v 29.500 11.500 24.500
v 33.500 2.500 14.500
v 33.500 2.500 15.500
v 33.500 3.500 15.500
v 33.500 3.500 14.500
v 33.500 3.500 16.500
v 33.500 4.500 16.500
v 33.500 4.500 15.500
v 33.500 7.500 17.500
v 33.500 7.500 18.500
v 33.500 8.500 18.500
v 33.500 8.500 17.500
v 33.500 -0.500 19.500
v 33.500 -0.500 21.500
v 33.500 0.500 21.500
v 33.500 0.500 19.500
v 33.500 -0.500 22.500
v 33.500 8.500 21.500
v 33.500 8.500 23.500
v 33.500 9.500 23.500
v 33.500 9.500 21.500
v 33.500 -0.500 25.500
v 33.500 1.500 25.500
v 33.500 1.500 22.500
v 28.500 10.500 10.500
v 29.500 10.500 10.500
v 30.500 10.500 10.500
v 31.500 10.500 10.500
v 27.500 10.500 18.500
v 32.500 10.500 18.500
v 27.500 10.500 17.500
v 39.500 10.500 18.500
v 38.500 10.500 18.500
v 38.500 10.500 17.500
v 39.500 10.500 17.500
v 27.500 10.500 19.500
v 29.500 10.500 19.500
v 29.500 10.500 18.500
v 30.500 10.500 19.500
v 32.500 10.500 19.500
v 30.500 10.500 18.500
v 39.500 10.500 22.500
v 37.500 10.500 22.500
v 37.500 10.500 18.500
v 27.500 10.500 21.500
v 28.500 10.500 21.500
v 28.500 10.500 19.500
v 31.500 10.500 21.500
v 31.500 10.500 19.500
v 27.500 10.500 22.500
v 31.500 10.500 22.500
v 34.500 4.500 15.500
v 34.500 4.500 16.500
v 34.500 5.500 16.500
v 34.500 5.500 15.500
v 34.500 6.500 16.500
v 34.500 6.500 15.500
v 34.500 6.500 17.500
v 34.500 7.500 17.500
v 34.500 7.500 16.500
v 34.500 8.500 23.500
v 34.500 8.500 25.500
v 34.500 9.500 25.500
v 34.500 9.500 23.500
v 29.500 4.375 11.500
v 37.500 4.375 11.500
v 29.500 4.375 9.500
v 28.500 4.375 13.500
v 37.500 4.375 13.500
v 28.500 4.375 11.500
v 27.500 4.375 14.500
v 36.500 4.375 14.500
v 36.500 4.375 13.500
v 27.500 4.375 13.500
v 27.500 4.375 15.500
v 35.500 4.375 15.500
v 35.500 4.375 14.500
v 27.500 4.375 16.500
v 33.500 4.375 16.500
v 33.500 4.375 15.500
v 27.500 4.375 17.500
v 31.500 4.375 17.500
v 31.500 4.375 16.500
v 27.500 4.375 18.500
v 29.500 4.375 18.500
v 29.500 4.375 17.500
v 27.500 5.500 10.500
v 28.500 5.500 10.500
v 37.500 5.500 11.500
v 38.500 5.500 11.500
v 38.500 5.500 9.500
v 37.500 5.500 9.500
v 37.500 5.500 13.500
v 39.500 5.500 13.500
v 39.500 5.500 11.500
v 36.500 5.500 14.500
v 38.500 5.500 14.500
v 38.500 5.500 13.500
v 36.500 5.500 13.500
v 36.500 5.500 15.500
v 37.500 5.500 15.500
v 37.500 5.500 14.500
v 28.500 4.500 10.500
v 29.500 4.500 10.500
v 38.500 4.500 11.500
v 39.500 4.500 11.500
v 38.500 4.500 9.500
v 27.500 4.500 11.500
v 29.500 4.500 11.500
v 27.500 4.500 10.500
v 27.500 4.500 13.500
v 28.500 4.500 13.500
v 28.500 4.500 11.500
v 35.500 4.500 15.500
v 36.500 4.500 15.500
v 36.500 4.500 14.500
v 35.500 4.500 14.500
v 31.500 4.500 17.500
v 31.500 4.500 16.500
v 29.500 3.500 11.500
v 31.500 3.500 11.500
v 28.500 3.500 12.500
v 31.500 3.500 12.500
v 28.500 3.500 11.500
v 36.500 3.500 13.500
v 37.500 3.500 13.500
v 37.500 3.500 11.500
v 36.500 3.500 11.500
v 28.500 3.500 13.500
v 30.500 3.500 13.500
v 30.500 3.500 12.500
v 27.500 3.500 15.500
v 30.500 3.500 15.500
v 27.500 3.500 13.500
v 35.500 3.500 15.500
v 35.500 3.500 14.500
v 27.500 3.500 17.500
v 29.500 3.500 15.500
v 31.500 3.500 18.500
v 28.500 3.500 19.500
v 27.500 3.500 19.500
v 29.500 3.500 23.500
v 27.500 3.500 23.500
v 27.500 3.500 22.500
v 29.500 3.500 22.500
v 30.500 3.500 25.500
v 30.500 3.500 23.500
v 31.500 2.500 10.500
v 34.500 2.500 10.500
v 34.500 2.500 9.500
v 35.500 2.500 10.500
v 35.500 2.500 9.500
v 37.500 2.500 10.500
v 31.500 2.500 11.500
v 37.500 2.500 11.500
v 31.500 2.500 12.500
v 36.500 2.500 12.500
v 36.500 2.500 11.500
v 30.500 2.500 14.500
v 36.500 2.500 14.500
v 30.500 2.500 12.500
v 30.500 2.500 15.500
v 29.500 2.500 16.500
v 29.500 2.500 15.500
v 27.500 2.500 18.500
v 29.500 2.500 17.500
v 27.500 2.500 17.500
v 31.500 2.500 19.500
v 30.500 2.500 20.500
v 27.500 2.500 20.500
v 30.500 2.500 19.500
v 29.500 2.500 21.500
v 27.500 2.500 21.500
v 29.500 2.500 20.500
v 31.500 2.500 21.500
v 31.500 2.500 20.500
v 32.500 2.500 23.500
v 27.500 9.500 10.500
v 28.500 9.500 10.500
v 31.500 9.500 10.500
v 28.500 9.500 11.500
v 28.500 9.500 18.500
v 27.500 9.500 18.500
v 27.500 9.500 17.500
v 28.500 9.500 17.500
v 38.500 9.500 18.500
v 39.500 9.500 18.500
v 39.500 9.500 17.500
v 38.500 9.500 17.500
v 35.500 9.500 21.500
v 39.500 9.500 21.500
v 35.500 9.500 18.500
v 28.500 9.500 22.500
v 27.500 9.500 22.500
v 27.500 9.500 21.500
v 28.500 9.500 21.500
v 39.500 9.500 23.500
v 39.500 9.500 25.500
v 35.500 7.500 16.500
v 35.500 7.500 17.500
v 35.500 8.500 17.500
v 35.500 8.500 16.500
v 35.500 8.500 18.500
v 35.500 8.500 21.500
v 31.500 8.500 11.500
v 31.500 8.500 10.500
v 39.500 8.500 17.500
v 39.500 8.500 16.500
v 28.500 8.500 18.500
v 28.500 8.500 17.500
v 38.500 8.500 18.500
v 38.500 8.500 17.500
v 27.500 8.500 19.500
v 27.500 8.500 18.500
v 35.500 8.500 19.500
v 29.500 8.500 21.500
v 27.500 8.500 21.500
v 29.500 8.500 19.500
v 31.500 8.500 20.500
v 30.500 8.500 20.500
v 30.500 8.500 19.500
v 31.500 8.500 19.500
v 35.500 8.500 20.500
v 29.500 8.500 20.500
v 27.500 8.500 23.500
v 27.500 8.500 25.500
v 36.500 2.500 13.500
v 36.500 4.500 13.500
v 36.500 6.500 15.500
v 36.500 6.500 16.500
v 36.500 7.500 16.500
v 36.500 7.500 15.500
v 27.500 7.500 10.500
v 31.500 7.500 11.500
v 28.500 7.500 11.500
v 28.500 7.500 10.500
v 31.500 7.500 10.500
v 38.500 7.500 15.500
v 39.500 7.500 15.500
v 39.500 7.500 14.500
v 38.500 7.500 14.500
v 39.500 7.500 16.500
v 31.500 7.500 18.500
v 31.500 7.500 17.500
v 30.500 7.500 19.500
v 30.500 7.500 18.500
v 27.500 7.500 21.500
v 29.500 7.500 21.500
v 29.500 7.500 19.500
v 27.500 7.500 19.500
v 30.500 7.500 20.500
v 31.500 7.500 20.500
v 31.500 7.500 19.500
v 37.500 4.500 11.500
v 37.500 4.500 13.500
v 37.500 6.500 15.500
v 37.500 6.500 14.500
v 37.500 10.500 21.500
v 37.500 12.500 21.500
v 37.500 12.500 18.500
v 29.500 1.500 16.500
v 31.500 3.500 16.500
v 35.500 6.500 16.500
v 38.500 6.500 14.500
v 38.500 6.500 13.500
v 38.500 6.500 15.500
v 38.500 12.500 18.500
v 38.500 12.500 17.500
v 38.500 12.500 19.500
v 38.500 13.500 19.500
v 38.500 13.500 18.500
v 38.500 12.500 20.500
v 38.500 14.500 20.500
v 38.500 14.500 19.500
v 38.500 12.500 21.500
v 38.500 13.500 21.500
v 38.500 13.500 20.500
v 38.500 12.500 22.500
v 39.500 6.500 14.500
v 39.500 6.500 13.500
v 29.500 6.500 18.500
v 31.500 6.500 18.500
v 31.500 6.500 17.500
v 29.500 6.500 17.500
v 27.500 6.500 19.500
v 30.500 6.500 19.500
v 30.500 6.500 18.500
v 27.500 6.500 18.500
v 29.500 0.500 17.500
v 29.500 1.500 17.500
v 32.500 9.500 17.500
v 29.500 4.500 17.500
v 29.500 5.500 17.500
v 31.500 5.500 17.500
v 33.500 6.500 17.500
v 39.500 12.500 17.500
v 27.500 -0.500 18.500
v 31.500 -0.500 18.500
v 31.500 0.500 18.500
v 27.500 0.500 18.500
v 29.500 0.500 18.500
v 27.500 5.500 18.500
v 29.500 5.500 18.500
v 29.500 12.500 18.500
v 30.500 12.500 18.500
v 39.500 12.500 18.500
v 39.500 13.500 18.500
v 29.500 6.500 19.500
v 28.500 12.500 19.500
v 29.500 12.500 19.500
v 30.500 1.500 19.500
v 30.500 12.500 19.500
v 31.500 12.500 19.500
v 39.500 13.500 19.500
v 39.500 14.500 19.500
v 29.500 12.500 20.500
v 28.500 12.500 20.500
v 30.500 1.500 20.500
v 31.500 12.500 20.500
v 30.500 12.500 20.500
v 39.500 13.500 20.500
v 39.500 14.500 20.500
v 28.500 8.500 21.500
v 30.500 12.500 21.500
v 29.500 12.500 21.500
v 31.500 8.500 21.500
v 39.500 12.500 21.500
v 39.500 13.500 21.500
v 31.500 9.500 22.500
v 28.500 8.500 22.500
v 31.500 8.500 22.500
v 39.500 11.500 22.500
v 39.500 12.500 22.500
v 32.500 12.500 24.500
v 28.500 12.500 24.500
v 28.500 13.500 24.500
v 29.500 12.500 24.500
v 28.500 4.500 25.500
v 27.500 4.500 25.500
v 35.500 8.500 25.500
v 35.500 9.500 25.500
v 34.500 3.500 15.500
v 32.500 1.500 20.500
v 31.500 0.500 17.500
v 30.500 2.375 20.500
v 31.500 2.375 21.500
v 31.500 2.375 20.500
v 32.500 2.375 22.500
v 32.500 2.375 21.500
v 32.500 2.375 25.500
v 28.500 10.500 20.500
v 28.500 12.500 25.500
v 28.500 13.500 25.500
v 29.500 3.500 16.500
v 29.500 7.500 20.500
v 29.500 12.500 25.500
v 31.500 10.500 20.500
v 27.500 7.500 24.500
v 27.500 7.500 25.500
v 27.500 8.500 24.500
v 27.500 3.375 23.500
v 29.500 3.375 23.500
v 29.500 3.375 22.500
v 27.500 3.375 22.500
v 30.500 3.375 24.500
v 30.500 3.375 23.500
v 30.500 3.375 25.500
v 28.500 8.500 11.500
v 36.500 3.500 14.500
v 29.500 9.500 -22.500
v 30.500 9.500 -22.500
v 30.500 11.500 -22.500
v 29.500 11.500 -22.500
v 31.500 11.500 -22.500
v 32.500 11.500 -22.500
v 32.500 13.500 -22.500
v 31.500 13.500 -22.500
v 27.500 10.500 -23.500
v 29.500 10.500 -23.500
v 29.500 11.500 -23.500
v 27.500 11.500 -23.500
v 28.500 11.500 -23.500
v 28.500 12.500 -23.500
v 27.500 12.500 -23.500
v 30.500 11.500 -23.500
v 31.500 11.500 -23.500
v 31.500 13.500 -23.500
v 30.500 13.500 -23.500
v 31.500 6.500 -23.500
v 32.500 6.500 -23.500
v 32.500 12.500 -23.500
v 31.500 12.500 -23.500
v 32.500 11.500 -23.500
v 33.500 11.500 -23.500
v 33.500 13.500 -23.500
v 32.500 13.500 -23.500
v 30.500 6.500 -23.500
v 29.500 6.500 -23.500
v 29.500 7.500 -23.500
v 30.500 7.500 -23.500
v 36.500 8.500 -23.500
v 33.500 8.500 -23.500
v 33.500 9.500 -23.500
v 36.500 9.500 -23.500
v 34.500 9.500 -23.500
v 34.500 10.500 -23.500
v 36.500 10.500 -23.500
v 32.500 11.500 -36.500
v 32.500 11.500 -35.500
v 32.500 12.500 -35.500
v 32.500 12.500 -36.500
v 32.500 5.500 -35.500
v 32.500 5.500 -34.500
v 32.500 11.500 -34.500
v 32.500 10.500 -34.500
v 32.500 10.500 -33.500
v 32.500 12.500 -33.500
v 32.500 12.500 -34.500
v 32.500 9.500 -31.500
v 32.500 9.500 -32.500
v 32.500 10.500 -32.500
v 32.500 10.500 -31.500
v 32.500 9.500 -30.500
v 32.500 11.500 -31.500
v 32.500 11.500 -30.500
v 32.500 8.500 -28.500
v 32.500 8.500 -29.500
v 32.500 9.500 -29.500
v 32.500 9.500 -28.500
v 32.500 12.500 -24.500
v 32.500 12.500 -25.500
v 32.500 13.500 -25.500
v 32.500 13.500 -24.500
v 32.500 6.500 -24.500
v 31.500 11.500 -35.500
v 31.500 11.500 -36.500
v 33.500 11.500 -34.500
v 33.500 11.500 -35.500
v 28.500 11.500 -33.500
v 27.500 11.500 -33.500
v 27.500 11.500 -34.500
v 28.500 11.500 -34.500
v 27.500 11.500 -32.500
v 28.500 11.500 -32.500
v 29.500 11.500 -32.500
v 29.500 11.500 -33.500
v 28.500 11.500 -31.500
v 27.500 11.500 -31.500
v 30.500 11.500 -31.500
v 31.500 11.500 -31.500
v 31.500 11.500 -32.500
v 30.500 11.500 -32.500
v 29.500 11.500 -30.500
v 29.500 11.500 -31.500
v 30.500 11.500 -29.500
v 31.500 11.500 -29.500
v 31.500 11.500 -30.500
v 30.500 11.500 -30.500
v 34.500 11.500 -27.500
v 35.500 11.500 -27.500
v 35.500 11.500 -28.500
v 34.500 11.500 -28.500
v 36.500 11.500 -27.500
v 37.500 11.500 -27.500
v 37.500 11.500 -28.500
v 36.500 11.500 -28.500
v 35.500 11.500 -26.500
v 36.500 11.500 -26.500
v 29.500 11.500 -25.500
v 33.500 11.500 -25.500
v 33.500 11.500 -26.500
v 29.500 11.500 -26.500
v 34.500 11.500 -25.500
v 35.500 11.500 -25.500
v 34.500 11.500 -26.500
v 29.500 11.500 -24.500
v 31.500 11.500 -24.500
v 31.500 11.500 -25.500
v 34.500 11.500 -23.500
v 30.500 11.500 -24.500
v 28.500 11.500 -24.500
v 34.500 11.500 -22.500
v 33.500 10.500 -35.500
v 33.500 10.500 -36.500
v 33.500 12.500 -36.500
v 33.500 12.500 -35.500
v 33.500 5.500 -34.500
v 33.500 5.500 -35.500
v 33.500 10.500 -33.500
v 33.500 10.500 -34.500
v 33.500 12.500 -34.500
v 33.500 12.500 -33.500
v 33.500 7.500 -32.500
v 33.500 7.500 -33.500
v 33.500 8.500 -33.500
v 33.500 8.500 -32.500
v 33.500 7.500 -29.500
v 33.500 9.500 -32.500
v 33.500 9.500 -29.500
v 33.500 7.500 -28.500
v 33.500 8.500 -29.500
v 33.500 8.500 -28.500
v 33.500 8.500 -26.500
v 33.500 10.500 -26.500
v 33.500 10.500 -28.500
v 33.500 10.500 -25.500
v 33.500 8.500 -24.500
v 33.500 9.500 -24.500
v 33.500 9.500 -26.500
v 33.500 11.500 -24.500
v 33.500 12.500 -25.500
v 33.500 12.500 -24.500
v 33.500 13.500 -24.500
v 33.500 8.500 -22.500
v 33.500 9.500 -22.500
v 34.500 6.500 -37.500
v 34.500 8.500 -37.500
v 34.500 9.500 -36.500
v 34.500 9.500 -37.500
v 34.500 10.500 -37.500
v 34.500 10.500 -36.500
v 34.500 10.500 -34.500
v 34.500 10.500 -35.500
v 34.500 12.500 -35.500
v 34.500 12.500 -34.500
v 34.500 8.500 -32.500
v 34.500 8.500 -33.500
v 34.500 10.500 -33.500
v 34.500 10.500 -32.500
v 34.500 8.500 -29.500
v 34.500 8.500 -28.500
v 34.500 10.500 -28.500
v 34.500 10.500 -29.500
v 34.500 10.500 -27.500
v 34.500 10.500 -26.500
v 34.500 12.500 -26.500
v 34.500 12.500 -27.500
v 34.500 10.500 -25.500
v 34.500 10.500 -24.500
v 34.500 11.500 -24.500
v 34.500 9.500 -24.500
v 34.500 10.500 -22.500
v 28.500 10.500 -34.500
v 27.500 10.500 -34.500
v 27.500 10.500 -37.500
v 28.500 10.500 -37.500
v 30.500 10.500 -36.500
v 30.500 10.500 -37.500
v 30.500 10.500 -34.500
v 31.500 10.500 -34.500
v 31.500 10.500 -36.500
v 35.500 10.500 -35.500
v 35.500 10.500 -36.500
v 35.500 10.500 -34.500
v 30.500 10.500 -33.500
v 35.500 10.500 -33.500
v 31.500 10.500 -32.500
v 31.500 10.500 -33.500
v 31.500 10.500 -31.500
v 30.500 10.500 -30.500
v 31.500 10.500 -30.500
v 30.500 10.500 -31.500
v 37.500 10.500 -28.500
v 37.500 10.500 -29.500
v 28.500 10.500 -27.500
v 27.500 10.500 -27.500
v 27.500 10.500 -28.500
v 28.500 10.500 -28.500
v 37.500 10.500 -26.500
v 38.500 10.500 -26.500
v 38.500 10.500 -28.500
v 29.500 10.500 -26.500
v 27.500 10.500 -26.500
v 29.500 10.500 -27.500
v 30.500 10.500 -25.500
v 27.500 10.500 -25.500
v 30.500 10.500 -26.500
v 36.500 10.500 -25.500
v 38.500 10.500 -25.500
v 36.500 10.500 -26.500
v 29.500 10.500 -25.500
v 37.500 10.500 -24.500
v 37.500 10.500 -25.500
v 36.500 10.500 -22.500
v 27.500 5.500 -35.500
v 39.500 5.500 -35.500
v 27.500 5.500 -34.500
v 39.500 5.500 -34.500
v 27.500 5.500 -32.500
v 39.500 5.500 -32.500
v 28.500 5.500 -31.500
v 39.500 5.500 -31.500
v 28.500 5.500 -32.500
v 29.500 5.500 -30.500
v 30.500 5.500 -30.500
v 30.500 5.500 -31.500
v 29.500 5.500 -31.500
v 31.500 5.500 -30.500
v 39.500 5.500 -30.500
v 31.500 5.500 -31.500
v 38.500 5.500 -25.500
v 39.500 5.500 -25.500
v 39.500 5.500 -26.500
v 38.500 5.500 -26.500
v 31.500 9.500 -36.500
v 30.500 9.500 -36.500
v 30.500 9.500 -37.500
v 31.500 9.500 -37.500
v 35.500 9.500 -36.500
v 35.500 9.500 -37.500
v 28.500 9.500 -32.500
v 31.500 9.500 -32.500
v 31.500 9.500 -33.500
v 28.500 9.500 -33.500
v 28.500 9.500 -31.500
v 30.500 9.500 -31.500
v 30.500 9.500 -32.500
v 33.500 9.500 -30.500
v 28.500 9.500 -30.500
v 29.500 9.500 -30.500
v 29.500 9.500 -31.500
v 28.500 9.500 -29.500
v 30.500 9.500 -29.500
v 30.500 9.500 -30.500
v 31.500 9.500 -29.500
v 31.500 9.500 -30.500
v 28.500 9.500 -28.500
v 37.500 9.500 -28.500
v 38.500 9.500 -28.500
v 38.500 9.500 -29.500
v 37.500 9.500 -29.500
v 33.500 9.500 -25.500
v 30.500 9.500 -25.500
v 30.500 9.500 -26.500
v 29.500 9.500 -24.500
v 29.500 9.500 -25.500
v 37.500 9.500 -24.500
v 38.500 9.500 -24.500
v 38.500 9.500 -25.500
v 37.500 9.500 -25.500
v 31.500 9.500 -23.500
v 29.500 9.500 -23.500
v 31.500 9.500 -24.500
v 32.500 9.500 -23.500
v 32.500 9.500 -24.500
v 35.500 8.500 -36.500
v 35.500 8.500 -37.500
v 35.500 8.500 -33.500
v 35.500 12.500 -27.500
v 35.500 12.500 -28.500
v 35.500 6.500 -27.500
v 35.500 6.500 -26.500
v 35.500 12.500 -25.500
v 35.500 12.500 -26.500
v 38.500 8.500 -37.500
v 31.500 8.500 -36.500
v 31.500 8.500 -37.500
v 35.500 8.500 -35.500
v 30.500 8.500 -35.500
v 30.500 8.500 -36.500
v 32.500 8.500 -34.500
v 30.500 8.500 -34.500
v 32.500 8.500 -35.500
v 35.500 8.500 -34.500
v 33.500 8.500 -34.500
v 33.500 8.500 -35.500
v 30.500 8.500 -33.500
v 38.500 8.500 -28.500
v 38.500 8.500 -29.500
v 38.500 8.500 -27.500
v 33.500 8.500 -27.500
v 35.500 8.500 -26.500
v 35.500 8.500 -27.500
v 38.500 8.500 -26.500
v 36.500 8.500 -26.500
v 36.500 8.500 -27.500
v 38.500 8.500 -24.500
v 36.500 8.500 -22.500
v 36.500 12.500 -28.500
v 36.500 12.500 -27.500
v 36.500 6.500 -26.500
v 36.500 6.500 -27.500
v 36.500 12.500 -26.500
v 36.500 12.500 -25.500
v 33.500 7.500 -31.500
v 28.500 7.500 -31.500
v 28.500 7.500 -33.500
v 30.500 7.500 -30.500
v 28.500 7.500 -30.500
v 30.500 7.500 -31.500
v 33.500 7.500 -30.500
v 31.500 7.500 -30.500
v 31.500 7.500 -31.500
v 28.500 7.500 -28.500
v 27.500 7.500 -25.500
v 28.500 7.500 -25.500
v 28.500 7.500 -26.500
v 27.500 7.500 -26.500
v 27.500 7.500 -23.500
v 29.500 7.500 -25.500
v 27.500 7.500 -22.500
v 30.500 7.500 -22.500
v 37.500 10.500 -27.500
v 37.500 12.500 -27.500
v 37.500 12.500 -26.500
v 38.500 6.500 -37.500
v 27.500 6.500 -31.500
v 28.500 6.500 -31.500
v 28.500 6.500 -32.500
v 27.500 6.500 -32.500
v 27.500 6.500 -30.500
v 29.500 6.500 -30.500
v 29.500 6.500 -31.500
v 27.500 6.500 -27.500
v 39.500 6.500 -27.500
v 39.500 6.500 -30.500
v 27.500 6.500 -26.500
v 39.500 6.500 -26.500
v 28.500 6.500 -25.500
v 38.500 6.500 -25.500
v 38.500 6.500 -26.500
v 28.500 6.500 -26.500
v 29.500 6.500 -24.500
v 39.500 6.500 -24.500
v 39.500 6.500 -25.500
v 29.500 6.500 -25.500
v 31.500 6.500 -24.500
v 39.500 6.500 -23.500
v 30.500 6.500 -22.500
v 39.500 6.500 -22.500
v 38.500 8.500 -25.500
v 29.500 13.500 -35.500
v 27.500 13.500 -35.500
v 27.500 14.500 -35.500
v 29.500 14.500 -35.500
v 29.500 12.500 -35.500
v 28.500 12.500 -35.500
v 28.500 13.500 -35.500
v 28.500 14.500 -35.500
v 28.500 15.500 -35.500
v 29.500 15.500 -35.500
v 31.500 12.500 -35.500
v 27.500 16.500 -34.500
v 28.500 16.500 -34.500
v 28.500 17.500 -34.500
v 27.500 17.500 -34.500
v 31.500 12.500 -34.500
v 30.500 12.500 -34.500
v 29.500 12.500 -34.500
v 29.500 15.500 -34.500
v 30.500 15.500 -34.500
v 27.500 13.500 -37.500
v 28.500 13.500 -37.500
v 28.500 14.500 -37.500
v 27.500 14.500 -37.500
v 27.500 17.500 -37.500
v 28.500 17.500 -37.500
v 33.500 11.500 -36.500
v 27.500 12.500 -30.500
v 29.500 12.500 -30.500
v 29.500 15.500 -30.500
v 27.500 15.500 -30.500
v 30.500 6.500 -30.500
v 31.500 6.500 -30.500
v 34.500 9.500 -29.500
v 27.500 12.500 -32.500
v 28.500 12.500 -32.500
v 29.500 12.500 -32.500
v 28.500 15.500 -32.500
v 29.500 15.500 -32.500
v 29.500 16.500 -32.500
v 28.500 16.500 -32.500
v 34.500 9.500 -32.500
v 28.500 12.500 -31.500
v 27.500 12.500 -31.500
v 27.500 15.500 -31.500
v 28.500 15.500 -31.500
v 28.500 16.500 -31.500
v 27.500 16.500 -31.500
v 29.500 12.500 -31.500
v 30.500 12.500 -31.500
v 30.500 15.500 -31.500
v 29.500 15.500 -31.500
v 30.500 9.500 -33.500
v 27.500 12.500 -33.500
v 28.500 12.500 -33.500
v 28.500 8.500 -33.500
v 29.500 12.500 -33.500
v 29.500 15.500 -33.500
v 28.500 15.500 -33.500
v 28.500 16.500 -33.500
v 29.500 16.500 -33.500
v 28.500 10.500 -35.500
v 28.500 17.500 -35.500
v 28.500 12.500 -34.500
v 28.500 15.500 -34.500
v 28.500 12.500 -28.500
v 28.500 12.500 -27.500
v 28.500 12.500 -26.500
v 28.500 13.500 -27.500
v 28.500 13.500 -26.500
v 28.500 12.500 -25.500
v 28.500 14.500 -26.500
v 28.500 14.500 -25.500
v 28.500 12.500 -24.500
v 28.500 13.500 -25.500
v 28.500 13.500 -24.500
v 29.500 12.500 -27.500
v 29.500 12.500 -26.500
v 29.500 12.500 -24.500
v 30.500 13.500 -24.500
v 27.500 13.500 -26.500
v 27.500 13.500 -27.500
v 27.500 13.500 -24.500
v 27.500 13.500 -25.500
v 31.500 13.500 -24.500
v 31.500 13.500 -25.500
v 31.500 10.500 -35.500
v 31.500 12.500 -24.500
v 27.500 14.500 -25.500
v 27.500 14.500 -26.500
v 30.500 15.500 -33.500
v 30.500 15.500 -32.500
v 27.500 16.500 -33.500
v 27.500 16.500 -32.500
v 27.500 5.500 -31.500
v 27.500 15.500 -32.500
v 27.500 12.500 -24.500
v 30.500 12.500 -33.500
v 30.500 12.500 -32.500
v 27.500 12.500 -27.500
v 27.500 12.500 -28.500
v 36.500 11.500 -25.500
v 31.500 12.500 -25.500
v 28.500 8.500 -28.500
v 32.500 9.500 -18.500
v 37.500 9.500 -18.500
v 37.500 10.500 -18.500
v 32.500 10.500 -18.500
v 33.500 8.500 -18.500
v 36.500 8.500 -18.500
v 36.500 9.500 -18.500
v 33.500 9.500 -18.500
v 38.500 8.500 -18.500
v 39.500 8.500 -18.500
v 39.500 9.500 -18.500
v 38.500 9.500 -18.500
v 38.500 12.500 -18.500
v 39.500 12.500 -18.500
v 39.500 13.500 -18.500
v 38.500 13.500 -18.500
v 30.500 11.500 -18.500
v 28.500 11.500 -18.500
v 28.500 12.500 -18.500
v 30.500 12.500 -18.500
v 29.500 12.500 -18.500
v 28.500 13.500 -18.500
v 29.500 13.500 -18.500
v 35.500 6.500 -18.500
v 34.500 6.500 -18.500
v 34.500 7.500 -18.500
v 35.500 7.500 -18.500
v 32.500 8.500 -19.500
v 33.500 8.500 -19.500
v 33.500 9.500 -19.500
v 32.500 9.500 -19.500
v 34.500 10.500 -19.500
v 36.500 10.500 -19.500
v 36.500 11.500 -19.500
v 34.500 11.500 -19.500
v 35.500 11.500 -19.500
v 35.500 12.500 -19.500
v 34.500 12.500 -19.500
v 36.500 8.500 -19.500
v 37.500 8.500 -19.500
v 37.500 9.500 -19.500
v 36.500 9.500 -19.500
v 31.500 9.500 -19.500
v 27.500 9.500 -19.500
v 27.500 11.500 -19.500
v 31.500 11.500 -19.500
v 34.500 6.500 -19.500
v 33.500 6.500 -19.500
v 33.500 7.500 -19.500
v 34.500 7.500 -19.500
v 39.500 8.500 -19.500
v 38.500 8.500 -19.500
v 38.500 9.500 -19.500
v 39.500 9.500 -19.500
v 39.500 12.500 -19.500
v 38.500 12.500 -19.500
v 38.500 13.500 -19.500
v 39.500 13.500 -19.500
v 33.500 10.500 -20.500
v 34.500 10.500 -20.500
v 34.500 12.500 -20.500
v 33.500 12.500 -20.500
v 34.500 6.500 -20.500
v 35.500 6.500 -20.500
v 35.500 11.500 -20.500
v 34.500 11.500 -20.500
v 36.500 11.500 -20.500
v 36.500 12.500 -20.500
v 35.500 12.500 -20.500
v 33.500 6.500 -20.500
v 32.500 6.500 -20.500
v 32.500 7.500 -20.500
v 33.500 7.500 -20.500
v 38.500 9.500 -20.500
v 37.500 9.500 -20.500
v 37.500 12.500 -20.500
v 38.500 12.500 -20.500
v 30.500 9.500 -21.500
v 32.500 9.500 -21.500
v 32.500 10.500 -21.500
v 30.500 10.500 -21.500
v 33.500 10.500 -21.500
v 33.500 11.500 -21.500
v 30.500 11.500 -21.500
v 32.500 6.500 -21.500
v 31.500 6.500 -21.500
v 31.500 7.500 -21.500
v 32.500 7.500 -21.500
v 34.500 11.500 -21.500
v 33.500 12.500 -21.500
v 34.500 12.500 -21.500
v 35.500 6.500 -21.500
v 34.500 6.500 -21.500
v 35.500 11.500 -21.500
v 36.500 11.500 -21.500
v 35.500 12.500 -21.500
v 36.500 12.500 -21.500
v 39.500 9.500 -21.500
v 38.500 9.500 -21.500
v 38.500 12.500 -21.500
v 39.500 12.500 -21.500
v 31.500 6.500 -22.500
v 31.500 7.500 -22.500
v 32.500 8.500 -22.500
v 32.500 9.500 -22.500
v 36.500 11.500 -22.500
v 35.500 11.500 -22.500
v 34.500 12.500 -22.500
v 35.500 12.500 -22.500
v 37.500 8.500 -22.500
v 37.500 10.500 -22.500
v 32.500 8.500 -21.500
v 32.500 10.500 -19.500
v 32.500 10.500 -13.500
v 32.500 10.500 -12.500
v 32.500 11.500 -12.500
v 32.500 11.500 -13.500
v 32.500 10.500 -10.500
v 32.500 12.500 -10.500
v 32.500 12.500 -12.500
v 32.500 7.500 -9.500
v 32.500 7.500 -10.500
v 32.500 8.500 -10.500
v 32.500 8.500 -9.500
v 32.500 12.500 -9.500
v 32.500 14.500 -10.500
v 32.500 14.500 -9.500
v 32.500 10.500 -7.500
v 32.500 10.500 -9.500
v 32.500 14.500 -7.500
v 32.500 13.500 -7.500
v 32.500 16.500 -7.500
v 27.500 11.500 -18.500
v 31.500 11.500 -18.500
v 27.500 11.500 -17.500
v 28.500 11.500 -17.500
v 30.500 11.500 -16.500
v 31.500 11.500 -16.500
v 29.500 11.500 -15.500
v 31.500 11.500 -15.500
v 29.500 11.500 -16.500
v 27.500 11.500 -14.500
v 31.500 11.500 -14.500
v 27.500 11.500 -15.500
v 33.500 11.500 -12.500
v 33.500 11.500 -13.500
v 36.500 11.500 -12.500
v 39.500 11.500 -12.500
v 39.500 11.500 -13.500
v 36.500 11.500 -13.500
v 37.500 11.500 -9.500
v 38.500 11.500 -9.500
v 38.500 11.500 -12.500
v 37.500 11.500 -12.500
v 29.500 11.500 -8.500
v 30.500 11.500 -8.500
v 30.500 11.500 -9.500
v 29.500 11.500 -9.500
v 38.500 11.500 -8.500
v 39.500 11.500 -8.500
v 39.500 11.500 -9.500
v 29.500 11.500 -7.500
v 30.500 11.500 -7.500
v 27.500 11.500 -7.500
v 28.500 11.500 -7.500
v 33.500 12.500 -12.500
v 33.500 12.500 -13.500
v 33.500 12.500 -11.500
v 33.500 12.500 -10.500
v 33.500 14.500 -10.500
v 33.500 14.500 -11.500
v 33.500 12.500 -9.500
v 33.500 13.500 -9.500
v 33.500 13.500 -10.500
v 33.500 10.500 -9.500
v 33.500 10.500 -8.500
v 33.500 12.500 -8.500
v 33.500 6.500 -7.500
v 33.500 7.500 -7.500
v 34.500 12.500 -12.500
v 34.500 12.500 -11.500
v 34.500 14.500 -11.500
v 34.500 14.500 -12.500
v 34.500 7.500 -11.500
v 34.500 7.500 -10.500
v 34.500 13.500 -10.500
v 34.500 13.500 -11.500
v 34.500 13.500 -9.500
v 34.500 14.500 -9.500
v 34.500 14.500 -10.500
v 37.500 10.500 -19.500
v 32.500 10.500 -20.500
v 37.500 10.500 -11.500
v 32.500 10.500 -11.500
v 37.500 10.500 -13.500
v 31.500 10.500 -10.500
v 28.500 10.500 -10.500
v 28.500 10.500 -11.500
v 31.500 10.500 -11.500
v 34.500 10.500 -10.500
v 34.500 10.500 -11.500
v 37.500 10.500 -10.500
v 35.500 10.500 -10.500
v 35.500 10.500 -11.500
v 29.500 10.500 -9.500
v 27.500 10.500 -9.500
v 27.500 10.500 -10.500
v 29.500 10.500 -10.500
v 37.500 10.500 -9.500
v 30.500 10.500 -9.500
v 30.500 10.500 -10.500
v 28.500 10.500 -8.500
v 27.500 10.500 -8.500
v 28.500 10.500 -9.500
v 32.500 10.500 -8.500
v 31.500 10.500 -8.500
v 31.500 10.500 -9.500
v 36.500 10.500 -8.500
v 36.500 10.500 -9.500
v 37.500 10.500 -8.500
v 38.500 10.500 -8.500
v 38.500 10.500 -9.500
v 29.500 10.500 -7.500
v 27.500 10.500 -7.500
v 29.500 10.500 -8.500
v 30.500 10.500 -7.500
v 30.500 10.500 -8.500
v 31.500 10.500 -6.500
v 29.500 10.500 -6.500
v 31.500 10.500 -7.500
v 28.500 5.500 -6.500
v 28.500 5.500 -8.500
v 27.500 5.500 -8.500
v 39.500 9.500 -20.500
v 31.500 9.500 -17.500
v 27.500 9.500 -17.500
v 39.500 9.500 -17.500
v 37.500 9.500 -17.500
v 28.500 9.500 -16.500
v 27.500 9.500 -16.500
v 28.500 9.500 -17.500
v 31.500 9.500 -16.500
v 29.500 9.500 -16.500
v 29.500 9.500 -17.500
v 39.500 9.500 -16.500
v 38.500 9.500 -16.500
v 38.500 9.500 -17.500
v 31.500 9.500 -14.500
v 27.500 9.500 -14.500
v 39.500 9.500 -8.500
v 37.500 9.500 -8.500
v 37.500 9.500 -13.500
v 39.500 9.500 -13.500
v 30.500 9.500 -9.500
v 29.500 9.500 -9.500
v 29.500 9.500 -10.500
v 30.500 9.500 -10.500
v 29.500 9.500 -8.500
v 28.500 9.500 -8.500
v 28.500 9.500 -9.500
v 30.500 9.500 -8.500
v 31.500 9.500 -8.500
v 31.500 9.500 -9.500
v 29.500 9.500 -7.500
v 30.500 9.500 -7.500
v 35.500 6.500 -17.500
v 35.500 7.500 -17.500
v 35.500 13.500 -11.500
v 35.500 13.500 -12.500
v 35.500 14.500 -12.500
v 35.500 14.500 -11.500
v 35.500 7.500 -10.500
v 35.500 7.500 -11.500
v 35.500 13.500 -10.500
v 35.500 12.500 -9.500
v 35.500 12.500 -10.500
v 35.500 14.500 -10.500
v 35.500 14.500 -9.500
v 37.500 8.500 -21.500
v 34.500 8.500 -20.500
v 32.500 8.500 -20.500
v 34.500 8.500 -21.500
v 37.500 8.500 -20.500
v 35.500 8.500 -20.500
v 35.500 8.500 -21.500
v 27.500 8.500 -13.500
v 28.500 8.500 -13.500
v 28.500 8.500 -14.500
v 27.500 8.500 -14.500
v 27.500 8.500 -8.500
v 28.500 8.500 -8.500
v 28.500 8.500 -12.500
v 27.500 8.500 -12.500
v 31.500 8.500 -9.500
v 31.500 8.500 -10.500
v 36.500 10.500 -21.500
v 36.500 10.500 -20.500
v 36.500 6.500 -16.500
v 36.500 6.500 -17.500
v 36.500 7.500 -17.500
v 36.500 7.500 -16.500
v 36.500 12.500 -13.500
v 36.500 12.500 -12.500
v 36.500 12.500 -11.500
v 36.500 13.500 -12.500
v 36.500 13.500 -11.500
v 36.500 12.500 -10.500
v 36.500 14.500 -11.500
v 36.500 14.500 -10.500
v 36.500 12.500 -9.500
v 36.500 12.500 -8.500
v 27.500 7.500 -21.500
v 27.500 7.500 -20.500
v 27.500 7.500 -19.500
v 27.500 7.500 -18.500
v 27.500 7.500 -17.500
v 27.500 7.500 -16.500
v 28.500 7.500 -16.500
v 28.500 7.500 -17.500
v 29.500 7.500 -16.500
v 29.500 7.500 -17.500
v 27.500 7.500 -15.500
v 37.500 7.500 -15.500
v 37.500 7.500 -16.500
v 27.500 7.500 -14.500
v 38.500 7.500 -14.500
v 38.500 7.500 -15.500
v 28.500 7.500 -13.500
v 38.500 7.500 -13.500
v 28.500 7.500 -14.500
v 27.500 7.500 -11.500
v 39.500 7.500 -11.500
v 39.500 7.500 -13.500
v 27.500 7.500 -13.500
v 28.500 7.500 -10.500
v 28.500 7.500 -11.500
v 39.500 7.500 -10.500
v 29.500 7.500 -9.500
v 31.500 7.500 -9.500
v 31.500 7.500 -10.500
v 29.500 7.500 -10.500
v 39.500 7.500 -9.500
v 30.500 7.500 -8.500
v 39.500 7.500 -8.500
v 30.500 7.500 -9.500
v 27.500 7.500 -7.500
v 28.500 7.500 -7.500
v 28.500 7.500 -8.500
v 27.500 7.500 -8.500
v 31.500 7.500 -7.500
v 39.500 7.500 -7.500
v 31.500 7.500 -8.500
v 37.500 10.500 -20.500
v 37.500 12.500 -18.500
v 37.500 12.500 -17.500
v 37.500 6.500 -15.500
v 37.500 6.500 -16.500
v 37.500 12.500 -12.500
v 37.500 12.500 -9.500
v 39.500 6.500 -21.500
v 39.500 6.500 -20.500
v 39.500 6.500 -19.500
v 39.500 6.500 -18.500
v 39.500 6.500 -17.500
v 39.500 6.500 -16.500
v 39.500 6.500 -15.500
v 38.500 6.500 -13.500
v 39.500 6.500 -13.500
v 38.500 6.500 -15.500
v 27.500 6.500 -10.500
v 28.500 6.500 -10.500
v 28.500 6.500 -11.500
v 27.500 6.500 -11.500
v 27.500 6.500 -9.500
v 29.500 6.500 -9.500
v 29.500 6.500 -10.500
v 27.500 6.500 -8.500
v 30.500 6.500 -8.500
v 30.500 6.500 -9.500
v 28.500 6.500 -7.500
v 27.500 6.500 -7.500
v 28.500 6.500 -8.500
v 31.500 6.500 -7.500
v 31.500 6.500 -8.500
v 29.500 6.500 -6.500
v 29.500 6.500 -7.500
v 38.500 12.500 -16.500
v 38.500 12.500 -17.500
v 38.500 11.500 -11.500
v 38.500 12.500 -11.500
v 38.500 12.500 -12.500
v 38.500 11.500 -10.500
v 38.500 13.500 -10.500
v 38.500 13.500 -11.500
v 38.500 12.500 -9.500
v 38.500 12.500 -10.500
v 29.500 12.500 -15.500
v 27.500 12.500 -15.500
v 28.500 12.500 -15.500
v 29.500 13.500 -15.500
v 28.500 13.500 -15.500
v 27.500 12.500 -16.500
v 28.500 12.500 -16.500
v 28.500 13.500 -16.500
v 27.500 13.500 -16.500
v 29.500 12.500 -16.500
v 30.500 13.500 -16.500
v 29.500 13.500 -16.500
v 39.500 12.500 -16.500
v 27.500 13.500 -17.500
v 28.500 13.500 -17.500
v 28.500 12.500 -17.500
v 29.500 12.500 -17.500
v 30.500 12.500 -17.500
v 29.500 13.500 -17.500
v 30.500 13.500 -17.500
v 28.500 10.500 -7.500
v 31.500 13.500 -7.500
v 28.500 17.500 -7.500
v 27.500 17.500 -7.500
v 27.500 18.500 -7.500
v 28.500 18.500 -7.500
v 28.500 14.500 -7.500
v 29.500 14.500 -7.500
v 30.500 17.500 -7.500
v 29.500 17.500 -7.500
v 29.500 18.500 -7.500
v 30.500 18.500 -7.500
v 31.500 14.500 -7.500
v 31.500 16.500 -7.500
v 39.500 10.500 -8.500
v 29.500 17.500 -8.500
v 28.500 17.500 -8.500
v 28.500 18.500 -8.500
v 29.500 18.500 -8.500
v 31.500 15.500 -8.500
v 30.500 15.500 -8.500
v 30.500 17.500 -8.500
v 31.500 17.500 -8.500
v 35.500 13.500 -9.500
v 36.500 11.500 -9.500
v 39.500 12.500 -9.500
v 29.500 14.500 -9.500
v 27.500 14.500 -9.500
v 27.500 15.500 -9.500
v 29.500 15.500 -9.500
v 30.500 15.500 -9.500
v 27.500 17.500 -9.500
v 30.500 17.500 -9.500
v 31.500 14.500 -9.500
v 30.500 14.500 -9.500
v 31.500 15.500 -9.500
v 39.500 12.500 -10.500
v 39.500 13.500 -10.500
v 27.500 14.500 -10.500
v 28.500 14.500 -10.500
v 30.500 14.500 -10.500
v 29.500 14.500 -10.500
v 29.500 15.500 -10.500
v 30.500 15.500 -10.500
v 31.500 14.500 -10.500
v 28.500 14.500 -11.500
v 31.500 14.500 -11.500
v 39.500 12.500 -11.500
v 39.500 13.500 -11.500
v 28.500 7.500 -12.500
v 27.500 7.500 -12.500
v 34.500 13.500 -12.500
v 39.500 12.500 -12.500
v 39.500 10.500 -13.500
v 28.500 8.500 -10.500
v 28.500 5.500 -7.500
v 28.500 14.500 -6.500
v 27.500 17.500 -8.500
v 31.500 17.500 -7.500
v 30.500 17.500 -6.500
v 29.500 14.500 -6.500
v 27.500 18.500 -6.500
v 30.500 18.500 -6.500
v 30.500 11.500 -17.500
v 31.500 14.500 -8.500
v 27.500 11.500 -16.500
v 27.500 5.500 -9.500
v 27.500 12.500 -7.500
v 27.500 12.500 -8.500
v 39.500 12.500 -20.500
v 37.500 12.500 -19.500
v 39.500 12.500 -17.500
v 32.500 12.500 -11.500
v 37.500 12.500 -10.500
v 29.500 5.500 -6.500
v 11.500 11.500 -18.500
v 15.500 11.500 -18.500
v 15.500 12.500 -18.500
v 11.500 12.500 -18.500
v 12.500 10.500 -18.500
v 15.500 10.500 -18.500
v 12.500 11.500 -18.500
v 13.500 5.500 -18.500
v 14.500 5.500 -18.500
v 14.500 6.500 -18.500
v 13.500 6.500 -18.500
v 19.500 9.500 -18.500
v 23.500 9.500 -18.500
v 23.500 10.500 -18.500
v 19.500 10.500 -18.500
v 20.500 5.500 -18.500
v 21.500 5.500 -18.500
v 21.500 6.500 -18.500
v 20.500 6.500 -18.500
v 20.500 10.500 -18.500
v 24.500 10.500 -18.500
v 24.500 11.500 -18.500
v 20.500 11.500 -18.500
v 16.500 10.500 -18.500
v 16.500 11.500 -18.500
v 14.500 9.500 -18.500
v 13.500 9.500 -18.500
v 13.500 10.500 -18.500
v 14.500 10.500 -18.500
v 15.500 6.500 -18.500
v 11.500 10.500 -19.500
v 12.500 10.500 -19.500
v 12.500 11.500 -19.500
v 11.500 11.500 -19.500
v 11.500 12.500 -19.500
v 13.500 12.500 -19.500
v 13.500 13.500 -19.500
v 11.500 13.500 -19.500
v 12.500 13.500 -19.500
v 13.500 14.500 -19.500
v 12.500 14.500 -19.500
v 15.500 5.500 -19.500
v 20.500 5.500 -19.500
v 20.500 6.500 -19.500
v 15.500 6.500 -19.500
v 19.500 10.500 -19.500
v 20.500 10.500 -19.500
v 20.500 11.500 -19.500
v 19.500 11.500 -19.500
v 21.500 6.500 -19.500
v 22.500 6.500 -19.500
v 22.500 7.500 -19.500
v 21.500 7.500 -19.500
v 21.500 11.500 -19.500
v 23.500 11.500 -19.500
v 23.500 12.500 -19.500
v 21.500 12.500 -19.500
v 22.500 12.500 -19.500
v 22.500 13.500 -19.500
v 21.500 13.500 -19.500
v 23.500 9.500 -19.500
v 24.500 9.500 -19.500
v 24.500 10.500 -19.500
v 23.500 10.500 -19.500
v 13.500 9.500 -19.500
v 11.500 9.500 -19.500
v 13.500 10.500 -19.500
v 13.500 7.500 -19.500
v 12.500 7.500 -19.500
v 12.500 8.500 -19.500
v 13.500 8.500 -19.500
v 16.500 9.500 -19.500
v 14.500 9.500 -19.500
v 14.500 10.500 -19.500
v 16.500 10.500 -19.500
v 26.500 9.500 -19.500
v 26.500 11.500 -19.500
v 11.500 7.500 -20.500
v 12.500 7.500 -20.500
v 12.500 9.500 -20.500
v 11.500 9.500 -20.500
v 11.500 13.500 -20.500
v 12.500 13.500 -20.500
v 12.500 14.500 -20.500
v 11.500 14.500 -20.500
v 12.500 6.500 -20.500
v 13.500 6.500 -20.500
v 13.500 13.500 -20.500
v 13.500 12.500 -20.500
v 14.500 12.500 -20.500
v 14.500 14.500 -20.500
v 13.500 14.500 -20.500
v 19.500 6.500 -20.500
v 21.500 6.500 -20.500
v 21.500 7.500 -20.500
v 19.500 7.500 -20.500
v 20.500 11.500 -20.500
v 21.500 11.500 -20.500
v 21.500 13.500 -20.500
v 20.500 13.500 -20.500
v 22.500 7.500 -20.500
v 22.500 12.500 -20.500
v 21.500 12.500 -20.500
v 23.500 12.500 -20.500
v 23.500 13.500 -20.500
v 22.500 13.500 -20.500
v 24.500 9.500 -20.500
v 27.500 9.500 -20.500
v 27.500 11.500 -20.500
v 24.500 11.500 -20.500
v 17.500 7.500 -20.500
v 13.500 7.500 -20.500
v 13.500 9.500 -20.500
v 17.500 9.500 -20.500
v 16.500 6.500 -21.500
v 19.500 6.500 -21.500
v 19.500 7.500 -21.500
v 16.500 7.500 -21.500
v 23.500 11.500 -21.500
v 26.500 11.500 -21.500
v 26.500 12.500 -21.500
v 23.500 12.500 -21.500
v 24.500 12.500 -21.500
v 25.500 12.500 -21.500
v 25.500 13.500 -21.500
v 24.500 13.500 -21.500
v 12.500 5.500 -21.500
v 11.500 5.500 -21.500
v 11.500 6.500 -21.500
v 12.500 6.500 -21.500
v 12.500 13.500 -21.500
v 11.500 13.500 -21.500
v 11.500 14.500 -21.500
v 12.500 14.500 -21.500
v 13.500 6.500 -21.500
v 13.500 13.500 -21.500
v 14.500 12.500 -21.500
v 13.500 12.500 -21.500
v 13.500 14.500 -21.500
v 14.500 14.500 -21.500
v 21.500 12.500 -21.500
v 20.500 12.500 -21.500
v 20.500 13.500 -21.500
v 21.500 13.500 -21.500
v 22.500 7.500 -21.500
v 21.500 7.500 -21.500
v 22.500 12.500 -21.500
v 22.500 13.500 -21.500
v 23.500 13.500 -21.500
v 13.500 12.500 -22.500
v 11.500 12.500 -22.500
v 11.500 13.500 -22.500
v 13.500 13.500 -22.500
v 12.500 13.500 -22.500
v 12.500 14.500 -22.500
v 13.500 14.500 -22.500
v 15.500 10.500 -22.500
v 14.500 10.500 -22.500
v 14.500 11.500 -22.500
v 15.500 11.500 -22.500
v 23.500 11.500 -22.500
v 20.500 11.500 -22.500
v 20.500 12.500 -22.500
v 23.500 12.500 -22.500
v 22.500 12.500 -22.500
v 21.500 12.500 -22.500
v 21.500 13.500 -22.500
v 22.500 13.500 -22.500
v 12.500 5.500 -22.500
v 12.500 6.500 -22.500
v 12.500 8.500 -20.500
v 12.500 9.500 -19.500
v 12.500 7.500 -15.500
v 12.500 9.500 -15.500
v 12.500 11.500 -16.500
v 12.500 11.500 -17.500
v 12.500 13.500 -17.500
v 12.500 13.500 -16.500
v 12.500 5.500 -14.500
v 12.500 5.500 -15.500
v 12.500 6.500 -15.500
v 12.500 6.500 -14.500
v 12.500 11.500 -11.500
v 12.500 11.500 -12.500
v 12.500 12.500 -12.500
v 12.500 12.500 -11.500
v 12.500 5.500 -10.500
v 12.500 5.500 -11.500
v 12.500 11.500 -10.500
v 12.500 10.500 -9.500
v 12.500 10.500 -10.500
v 12.500 12.500 -10.500
v 12.500 12.500 -9.500
v 12.500 5.500 -8.500
v 12.500 5.500 -9.500
v 12.500 6.500 -9.500
v 12.500 6.500 -8.500
v 19.500 11.500 -20.500
v 19.500 11.500 -22.500
v 27.500 11.500 -21.500
v 27.500 11.500 -22.500
v 26.500 11.500 -22.500
v 23.500 11.500 -20.500
v 24.500 11.500 -19.500
v 26.500 11.500 -14.500
v 11.500 11.500 -17.500
v 16.500 11.500 -17.500
v 13.500 11.500 -16.500
v 13.500 11.500 -17.500
v 14.500 11.500 -16.500
v 15.500 11.500 -16.500
v 15.500 11.500 -17.500
v 14.500 11.500 -17.500
v 11.500 11.500 -14.500
v 13.500 11.500 -14.500
v 11.500 11.500 -16.500
v 22.500 11.500 -14.500
v 23.500 11.500 -14.500
v 23.500 11.500 -15.500
v 22.500 11.500 -15.500
v 23.500 11.500 -13.500
v 24.500 11.500 -13.500
v 24.500 11.500 -14.500
v 20.500 11.500 -12.500
v 21.500 11.500 -12.500
v 21.500 11.500 -13.500
v 20.500 11.500 -13.500
v 22.500 11.500 -12.500
v 23.500 11.500 -12.500
v 22.500 11.500 -13.500
v 24.500 11.500 -12.500
v 25.500 11.500 -12.500
v 25.500 11.500 -13.500
v 13.500 11.500 -11.500
v 13.500 11.500 -12.500
v 21.500 11.500 -11.500
v 22.500 11.500 -11.500
v 11.500 11.500 -10.500
v 11.500 11.500 -11.500
v 17.500 11.500 -10.500
v 22.500 11.500 -10.500
v 17.500 11.500 -11.500
v 21.500 11.500 -10.500
v 23.500 11.500 -10.500
v 23.500 11.500 -11.500
v 17.500 11.500 -9.500
v 19.500 11.500 -9.500
v 19.500 11.500 -10.500
v 20.500 11.500 -9.500
v 22.500 11.500 -9.500
v 20.500 11.500 -10.500
v 15.500 11.500 -8.500
v 18.500 11.500 -8.500
v 18.500 11.500 -9.500
v 15.500 11.500 -9.500
v 21.500 11.500 -8.500
v 22.500 11.500 -8.500
v 21.500 11.500 -9.500
v 15.500 11.500 -6.500
v 16.500 11.500 -6.500
v 16.500 11.500 -8.500
v 20.500 11.500 -7.500
v 22.500 11.500 -7.500
v 20.500 11.500 -8.500
v 19.500 11.500 -6.500
v 21.500 11.500 -6.500
v 21.500 11.500 -7.500
v 19.500 11.500 -7.500
v 15.500 10.500 -21.500
v 11.500 10.500 -21.500
v 11.500 10.500 -22.500
v 12.500 10.500 -20.500
v 11.500 10.500 -20.500
v 12.500 10.500 -21.500
v 15.500 10.500 -20.500
v 13.500 10.500 -20.500
v 13.500 10.500 -21.500
v 15.500 10.500 -19.500
v 14.500 10.500 -17.500
v 15.500 10.500 -17.500
v 13.500 10.500 -16.500
v 14.500 10.500 -16.500
v 13.500 10.500 -17.500
v 15.500 10.500 -16.500
v 16.500 10.500 -16.500
v 16.500 10.500 -17.500
v 21.500 10.500 -15.500
v 25.500 10.500 -15.500
v 25.500 10.500 -16.500
v 21.500 10.500 -16.500
v 21.500 10.500 -12.500
v 22.500 10.500 -12.500
v 22.500 10.500 -15.500
v 24.500 10.500 -14.500
v 26.500 10.500 -14.500
v 26.500 10.500 -15.500
v 24.500 10.500 -15.500
v 20.500 10.500 -13.500
v 21.500 10.500 -13.500
v 21.500 10.500 -14.500
v 20.500 10.500 -14.500
v 25.500 10.500 -12.500
v 26.500 10.500 -12.500
v 25.500 10.500 -14.500
v 11.500 10.500 -12.500
v 13.500 10.500 -12.500
v 13.500 10.500 -13.500
v 11.500 10.500 -13.500
v 19.500 10.500 -11.500
v 20.500 10.500 -11.500
v 19.500 10.500 -13.500
v 22.500 10.500 -13.500
v 13.500 10.500 -10.500
v 14.500 10.500 -10.500
v 14.500 10.500 -12.500
v 22.500 10.500 -11.500
v 25.500 10.500 -11.500
v 23.500 10.500 -11.500
v 23.500 10.500 -12.500
v 18.500 10.500 -10.500
v 17.500 10.500 -10.500
v 17.500 10.500 -11.500
v 18.500 10.500 -11.500
v 23.500 10.500 -10.500
v 24.500 10.500 -10.500
v 24.500 10.500 -11.500
v 25.500 10.500 -10.500
v 26.500 10.500 -10.500
v 26.500 10.500 -11.500
v 14.500 10.500 -9.500
v 22.500 10.500 -9.500
v 23.500 10.500 -9.500
v 22.500 10.500 -10.500
v 24.500 10.500 -9.500
v 11.500 10.500 -8.500
v 13.500 10.500 -8.500
v 13.500 10.500 -9.500
v 11.500 10.500 -9.500
v 16.500 10.500 -8.500
v 15.500 10.500 -8.500
v 15.500 10.500 -9.500
v 16.500 10.500 -9.500
v 25.500 10.500 -8.500
v 26.500 10.500 -8.500
v 26.500 10.500 -9.500
v 25.500 10.500 -9.500
v 21.500 10.500 -6.500
v 22.500 10.500 -6.500
v 22.500 10.500 -7.500
v 21.500 10.500 -7.500
v 11.500 5.500 -22.500
v 15.500 5.500 -18.500
v 13.500 5.500 -17.500
v 14.500 5.500 -17.500
v 15.500 5.500 -17.500
v 21.500 5.500 -17.500
v 13.500 5.500 -15.500
v 20.500 5.500 -15.500
v 20.500 5.500 -17.500
v 20.500 5.500 -14.500
v 11.500 5.500 -13.500
v 20.500 5.500 -13.500
v 11.500 5.500 -14.500
v 11.500 5.500 -12.500
v 14.500 5.500 -12.500
v 14.500 5.500 -13.500
v 17.500 5.500 -12.500
v 20.500 5.500 -12.500
v 17.500 5.500 -13.500
v 11.500 5.500 -11.500
v 13.500 5.500 -11.500
v 13.500 5.500 -12.500
v 13.500 5.500 -10.500
v 11.500 5.500 -9.500
v 13.500 5.500 -9.500
v 11.500 5.500 -10.500
v 21.500 5.500 -9.500
v 25.500 5.500 -9.500
v 25.500 5.500 -10.500
v 21.500 5.500 -10.500
v 13.500 5.500 -8.500
v 21.500 5.500 -8.500
v 11.500 5.500 -6.500
v 13.500 5.500 -6.500
v 11.500 5.500 -8.500
v 20.500 5.500 -6.500
v 20.500 5.500 -8.500
v 20.500 11.500 -21.500
v 20.500 6.500 -12.500
v 20.500 6.500 -17.500
v 20.500 9.500 -14.500
v 20.500 9.500 -13.500
v 20.500 10.500 -12.500
v 20.500 12.500 -11.500
v 20.500 12.500 -12.500
v 20.500 13.500 -10.500
v 20.500 13.500 -9.500
v 20.500 6.500 -8.500
v 20.500 6.500 -9.500
v 20.500 12.500 -9.500
v 20.500 12.500 -8.500
v 20.500 6.500 -6.500
v 20.500 13.500 -8.500
v 20.500 13.500 -7.500
v 19.500 9.500 -22.500
v 19.500 9.500 -19.500
v 19.500 8.500 -14.500
v 19.500 8.500 -13.500
v 19.500 9.500 -13.500
v 19.500 9.500 -14.500
v 19.500 8.500 -11.500
v 19.500 8.500 -9.500
v 19.500 9.500 -9.500
v 19.500 9.500 -11.500
v 19.500 13.500 -9.500
v 19.500 13.500 -10.500
v 19.500 6.500 -9.500
v 19.500 6.500 -8.500
v 19.500 12.500 -8.500
v 19.500 12.500 -9.500
v 19.500 12.500 -7.500
v 19.500 13.500 -7.500
v 19.500 13.500 -8.500
v 19.500 13.500 -6.500
v 18.500 9.500 -11.500
v 18.500 9.500 -10.500
v 18.500 13.500 -8.500
v 18.500 13.500 -9.500
v 18.500 12.500 -7.500
v 18.500 12.500 -8.500
v 18.500 13.500 -7.500
v 18.500 6.500 -6.500
v 18.500 6.500 -7.500
v 18.500 12.500 -6.500
v 17.500 7.500 -16.500
v 17.500 9.500 -16.500
v 17.500 8.500 -15.500
v 17.500 8.500 -16.500
v 17.500 9.500 -15.500
v 17.500 6.500 -13.500
v 17.500 6.500 -12.500
v 17.500 9.500 -10.500
v 17.500 9.500 -9.500
v 17.500 12.500 -8.500
v 17.500 12.500 -7.500
v 17.500 13.500 -7.500
v 17.500 13.500 -8.500
v 17.500 6.500 -7.500
v 17.500 6.500 -6.500
v 17.500 12.500 -6.500
v 11.500 9.500 -21.500
v 13.500 9.500 -21.500
v 13.500 9.500 -22.500
v 11.500 9.500 -22.500
v 27.500 9.500 -21.500
v 19.500 9.500 -21.500
v 27.500 9.500 -22.500
v 12.500 9.500 -21.500
v 21.500 9.500 -20.500
v 19.500 9.500 -20.500
v 21.500 9.500 -21.500
v 22.500 9.500 -20.500
v 22.500 9.500 -21.500
v 17.500 9.500 -19.500
v 11.500 9.500 -15.500
v 16.500 9.500 -16.500
v 26.500 9.500 -14.500
v 13.500 9.500 -15.500
v 13.500 9.500 -16.500
v 13.500 9.500 -14.500
v 11.500 9.500 -14.500
v 22.500 9.500 -10.500
v 22.500 9.500 -11.500
v 22.500 9.500 -9.500
v 25.500 9.500 -9.500
v 26.500 9.500 -9.500
v 26.500 9.500 -10.500
v 25.500 9.500 -10.500
v 13.500 9.500 -8.500
v 14.500 9.500 -8.500
v 14.500 9.500 -9.500
v 13.500 9.500 -9.500
v 19.500 9.500 -8.500
v 16.500 9.500 -8.500
v 16.500 9.500 -9.500
v 22.500 9.500 -8.500
v 20.500 9.500 -8.500
v 20.500 9.500 -9.500
v 24.500 9.500 -8.500
v 25.500 9.500 -8.500
v 24.500 9.500 -9.500
v 22.500 9.500 -7.500
v 15.500 9.500 -7.500
v 15.500 9.500 -8.500
v 17.500 9.500 -6.500
v 15.500 9.500 -6.500
v 17.500 9.500 -7.500
v 22.500 9.500 -6.500
v 18.500 9.500 -6.500
v 18.500 9.500 -7.500
v 16.500 6.500 -22.500
v 16.500 7.500 -22.500
v 16.500 9.500 -18.500
v 16.500 9.500 -17.500
v 16.500 7.500 -15.500
v 16.500 7.500 -16.500
v 16.500 8.500 -16.500
v 16.500 8.500 -15.500
v 16.500 11.500 -7.500
v 16.500 12.500 -7.500
v 16.500 12.500 -8.500
v 16.500 13.500 -6.500
v 16.500 13.500 -7.500
v 15.500 12.500 -22.500
v 13.500 8.500 -20.500
v 25.500 8.500 -15.500
v 21.500 8.500 -15.500
v 21.500 8.500 -16.500
v 25.500 8.500 -16.500
v 26.500 8.500 -14.500
v 21.500 8.500 -14.500
v 26.500 8.500 -15.500
v 21.500 8.500 -11.500
v 23.500 8.500 -13.500
v 21.500 8.500 -13.500
v 23.500 8.500 -14.500
v 26.500 8.500 -13.500
v 24.500 8.500 -13.500
v 24.500 8.500 -14.500
v 13.500 8.500 -12.500
v 11.500 8.500 -12.500
v 11.500 8.500 -13.500
v 13.500 8.500 -13.500
v 26.500 8.500 -12.500
v 21.500 8.500 -12.500
v 14.500 8.500 -11.500
v 11.500 8.500 -11.500
v 14.500 8.500 -12.500
v 24.500 8.500 -11.500
v 22.500 8.500 -11.500
v 22.500 8.500 -12.500
v 24.500 8.500 -12.500
v 25.500 8.500 -11.500
v 27.500 8.500 -11.500
v 25.500 8.500 -12.500
v 14.500 8.500 -10.500
v 12.500 8.500 -10.500
v 12.500 8.500 -11.500
v 24.500 8.500 -10.500
v 19.500 8.500 -10.500
v 23.500 8.500 -10.500
v 25.500 8.500 -10.500
v 23.500 8.500 -11.500
v 26.500 8.500 -10.500
v 27.500 8.500 -10.500
v 26.500 8.500 -11.500
v 14.500 8.500 -8.500
v 11.500 8.500 -8.500
v 11.500 8.500 -10.500
v 23.500 8.500 -9.500
v 23.500 8.500 -8.500
v 24.500 8.500 -8.500
v 26.500 8.500 -8.500
v 27.500 8.500 -9.500
v 26.500 8.500 -9.500
v 23.500 8.500 -7.500
v 27.500 8.500 -7.500
v 13.500 7.500 -21.500
v 11.500 7.500 -21.500
v 11.500 7.500 -22.500
v 13.500 7.500 -22.500
v 12.500 7.500 -21.500
v 17.500 7.500 -19.500
v 17.500 7.500 -18.500
v 12.500 7.500 -18.500
v 22.500 7.500 -15.500
v 14.500 7.500 -17.500
v 12.500 7.500 -17.500
v 14.500 7.500 -18.500
v 17.500 7.500 -17.500
v 15.500 7.500 -17.500
v 15.500 7.500 -18.500
v 12.500 7.500 -16.500
v 23.500 7.500 -14.500
v 23.500 7.500 -15.500
v 24.500 7.500 -12.500
v 24.500 7.500 -14.500
v 23.500 7.500 -11.500
v 24.500 7.500 -11.500
v 23.500 7.500 -12.500
v 26.500 7.500 -11.500
v 26.500 7.500 -12.500
v 14.500 6.500 -12.500
v 14.500 6.500 -13.500
v 14.500 8.500 -9.500
v 11.500 6.500 -20.500
v 11.500 6.500 -19.500
v 11.500 6.500 -18.500
v 22.500 6.500 -18.500
v 11.500 6.500 -15.500
v 13.500 6.500 -15.500
v 21.500 6.500 -17.500
v 22.500 6.500 -17.500
v 20.500 6.500 -15.500
v 22.500 6.500 -15.500
v 11.500 6.500 -14.500
v 20.500 6.500 -13.500
v 23.500 6.500 -13.500
v 23.500 6.500 -15.500
v 24.500 6.500 -12.500
v 24.500 6.500 -13.500
v 13.500 6.500 -11.500
v 21.500 6.500 -11.500
v 21.500 6.500 -12.500
v 13.500 6.500 -12.500
v 22.500 6.500 -11.500
v 26.500 6.500 -11.500
v 26.500 6.500 -12.500
v 22.500 6.500 -12.500
v 13.500 6.500 -10.500
v 13.500 6.500 -9.500
v 21.500 6.500 -9.500
v 21.500 6.500 -10.500
v 25.500 6.500 -9.500
v 23.500 6.500 -9.500
v 23.500 6.500 -10.500
v 25.500 6.500 -10.500
v 26.500 6.500 -9.500
v 26.500 6.500 -10.500
v 11.500 6.500 -8.500
v 11.500 6.500 -9.500
v 13.500 6.500 -8.500
v 21.500 6.500 -8.500
v 23.500 6.500 -7.500
v 13.500 6.500 -7.500
v 20.500 6.500 -7.500
v 13.500 6.500 -6.500
v 13.500 10.500 -11.500
v 13.500 12.500 -11.500
v 13.500 12.500 -10.500
v 21.500 9.500 -14.500
v 22.500 12.500 -14.500
v 23.500 12.500 -14.500
v 24.500 12.500 -14.500
v 25.500 12.500 -14.500
v 12.500 8.500 -15.500
v 24.500 11.500 -15.500
v 23.500 12.500 -15.500
v 24.500 12.500 -15.500
v 11.500 13.500 -16.500
v 21.500 12.500 -12.500
v 21.500 12.500 -13.500
v 21.500 12.500 -10.500
v 21.500 12.500 -11.500
v 21.500 13.500 -9.500
v 21.500 13.500 -8.500
v 11.500 13.500 -17.500
v 26.500 12.500 -7.500
v 25.500 12.500 -7.500
v 25.500 15.500 -7.500
v 26.500 15.500 -7.500
v 11.500 9.500 -8.500
v 26.500 9.500 -8.500
v 26.500 12.500 -8.500
v 26.500 17.500 -8.500
v 11.500 12.500 -9.500
v 20.500 8.500 -9.500
v 23.500 9.500 -9.500
v 26.500 5.500 -9.500
v 17.500 10.500 -9.500
v 22.500 12.500 -10.500
v 21.500 9.500 -11.500
v 21.500 10.500 -11.500
v 23.500 12.500 -11.500
v 22.500 12.500 -11.500
v 24.500 12.500 -12.500
v 23.500 12.500 -12.500
v 11.500 11.500 -12.500
v 11.500 12.500 -12.500
v 22.500 12.500 -12.500
v 23.500 6.500 -12.500
v 23.500 12.500 -13.500
v 22.500 12.500 -13.500
v 24.500 7.500 -13.500
v 23.500 7.500 -13.500
v 25.500 12.500 -13.500
v 24.500 12.500 -13.500
v 22.500 10.500 -14.500
v 23.500 6.500 -14.500
v 23.500 6.500 -11.500
v 11.500 12.500 -21.500
v 11.500 5.500 -20.500
v 11.500 12.500 -20.500
v 11.500 5.500 -16.500
v 11.500 6.500 -16.500
v 11.500 12.500 -11.500
v 11.500 11.500 -9.500
v 11.500 12.500 -10.500
v 26.500 17.500 -6.500
v 25.500 13.500 -22.500
v 24.500 13.500 -22.500
v 24.500 12.500 -22.500
v 24.500 8.500 -9.500
v 25.500 12.500 -22.500
v 25.500 10.500 -13.500
v 25.500 12.500 -6.500
v 25.500 15.500 -6.500
v 26.500 12.500 -22.500
v 26.500 17.500 -7.500
v 26.500 15.500 -6.500
v 15.500 12.500 -21.500
v 15.500 12.500 -20.500
v 15.500 12.500 -19.500
v 17.500 11.500 -6.500
v 17.500 13.500 -6.500
v 18.500 11.500 -6.500
v 18.500 13.500 -6.500
v 19.500 5.500 -6.500
v 19.500 6.500 -6.500
v 20.500 9.500 -6.500
v 20.500 10.500 -6.500
v 20.500 11.500 -6.500
v 28.500 3.500 26.500
v 29.500 3.375 26.500
v 30.500 2.500 26.500
v 31.500 2.375 26.500
v 32.500 1.500 26.500
v 33.500 1.375 26.500
v 28.500 3.500 27.500
v 29.500 3.375 27.500
v 30.500 2.500 27.500
v 31.500 2.500 27.500
v 32.500 2.375 27.500
v 32.500 2.375 26.500
v 32.500 1.500 27.500
v 33.500 1.375 27.500
v 28.500 3.500 28.500
v 29.500 3.375 28.500
v 31.500 2.500 28.500
v 32.500 2.375 28.500
v 32.500 1.500 28.500
v 33.500 1.375 28.500
v 27.500 3.375 29.500
v 28.500 3.375 29.500
v 27.500 3.500 28.500
v 29.500 3.375 29.500
v 31.500 2.500 29.500
v 32.500 2.375 29.500
v 32.500 1.500 29.500
v 33.500 1.375 29.500
v 27.500 3.500 30.500
v 28.500 3.500 30.500
v 29.500 3.375 30.500
v 31.500 2.500 30.500
v 32.500 2.375 30.500
v 32.500 1.500 30.500
v 33.500 1.375 30.500
v 33.500 0.500 30.500
v 34.500 0.375 30.500
v 34.500 0.375 29.500
v 33.500 0.500 29.500
v 28.500 3.500 31.500
v 29.500 3.375 31.500
v 31.500 2.500 31.500
v 32.500 2.375 31.500
v 32.500 1.500 31.500
v 33.500 1.375 31.500
v 33.500 0.500 31.500
v 34.500 0.375 31.500
v 28.500 3.500 32.500
v 29.500 3.500 32.500
v 30.500 3.375 32.500
v 30.500 3.375 31.500
v 31.500 2.500 32.500
v 32.500 2.375 32.500
v 32.500 1.500 32.500
v 33.500 1.375 32.500
v 33.500 0.500 32.500
v 34.500 0.375 32.500
v 29.500 3.500 33.500
v 30.500 3.375 33.500
v 31.500 2.500 33.500
v 32.500 2.500 33.500
v 32.500 1.500 33.500
v 33.500 1.500 33.500
v 33.500 0.500 33.500
v 34.500 0.375 33.500
v 29.500 3.500 34.500
v 30.500 3.375 34.500
v 32.500 2.500 34.500
v 33.500 2.375 34.500
v 33.500 2.375 33.500
v 33.500 0.500 34.500
v 34.500 0.375 34.500
v 27.500 3.375 35.500
v 28.500 3.375 35.500
v 28.500 3.500 34.500
v 27.500 3.500 34.500
v 29.500 3.375 35.500
v 30.500 3.375 35.500
v 30.500 2.500 35.500
v 31.500 2.375 35.500
v 31.500 2.500 34.500
v 30.500 2.500 34.500
v 32.500 2.375 35.500
v 32.500 1.500 35.500
v 33.500 1.375 35.500
v 33.500 1.500 34.500
v 32.500 1.500 34.500
v 33.500 0.500 35.500
v 34.500 0.375 35.500
v 27.500 2.375 36.500
v 28.500 2.375 36.500
v 28.500 2.500 35.500
v 27.500 2.500 35.500
v 29.500 2.375 36.500
v 29.500 2.500 35.500
v 30.500 2.375 36.500
v 30.500 1.500 36.500
v 31.500 1.375 36.500
v 31.500 1.500 35.500
v 30.500 1.500 35.500
v 32.500 1.375 36.500
v 32.500 0.500 36.500
v 33.500 0.375 36.500
v 32.500 0.500 35.500
v 27.500 1.375 37.500
v 28.500 1.375 37.500
v 28.500 1.500 36.500
v 27.500 1.500 36.500
v 29.500 1.375 37.500
v 29.500 1.500 36.500
v 29.500 0.500 37.500
v 30.500 0.375 37.500
v 30.500 0.500 36.500
v 29.500 0.500 36.500
v 31.500 0.375 37.500
v 31.500 0.500 36.500
v 32.500 0.375 37.500
v 32.500 13.500 26.500
v 32.500 14.500 25.500
v 32.500 14.500 26.500
v 32.500 13.500 27.500
v 32.500 15.500 26.500
v 32.500 15.500 27.500
v 32.500 13.500 28.500
v 32.500 14.500 27.500
v 32.500 14.500 28.500
v 32.500 12.500 29.500
v 32.500 12.500 28.500
v 32.500 13.500 29.500
v 32.500 7.500 31.500
v 32.500 7.500 33.500
v 32.500 8.500 33.500
v 32.500 8.500 31.500
v 32.500 3.500 34.500
v 32.500 3.500 33.500
v 32.500 12.500 35.500
v 32.500 12.500 34.500
v 32.500 13.500 34.500
v 32.500 13.500 35.500
v 32.500 2.500 35.500
v 32.500 7.500 36.500
v 32.500 7.500 35.500
v 32.500 12.500 36.500
v 32.500 1.500 36.500
v 32.500 11.500 37.500
v 32.500 11.500 36.500
v 32.500 13.500 36.500
v 32.500 13.500 37.500
v 32.500 -0.500 36.500
v 32.500 -0.500 37.500
v 32.500 0.500 37.500
v 33.500 11.500 26.500
v 28.500 11.500 26.500
v 28.500 11.500 25.500
v 33.500 11.500 25.500
v 30.500 11.500 27.500
v 28.500 11.500 27.500
v 30.500 11.500 26.500
v 33.500 11.500 27.500
v 31.500 11.500 27.500
v 31.500 11.500 26.500
v 33.500 11.500 28.500
v 28.500 11.500 28.500
v 33.500 11.500 29.500
v 29.500 11.500 29.500
v 29.500 11.500 28.500
v 38.500 11.500 31.500
v 34.500 11.500 31.500
v 34.500 11.500 30.500
v 38.500 11.500 30.500
v 39.500 11.500 32.500
v 34.500 11.500 32.500
v 39.500 11.500 31.500
v 36.500 11.500 33.500
v 34.500 11.500 33.500
v 36.500 11.500 32.500
v 39.500 11.500 33.500
v 37.500 11.500 33.500
v 37.500 11.500 32.500
v 30.500 11.500 34.500
v 34.500 11.500 34.500
v 30.500 11.500 33.500
v 39.500 11.500 34.500
v 29.500 11.500 35.500
v 31.500 11.500 35.500
v 31.500 11.500 34.500
v 29.500 11.500 34.500
v 33.500 11.500 36.500
v 34.500 11.500 36.500
v 33.500 11.500 34.500
v 35.500 11.500 35.500
v 34.500 11.500 35.500
v 35.500 11.500 34.500
v 29.500 11.500 37.500
v 30.500 11.500 37.500
v 30.500 11.500 35.500
v 35.500 11.500 36.500
v 37.500 11.500 36.500
v 37.500 11.500 35.500
v 34.500 11.500 37.500
v 35.500 11.500 37.500
v 36.500 11.500 37.500
v 36.500 11.500 36.500
v 30.500 11.500 38.500
v 33.500 11.500 38.500
v 33.500 11.500 37.500
v 35.500 11.500 38.500
v 37.500 11.500 38.500
v 37.500 11.500 37.500
v 36.500 11.500 39.500
v 37.500 11.500 39.500
v 36.500 11.500 38.500
v 33.500 13.500 25.500
v 33.500 13.500 28.500
v 33.500 -0.500 29.500
v 33.500 1.500 29.500
v 33.500 12.500 28.500
v 33.500 12.500 29.500
v 33.500 9.500 34.500
v 33.500 9.500 33.500
v 33.500 10.500 33.500
v 33.500 10.500 34.500
v 33.500 2.500 34.500
v 33.500 2.500 33.500
v 33.500 7.500 33.500
v 33.500 7.500 37.500
v 33.500 8.500 37.500
v 33.500 8.500 33.500
v 33.500 11.500 35.500
v 33.500 12.500 34.500
v 33.500 12.500 35.500
v 33.500 1.500 35.500
v 33.500 13.500 35.500
v 33.500 13.500 36.500
v 33.500 -0.500 35.500
v 33.500 -0.500 36.500
v 33.500 0.500 36.500
v 33.500 10.500 38.500
v 33.500 10.500 37.500
v 34.500 -0.500 29.500
v 34.500 -0.500 35.500
v 34.500 0.500 35.500
v 34.500 0.500 29.500
v 34.500 12.500 31.500
v 34.500 12.500 30.500
v 34.500 13.500 35.500
v 34.500 13.500 31.500
v 34.500 10.500 34.500
v 34.500 10.500 33.500
v 34.500 9.500 37.500
v 34.500 9.500 34.500
v 34.500 9.500 38.500
v 34.500 10.500 37.500
v 34.500 10.500 38.500
v 34.500 7.500 37.500
v 34.500 7.500 38.500
v 34.500 8.500 38.500
v 34.500 8.500 37.500
v 27.500 4.375 28.500
v 28.500 4.375 28.500
v 28.500 4.375 25.500
v 27.500 4.375 25.500
v 27.500 4.375 32.500
v 28.500 4.375 32.500
v 28.500 4.375 30.500
v 27.500 4.375 30.500
v 27.500 4.375 34.500
v 29.500 4.375 34.500
v 29.500 4.375 32.500
v 28.500 4.500 28.500
v 27.500 4.500 28.500
v 28.500 4.500 32.500
v 27.500 4.500 32.500
v 27.500 4.500 30.500
v 28.500 4.500 30.500
v 29.500 4.500 34.500
v 27.500 4.500 34.500
v 29.500 4.500 32.500
v 30.500 3.500 27.500
v 31.500 3.500 28.500
v 31.500 3.500 27.500
v 31.500 3.500 30.500
v 31.500 3.500 32.500
v 31.500 3.500 33.500
v 30.500 3.500 35.500
v 27.500 3.500 35.500
v 30.500 3.500 34.500
v 32.500 2.500 27.500
v 32.500 2.500 31.500
v 30.500 2.500 36.500
v 27.500 2.500 36.500
v 35.500 9.500 29.500
v 39.500 9.500 29.500
v 36.500 9.500 31.500
v 39.500 9.500 31.500
v 36.500 9.500 29.500
v 37.500 9.500 32.500
v 39.500 9.500 32.500
v 37.500 9.500 31.500
v 38.500 9.500 33.500
v 39.500 9.500 33.500
v 38.500 9.500 32.500
v 30.500 9.500 34.500
v 30.500 9.500 33.500
v 34.500 9.500 35.500
v 29.500 9.500 35.500
v 29.500 9.500 34.500
v 39.500 9.500 36.500
v 35.500 9.500 36.500
v 35.500 9.500 34.500
v 39.500 9.500 34.500
v 31.500 9.500 36.500
v 29.500 9.500 36.500
v 31.500 9.500 35.500
v 34.500 9.500 36.500
v 32.500 9.500 36.500
v 32.500 9.500 35.500
v 29.500 9.500 37.500
v 37.500 9.500 37.500
v 35.500 9.500 37.500
v 37.500 9.500 36.500
v 39.500 9.500 37.500
v 38.500 9.500 37.500
v 38.500 9.500 36.500
v 30.500 9.500 38.500
v 30.500 9.500 37.500
v 39.500 9.500 38.500
v 35.500 9.500 38.500
v 39.500 9.500 39.500
v 36.500 9.500 39.500
v 36.500 9.500 38.500
v 35.500 8.500 29.500
v 35.500 12.500 30.500
v 35.500 12.500 31.500
v 35.500 13.500 31.500
v 35.500 13.500 30.500
v 35.500 13.500 32.500
v 35.500 13.500 33.500
v 35.500 15.500 33.500
v 35.500 15.500 32.500
v 35.500 13.500 34.500
v 35.500 14.500 34.500
v 35.500 14.500 33.500
v 35.500 7.500 38.500
v 35.500 7.500 39.500
v 35.500 8.500 39.500
v 35.500 8.500 38.500
v 32.500 12.500 37.500
v 30.500 12.500 37.500
v 31.500 12.500 37.500
v 31.500 13.500 37.500
v 37.500 13.500 37.500
v 36.500 13.500 37.500
v 37.500 8.500 37.500
v 38.500 8.500 37.500
v 38.500 12.500 37.500
v 37.500 12.500 37.500
v 27.500 -0.500 37.500
v 27.500 0.500 37.500
v 27.500 1.500 37.500
v 29.500 1.500 37.500
v 27.500 8.500 26.500
v 35.500 8.500 26.500
v 27.500 8.500 27.500
v 30.500 8.500 27.500
v 30.500 8.500 26.500
v 31.500 8.500 27.500
v 35.500 8.500 27.500
v 31.500 8.500 26.500
v 27.500 8.500 29.500
v 27.500 8.500 30.500
v 36.500 8.500 30.500
v 36.500 8.500 29.500
v 30.500 8.500 31.500
v 36.500 8.500 31.500
v 30.500 8.500 30.500
v 32.500 8.500 32.500
v 37.500 8.500 32.500
v 37.500 8.500 31.500
v 36.500 8.500 33.500
v 36.500 8.500 32.500
v 37.500 8.500 33.500
v 38.500 8.500 33.500
v 38.500 8.500 32.500
v 33.500 8.500 36.500
v 39.500 8.500 36.500
v 39.500 8.500 33.500
v 37.500 8.500 36.500
v 39.500 8.500 37.500
v 38.500 8.500 36.500
v 39.500 8.500 38.500
v 39.500 8.500 39.500
v 36.500 13.500 31.500
v 36.500 13.500 32.500
v 36.500 15.500 32.500
v 36.500 15.500 31.500
v 36.500 14.500 33.500
v 36.500 14.500 32.500
v 36.500 14.500 34.500
v 36.500 15.500 34.500
v 36.500 15.500 33.500
v 36.500 13.500 36.500
v 30.500 12.500 36.500
v 31.500 12.500 36.500
v 31.500 13.500 36.500
v 30.500 13.500 36.500
v 31.500 7.500 36.500
v 37.500 13.500 36.500
v 37.500 12.500 36.500
v 38.500 12.500 36.500
v 39.500 12.500 36.500
v 38.500 13.500 36.500
v 39.500 13.500 36.500
v 27.500 7.500 31.500
v 30.500 7.500 31.500
v 30.500 7.500 30.500
v 27.500 7.500 30.500
v 27.500 7.500 33.500
v 29.500 7.500 34.500
v 33.500 7.500 34.500
v 29.500 7.500 33.500
v 28.500 7.500 35.500
v 33.500 7.500 35.500
v 28.500 7.500 34.500
v 27.500 7.500 36.500
v 31.500 7.500 35.500
v 27.500 7.500 35.500
v 33.500 7.500 36.500
v 27.500 7.500 37.500
v 27.500 7.500 38.500
v 27.500 7.500 39.500
v 37.500 14.500 32.500
v 37.500 14.500 31.500
v 37.500 15.500 31.500
v 37.500 15.500 32.500
v 37.500 14.500 33.500
v 37.500 13.500 34.500
v 37.500 13.500 33.500
v 37.500 15.500 33.500
v 37.500 15.500 34.500
v 37.500 13.500 35.500
v 37.500 13.500 39.500
v 38.500 13.500 30.500
v 38.500 13.500 31.500
v 38.500 13.500 32.500
v 38.500 14.500 31.500
v 38.500 14.500 32.500
v 38.500 13.500 33.500
v 38.500 15.500 32.500
v 38.500 15.500 33.500
v 38.500 12.500 35.500
v 38.500 13.500 35.500
v 27.500 6.500 34.500
v 29.500 6.500 34.500
v 29.500 6.500 33.500
v 27.500 6.500 33.500
v 27.500 6.500 35.500
v 28.500 6.500 35.500
v 28.500 6.500 34.500
v 30.500 10.500 38.500
v 30.500 13.500 25.500
v 30.500 14.500 25.500
v 31.500 14.500 25.500
v 30.500 15.500 25.500
v 31.500 15.500 25.500
v 28.500 13.500 28.500
v 29.500 13.500 26.500
v 29.500 13.500 27.500
v 29.500 15.500 27.500
v 29.500 15.500 26.500
v 29.500 13.500 28.500
v 29.500 14.500 28.500
v 29.500 14.500 27.500
v 29.500 13.500 29.500
v 30.500 13.500 26.500
v 30.500 15.500 26.500
v 30.500 14.500 27.500
v 30.500 14.500 26.500
v 30.500 14.500 28.500
v 30.500 15.500 28.500
v 30.500 15.500 27.500
v 30.500 11.500 36.500
v 30.500 13.500 35.500
v 28.500 13.500 26.500
v 34.500 13.500 32.500
v 39.500 13.500 33.500
v 39.500 13.500 31.500
v 34.500 13.500 34.500
v 39.500 13.500 34.500
v 31.500 13.500 35.500
v 31.500 13.500 34.500
v 39.500 13.500 35.500
v 39.500 13.500 37.500
v 39.500 13.500 39.500
v 31.500 14.500 26.500
v 31.500 15.500 26.500
v 31.500 14.500 27.500
v 31.500 14.500 28.500
v 31.500 15.500 27.500
v 31.500 15.500 28.500
v 31.500 3.500 31.500
v 31.500 12.500 35.500
v 27.500 7.500 27.500
v 30.500 3.375 27.500
v 31.500 3.375 31.500
v 31.500 3.375 27.500
v 31.500 3.375 33.500
v 32.500 3.375 34.500
v 32.500 3.375 33.500
v 38.500 12.500 30.500
v 29.500 12.500 29.500
v 36.500 14.500 31.500
v 39.500 12.500 35.500
v 37.500 14.500 34.500
v 31.500 12.500 34.500
v 30.500 10.500 33.500
v 15.500 6.500 -23.500
v 16.500 6.500 -23.500
v 16.500 7.500 -23.500
v 15.500 7.500 -23.500
v 17.500 10.500 -23.500
v 18.500 10.500 -23.500
v 18.500 11.500 -23.500
v 17.500 11.500 -23.500
v 19.500 11.500 -23.500
v 20.500 11.500 -23.500
v 20.500 13.500 -23.500
v 19.500 13.500 -23.500
v 26.500 11.500 -23.500
v 26.500 12.500 -23.500
v 14.500 10.500 -23.500
v 11.500 10.500 -23.500
v 11.500 11.500 -23.500
v 14.500 11.500 -23.500
v 15.500 11.500 -23.500
v 11.500 12.500 -23.500
v 15.500 12.500 -23.500
v 24.500 12.500 -23.500
v 23.500 12.500 -23.500
v 23.500 13.500 -23.500
v 24.500 13.500 -23.500
v 25.500 7.500 -23.500
v 24.500 7.500 -23.500
v 25.500 12.500 -23.500
v 25.500 13.500 -23.500
v 26.500 13.500 -23.500
v 11.500 11.500 -37.500
v 12.500 11.500 -37.500
v 12.500 11.500 -38.500
v 19.500 11.500 -37.500
v 20.500 11.500 -37.500
v 20.500 11.500 -38.500
v 19.500 11.500 -38.500
v 12.500 11.500 -35.500
v 13.500 11.500 -35.500
v 13.500 11.500 -37.500
v 18.500 11.500 -36.500
v 21.500 11.500 -36.500
v 21.500 11.500 -37.500
v 18.500 11.500 -37.500
v 19.500 11.500 -35.500
v 20.500 11.500 -35.500
v 20.500 11.500 -36.500
v 19.500 11.500 -36.500
v 11.500 11.500 -34.500
v 14.500 11.500 -34.500
v 14.500 11.500 -35.500
v 11.500 11.500 -35.500
v 12.500 11.500 -33.500
v 13.500 11.500 -33.500
v 13.500 11.500 -34.500
v 12.500 11.500 -34.500
v 24.500 11.500 -34.500
v 24.500 11.500 -33.500
v 26.500 11.500 -33.500
v 26.500 11.500 -34.500
v 25.500 11.500 -32.500
v 23.500 11.500 -32.500
v 23.500 11.500 -33.500
v 25.500 11.500 -33.500
v 26.500 11.500 -32.500
v 23.500 11.500 -30.500
v 24.500 11.500 -30.500
v 24.500 11.500 -32.500
v 26.500 11.500 -31.500
v 24.500 11.500 -31.500
v 13.500 11.500 -30.500
v 14.500 11.500 -30.500
v 14.500 11.500 -31.500
v 13.500 11.500 -31.500
v 22.500 11.500 -30.500
v 21.500 11.500 -30.500
v 21.500 11.500 -31.500
v 22.500 11.500 -31.500
v 26.500 11.500 -30.500
v 25.500 11.500 -30.500
v 25.500 11.500 -31.500
v 12.500 11.500 -29.500
v 15.500 11.500 -29.500
v 15.500 11.500 -30.500
v 12.500 11.500 -30.500
v 23.500 11.500 -29.500
v 21.500 11.500 -29.500
v 26.500 11.500 -29.500
v 24.500 11.500 -29.500
v 13.500 11.500 -28.500
v 14.500 11.500 -28.500
v 14.500 11.500 -29.500
v 13.500 11.500 -29.500
v 25.500 11.500 -28.500
v 22.500 11.500 -28.500
v 22.500 11.500 -29.500
v 25.500 11.500 -29.500
v 25.500 11.500 -27.500
v 24.500 11.500 -27.500
v 24.500 11.500 -28.500
v 17.500 11.500 -26.500
v 22.500 11.500 -26.500
v 22.500 11.500 -27.500
v 17.500 11.500 -27.500
v 17.500 11.500 -25.500
v 19.500 11.500 -25.500
v 19.500 11.500 -26.500
v 21.500 11.500 -24.500
v 22.500 11.500 -24.500
v 21.500 11.500 -26.500
v 17.500 11.500 -24.500
v 18.500 11.500 -24.500
v 18.500 11.500 -25.500
v 23.500 11.500 -24.500
v 24.500 11.500 -24.500
v 24.500 11.500 -25.500
v 23.500 11.500 -25.500
v 19.500 11.500 -24.500
v 23.500 11.500 -23.500
v 20.500 11.500 -24.500
v 18.500 11.500 -22.500
v 14.500 5.500 -37.500
v 22.500 5.500 -37.500
v 22.500 5.500 -38.500
v 14.500 5.500 -38.500
v 23.500 5.500 -37.500
v 27.500 5.500 -37.500
v 23.500 5.500 -38.500
v 13.500 5.500 -36.500
v 19.500 5.500 -36.500
v 19.500 5.500 -37.500
v 13.500 5.500 -37.500
v 20.500 5.500 -36.500
v 27.500 5.500 -36.500
v 20.500 5.500 -37.500
v 12.500 5.500 -35.500
v 12.500 5.500 -36.500
v 16.500 5.500 -34.500
v 23.500 5.500 -34.500
v 23.500 5.500 -35.500
v 16.500 5.500 -35.500
v 24.500 5.500 -34.500
v 24.500 5.500 -35.500
v 17.500 5.500 -32.500
v 17.500 5.500 -34.500
v 19.500 5.500 -31.500
v 22.500 5.500 -31.500
v 22.500 5.500 -32.500
v 19.500 5.500 -32.500
v 23.500 5.500 -31.500
v 23.500 5.500 -32.500
v 19.500 10.500 -38.500
v 19.500 10.500 -37.500
v 19.500 10.500 -36.500
v 19.500 9.500 -36.500
v 19.500 9.500 -35.500
v 19.500 15.500 -35.500
v 19.500 15.500 -32.500
v 19.500 18.500 -32.500
v 19.500 18.500 -35.500
v 19.500 6.500 -32.500
v 19.500 6.500 -31.500
v 19.500 13.500 -25.500
v 19.500 13.500 -26.500
v 19.500 7.500 -25.500
v 19.500 7.500 -24.500
v 19.500 12.500 -24.500
v 19.500 12.500 -25.500
v 19.500 13.500 -24.500
v 15.500 3.500 -37.500
v 14.500 3.500 -37.500
v 14.500 3.500 -38.500
v 15.500 3.500 -38.500
v 17.500 8.500 -37.500
v 17.500 9.500 -37.500
v 17.500 7.500 -37.500
v 17.500 7.500 -35.500
v 17.500 9.500 -35.500
v 17.500 8.500 -35.500
v 17.500 8.500 -34.500
v 17.500 9.500 -34.500
v 17.500 6.500 -34.500
v 17.500 6.500 -32.500
v 17.500 9.500 -27.500
v 17.500 9.500 -23.500
v 17.500 9.500 -22.500
v 17.500 10.500 -22.500
v 17.500 9.500 -36.500
v 18.500 9.500 -36.500
v 20.500 9.500 -37.500
v 21.500 9.500 -37.500
v 21.500 9.500 -38.500
v 20.500 9.500 -38.500
v 22.500 9.500 -37.500
v 23.500 9.500 -37.500
v 23.500 9.500 -38.500
v 14.500 9.500 -33.500
v 15.500 9.500 -33.500
v 15.500 9.500 -37.500
v 14.500 9.500 -37.500
v 21.500 9.500 -36.500
v 22.500 9.500 -36.500
v 23.500 9.500 -36.500
v 24.500 9.500 -36.500
v 24.500 9.500 -37.500
v 26.500 9.500 -36.500
v 25.500 9.500 -36.500
v 25.500 9.500 -37.500
v 26.500 9.500 -37.500
v 20.500 9.500 -35.500
v 22.500 9.500 -35.500
v 20.500 9.500 -36.500
v 25.500 9.500 -35.500
v 24.500 9.500 -35.500
v 26.500 9.500 -35.500
v 27.500 9.500 -35.500
v 27.500 9.500 -36.500
v 22.500 9.500 -34.500
v 24.500 9.500 -34.500
v 25.500 9.500 -34.500
v 26.500 9.500 -34.500
v 11.500 9.500 -33.500
v 12.500 9.500 -33.500
v 12.500 9.500 -34.500
v 11.500 9.500 -34.500
v 21.500 9.500 -33.500
v 23.500 9.500 -33.500
v 23.500 9.500 -34.500
v 21.500 9.500 -34.500
v 24.500 9.500 -32.500
v 23.500 9.500 -32.500
v 24.500 9.500 -31.500
v 25.500 9.500 -31.500
v 11.500 9.500 -32.500
v 15.500 9.500 -32.500
v 20.500 9.500 -31.500
v 21.500 9.500 -31.500
v 20.500 9.500 -33.500
v 11.500 9.500 -31.500
v 16.500 9.500 -31.500
v 16.500 9.500 -32.500
v 11.500 9.500 -28.500
v 12.500 9.500 -28.500
v 12.500 9.500 -31.500
v 15.500 9.500 -29.500
v 16.500 9.500 -29.500
v 15.500 9.500 -31.500
v 20.500 9.500 -30.500
v 22.500 9.500 -30.500
v 22.500 9.500 -31.500
v 23.500 9.500 -30.500
v 25.500 9.500 -30.500
v 23.500 9.500 -31.500
v 20.500 9.500 -29.500
v 25.500 9.500 -29.500
v 14.500 9.500 -28.500
v 16.500 9.500 -28.500
v 14.500 9.500 -29.500
v 11.500 9.500 -27.500
v 16.500 9.500 -27.500
v 22.500 9.500 -25.500
v 17.500 9.500 -25.500
v 22.500 9.500 -27.500
v 11.500 9.500 -24.500
v 13.500 9.500 -24.500
v 13.500 9.500 -25.500
v 11.500 9.500 -25.500
v 19.500 9.500 -24.500
v 17.500 9.500 -24.500
v 19.500 9.500 -25.500
v 22.500 9.500 -24.500
v 20.500 9.500 -24.500
v 20.500 9.500 -25.500
v 26.500 9.500 -24.500
v 23.500 9.500 -24.500
v 23.500 9.500 -25.500
v 26.500 9.500 -25.500
v 12.500 9.500 -22.500
v 12.500 9.500 -24.500
v 27.500 9.500 -23.500
v 27.500 9.500 -24.500
v 24.500 9.500 -22.500
v 24.500 9.500 -23.500
v 25.500 9.500 -22.500
v 25.500 9.500 -23.500
v 15.500 0.500 -38.500
v 15.500 0.500 -37.500
v 15.500 6.500 -37.500
v 15.500 7.500 -37.500
v 15.500 8.500 -36.500
v 15.500 8.500 -37.500
v 15.500 9.500 -36.500
v 15.500 7.500 -33.500
v 15.500 7.500 -36.500
v 15.500 8.500 -32.500
v 15.500 8.500 -33.500
v 15.500 7.500 -31.500
v 15.500 7.500 -32.500
v 15.500 8.500 -31.500
v 15.500 9.500 -30.500
v 15.500 10.500 -31.500
v 15.500 10.500 -30.500
v 15.500 6.500 -29.500
v 15.500 6.500 -28.500
v 15.500 7.500 -28.500
v 15.500 7.500 -29.500
v 15.500 7.500 -27.500
v 15.500 8.500 -28.500
v 15.500 8.500 -27.500
v 15.500 6.500 -25.500
v 15.500 7.500 -25.500
v 16.500 7.500 -37.500
v 14.500 7.500 -36.500
v 11.500 7.500 -36.500
v 11.500 7.500 -37.500
v 14.500 7.500 -37.500
v 19.500 7.500 -36.500
v 17.500 7.500 -36.500
v 19.500 7.500 -37.500
v 15.500 7.500 -35.500
v 11.500 7.500 -35.500
v 21.500 7.500 -35.500
v 21.500 7.500 -36.500
v 24.500 7.500 -35.500
v 25.500 7.500 -35.500
v 25.500 7.500 -36.500
v 24.500 7.500 -36.500
v 12.500 7.500 -34.500
v 11.500 7.500 -34.500
v 12.500 7.500 -35.500
v 15.500 7.500 -34.500
v 13.500 7.500 -34.500
v 13.500 7.500 -35.500
v 22.500 7.500 -34.500
v 18.500 7.500 -34.500
v 18.500 7.500 -35.500
v 22.500 7.500 -35.500
v 11.500 7.500 -33.500
v 25.500 7.500 -32.500
v 20.500 7.500 -32.500
v 20.500 7.500 -34.500
v 25.500 7.500 -34.500
v 14.500 7.500 -32.500
v 11.500 7.500 -32.500
v 14.500 7.500 -33.500
v 11.500 7.500 -31.500
v 22.500 7.500 -31.500
v 20.500 7.500 -31.500
v 22.500 7.500 -32.500
v 25.500 7.500 -31.500
v 23.500 7.500 -31.500
v 23.500 7.500 -32.500
v 16.500 7.500 -30.500
v 11.500 7.500 -30.500
v 16.500 7.500 -31.500
v 25.500 7.500 -30.500
v 20.500 7.500 -30.500
v 13.500 7.500 -29.500
v 11.500 7.500 -29.500
v 13.500 7.500 -30.500
v 16.500 7.500 -29.500
v 14.500 7.500 -29.500
v 14.500 7.500 -30.500
v 24.500 7.500 -29.500
v 24.500 7.500 -30.500
v 25.500 7.500 -29.500
v 11.500 7.500 -28.500
v 25.500 7.500 -28.500
v 14.500 7.500 -27.500
v 11.500 7.500 -27.500
v 14.500 7.500 -28.500
v 26.500 7.500 -27.500
v 26.500 7.500 -28.500
v 14.500 7.500 -26.500
v 27.500 7.500 -27.500
v 14.500 7.500 -25.500
v 26.500 7.500 -25.500
v 26.500 7.500 -26.500
v 12.500 7.500 -24.500
v 11.500 7.500 -24.500
v 11.500 7.500 -25.500
v 12.500 7.500 -25.500
v 15.500 7.500 -24.500
v 20.500 7.500 -24.500
v 27.500 7.500 -24.500
v 20.500 7.500 -25.500
v 13.500 7.500 -24.500
v 24.500 7.500 -22.500
v 25.500 7.500 -22.500
v 13.500 10.500 -37.500
v 13.500 10.500 -38.500
v 13.500 12.500 -38.500
v 13.500 12.500 -37.500
v 13.500 10.500 -35.500
v 13.500 0.500 -37.500
v 13.500 0.500 -36.500
v 13.500 4.500 -36.500
v 13.500 4.500 -37.500
v 13.500 6.500 -34.500
v 13.500 6.500 -35.500
v 13.500 10.500 -34.500
v 13.500 10.500 -33.500
v 13.500 10.500 -31.500
v 13.500 10.500 -30.500
v 13.500 6.500 -30.500
v 13.500 6.500 -29.500
v 13.500 10.500 -29.500
v 13.500 10.500 -28.500
v 13.500 8.500 -24.500
v 13.500 8.500 -25.500
v 12.500 6.500 -34.500
v 12.500 10.500 -34.500
v 14.500 10.500 -34.500
v 21.500 8.500 -34.500
v 20.500 8.500 -34.500
v 18.500 8.500 -34.500
v 22.500 19.500 -34.500
v 23.500 19.500 -34.500
v 23.500 20.500 -34.500
v 22.500 20.500 -34.500
v 23.500 10.500 -34.500
v 24.500 10.500 -34.500
v 24.500 16.500 -34.500
v 23.500 16.500 -34.500
v 25.500 10.500 -34.500
v 24.500 14.500 -34.500
v 24.500 13.500 -34.500
v 25.500 13.500 -34.500
v 25.500 14.500 -34.500
v 24.500 19.500 -34.500
v 25.500 19.500 -34.500
v 25.500 20.500 -34.500
v 24.500 20.500 -34.500
v 26.500 10.500 -34.500
v 16.500 6.500 -34.500
v 21.500 18.500 -34.500
v 20.500 18.500 -34.500
v 20.500 19.500 -34.500
v 21.500 19.500 -34.500
v 22.500 12.500 -34.500
v 21.500 12.500 -34.500
v 21.500 13.500 -34.500
v 22.500 13.500 -34.500
v 21.500 14.500 -34.500
v 21.500 15.500 -34.500
v 23.500 15.500 -34.500
v 23.500 14.500 -34.500
v 23.500 7.500 -34.500
v 23.500 13.500 -34.500
v 23.500 12.500 -34.500
v 24.500 7.500 -34.500
v 11.500 10.500 -36.500
v 12.500 10.500 -36.500
v 12.500 12.500 -36.500
v 11.500 12.500 -36.500
v 20.500 10.500 -36.500
v 20.500 6.500 -36.500
v 21.500 6.500 -36.500
v 20.500 7.500 -36.500
v 22.500 8.500 -36.500
v 24.500 8.500 -36.500
v 23.500 10.500 -36.500
v 22.500 10.500 -36.500
v 25.500 8.500 -36.500
v 12.500 0.500 -36.500
v 12.500 4.500 -36.500
v 14.500 8.500 -36.500
v 23.500 15.500 -36.500
v 20.500 15.500 -36.500
v 20.500 16.500 -36.500
v 23.500 16.500 -36.500
v 22.500 16.500 -36.500
v 20.500 18.500 -36.500
v 22.500 18.500 -36.500
v 25.500 13.500 -36.500
v 21.500 13.500 -36.500
v 21.500 14.500 -36.500
v 25.500 14.500 -36.500
v 23.500 14.500 -36.500
v 21.500 15.500 -36.500
v 21.500 18.500 -36.500
v 21.500 19.500 -36.500
v 22.500 19.500 -36.500
v 24.500 19.500 -36.500
v 23.500 19.500 -36.500
v 23.500 20.500 -36.500
v 24.500 20.500 -36.500
v 24.500 10.500 -36.500
v 25.500 10.500 -36.500
v 26.500 10.500 -36.500
v 26.500 14.500 -36.500
v 26.500 13.500 -36.500
v 26.500 18.500 -36.500
v 25.500 18.500 -36.500
v 25.500 19.500 -36.500
v 26.500 19.500 -36.500
v 27.500 10.500 -36.500
v 27.500 13.500 -36.500
v 27.500 14.500 -36.500
v 27.500 17.500 -36.500
v 26.500 17.500 -36.500
v 27.500 18.500 -36.500
v 15.500 -0.500 -38.500
v 16.500 3.500 -38.500
v 14.500 4.500 -38.500
v 20.500 10.500 -38.500
v 21.500 10.500 -38.500
v 27.500 10.500 -38.500
v 24.500 13.500 -38.500
v 27.500 13.500 -38.500
v 27.500 14.500 -38.500
v 24.500 14.500 -38.500
v 24.500 17.500 -38.500
v 27.500 17.500 -38.500
v 21.500 10.500 -37.500
v 21.500 6.500 -35.500
v 21.500 13.500 -35.500
v 21.500 15.500 -35.500
v 21.500 8.500 -33.500
v 21.500 12.500 -33.500
v 21.500 13.500 -33.500
v 21.500 15.500 -33.500
v 21.500 14.500 -33.500
v 21.500 9.500 -32.500
v 21.500 10.500 -32.500
v 21.500 10.500 -33.500
v 21.500 18.500 -33.500
v 21.500 18.500 -32.500
v 21.500 19.500 -32.500
v 21.500 19.500 -33.500
v 21.500 15.500 -31.500
v 21.500 15.500 -32.500
v 21.500 14.500 -29.500
v 21.500 14.500 -31.500
v 21.500 11.500 -25.500
v 21.500 12.500 -26.500
v 21.500 12.500 -25.500
v 21.500 13.500 -25.500
v 21.500 13.500 -24.500
v 22.500 14.500 -30.500
v 23.500 14.500 -30.500
v 23.500 15.500 -30.500
v 22.500 15.500 -30.500
v 23.500 10.500 -30.500
v 24.500 10.500 -30.500
v 25.500 10.500 -30.500
v 24.500 14.500 -30.500
v 25.500 14.500 -30.500
v 25.500 15.500 -30.500
v 24.500 15.500 -30.500
v 26.500 12.500 -30.500
v 26.500 15.500 -30.500
v 12.500 10.500 -30.500
v 14.500 6.500 -30.500
v 14.500 10.500 -30.500
v 24.500 6.500 -30.500
v 16.500 6.500 -30.500
v 20.500 15.500 -32.500
v 20.500 18.500 -32.500
v 20.500 13.500 -32.500
v 21.500 13.500 -32.500
v 25.500 18.500 -32.500
v 25.500 19.500 -32.500
v 24.500 10.500 -32.500
v 23.500 10.500 -32.500
v 23.500 16.500 -32.500
v 25.500 16.500 -32.500
v 23.500 18.500 -32.500
v 24.500 14.500 -32.500
v 25.500 14.500 -32.500
v 24.500 16.500 -32.500
v 26.500 12.500 -32.500
v 26.500 15.500 -32.500
v 26.500 16.500 -32.500
v 14.500 8.500 -32.500
v 16.500 8.500 -32.500
v 22.500 10.500 -32.500
v 22.500 13.500 -32.500
v 25.500 12.500 -32.500
v 12.500 0.500 -37.500
v 11.500 0.500 -36.500
v 11.500 0.500 -37.500
v 11.500 0.500 -35.500
v 12.500 0.500 -35.500
v 23.500 10.500 -37.500
v 23.500 10.500 -35.500
v 23.500 13.500 -35.500
v 23.500 13.500 -37.500
v 23.500 14.500 -37.500
v 23.500 16.500 -37.500
v 23.500 19.500 -35.500
v 23.500 20.500 -35.500
v 23.500 16.500 -35.500
v 23.500 13.500 -33.500
v 23.500 12.500 -33.500
v 23.500 15.500 -33.500
v 23.500 14.500 -33.500
v 23.500 19.500 -33.500
v 23.500 20.500 -33.500
v 23.500 10.500 -33.500
v 23.500 10.500 -31.500
v 23.500 16.500 -31.500
v 23.500 18.500 -31.500
v 23.500 10.500 -29.500
v 23.500 14.500 -29.500
v 23.500 15.500 -29.500
v 23.500 12.500 -24.500
v 23.500 13.500 -22.500
v 24.500 17.500 -37.500
v 26.500 17.500 -37.500
v 26.500 17.500 -33.500
v 27.500 17.500 -33.500
v 27.500 17.500 -35.500
v 26.500 17.500 -35.500
v 25.500 19.500 -37.500
v 22.500 19.500 -37.500
v 21.500 19.500 -35.500
v 24.500 19.500 -35.500
v 26.500 19.500 -35.500
v 22.500 19.500 -35.500
v 26.500 19.500 -34.500
v 25.500 19.500 -35.500
v 20.500 19.500 -33.500
v 24.500 19.500 -33.500
v 26.500 19.500 -33.500
v 25.500 19.500 -33.500
v 24.500 13.500 -37.500
v 23.500 13.500 -36.500
v 25.500 13.500 -37.500
v 26.500 13.500 -37.500
v 25.500 13.500 -35.500
v 26.500 13.500 -35.500
v 20.500 13.500 -34.500
v 20.500 13.500 -35.500
v 22.500 13.500 -35.500
v 24.500 13.500 -35.500
v 20.500 13.500 -33.500
v 22.500 13.500 -33.500
v 20.500 13.500 -25.500
v 20.500 13.500 -26.500
v 26.500 13.500 -25.500
v 26.500 13.500 -26.500
v 18.500 13.500 -24.500
v 18.500 13.500 -25.500
v 25.500 13.500 -24.500
v 26.500 13.500 -24.500
v 25.500 13.500 -25.500
v 20.500 13.500 -24.500
v 24.500 13.500 -24.500
v 26.500 13.500 -22.500
v 25.500 6.500 -36.500
v 25.500 18.500 -37.500
v 25.500 10.500 -37.500
v 25.500 14.500 -37.500
v 25.500 6.500 -35.500
v 25.500 10.500 -35.500
v 25.500 14.500 -35.500
v 25.500 20.500 -35.500
v 25.500 12.500 -33.500
v 25.500 15.500 -32.500
v 25.500 15.500 -33.500
v 25.500 14.500 -31.500
v 25.500 15.500 -31.500
v 25.500 10.500 -31.500
v 25.500 6.500 -28.500
v 25.500 6.500 -29.500
v 25.500 14.500 -29.500
v 25.500 14.500 -28.500
v 25.500 10.500 -28.500
v 25.500 10.500 -27.500
v 25.500 12.500 -26.500
v 25.500 12.500 -25.500
v 25.500 14.500 -25.500
v 25.500 14.500 -26.500
v 25.500 12.500 -24.500
v 20.500 15.500 -35.500
v 26.500 15.500 -33.500
v 20.500 15.500 -31.500
v 22.500 15.500 -31.500
v 26.500 15.500 -31.500
v 24.500 15.500 -29.500
v 27.500 10.500 -35.500
v 27.500 18.500 -35.500
v 27.500 10.500 -33.500
v 27.500 14.500 -27.500
v 27.500 14.500 -24.500
v 27.500 10.500 -24.500
v 20.500 12.500 -24.500
v 26.500 14.500 -24.500
v 11.500 10.500 -24.500
v 12.500 10.500 -24.500
v 12.500 8.500 -24.500
v 24.500 12.500 -24.500
v 26.500 10.500 -24.500
v 19.500 12.500 -26.500
v 20.500 12.500 -26.500
v 26.500 12.500 -26.500
v 26.500 14.500 -26.500
v 14.500 10.500 -28.500
v 12.500 10.500 -28.500
v 16.500 7.500 -28.500
v 16.500 8.500 -28.500
v 24.500 12.500 -28.500
v 22.500 12.500 -28.500
v 25.500 12.500 -28.500
v 22.500 14.500 -28.500
v 14.500 6.500 -28.500
v 26.500 6.500 -28.500
v 11.500 6.500 -22.500
v 12.500 10.500 -22.500
v 19.500 10.500 -22.500
v 18.500 10.500 -22.500
v 12.500 5.500 -37.500
v 12.500 11.500 -36.500
v 12.500 12.500 -37.500
v 12.500 4.500 -35.500
v 12.500 10.500 -35.500
v 12.500 6.500 -35.500
v 12.500 9.500 -30.500
v 12.500 10.500 -31.500
v 12.500 9.500 -29.500
v 12.500 10.500 -29.500
v 12.500 8.500 -25.500
v 14.500 10.500 -35.500
v 18.500 10.500 -37.500
v 24.500 10.500 -37.500
v 20.500 10.500 -37.500
v 22.500 10.500 -37.500
v 26.500 10.500 -37.500
v 11.500 10.500 -35.500
v 24.500 10.500 -35.500
v 26.500 10.500 -35.500
v 26.500 10.500 -33.500
v 14.500 10.500 -33.500
v 24.500 10.500 -33.500
v 22.500 10.500 -33.500
v 22.500 10.500 -31.500
v 14.500 10.500 -31.500
v 24.500 10.500 -31.500
v 14.500 10.500 -29.500
v 24.500 10.500 -29.500
v 24.500 10.500 -26.500
v 24.500 10.500 -27.500
v 26.500 10.500 -25.500
v 24.500 10.500 -25.500
v 26.500 10.500 -26.500
v 20.500 18.500 -35.500
v 20.500 7.500 -33.500
v 20.500 8.500 -33.500
v 20.500 18.500 -33.500
v 20.500 7.500 -29.500
v 20.500 18.500 -31.500
v 20.500 12.500 -25.500
v 18.500 9.500 -37.500
v 18.500 8.500 -35.500
v 16.500 8.500 -37.500
v 16.500 6.500 -35.500
v 16.500 8.500 -31.500
v 16.500 6.500 -29.500
v 16.500 8.500 -27.500
v 14.500 8.500 -37.500
v 12.500 8.500 -37.500
v 12.500 8.500 -38.500
v 22.500 8.500 -35.500
v 24.500 8.500 -35.500
v 14.500 8.500 -33.500
v 14.500 10.500 -37.500
v 14.500 4.500 -37.500
v 14.500 9.500 -35.500
v 14.500 9.500 -34.500
v 14.500 6.500 -29.500
v 14.500 6.500 -25.500
v 22.500 6.500 -37.500
v 22.500 6.500 -38.500
v 25.500 6.500 -37.500
v 23.500 6.500 -37.500
v 23.500 6.500 -38.500
v 20.500 6.500 -37.500
v 11.500 6.500 -34.500
v 11.500 6.500 -35.500
v 11.500 6.500 -32.500
v 11.500 6.500 -31.500
v 11.500 6.500 -30.500
v 11.500 6.500 -29.500
v 24.500 6.500 -29.500
v 27.500 6.500 -29.500
v 11.500 6.500 -28.500
v 27.500 6.500 -28.500
v 11.500 6.500 -25.500
v 26.500 6.500 -27.500
v 11.500 6.500 -23.500
v 23.500 6.500 -35.500
v 23.500 7.500 -35.500
v 23.500 8.500 -35.500
v 24.500 6.500 -35.500
v 26.500 14.500 -35.500
v 26.500 18.500 -35.500
v 11.500 1.500 -35.500
v 12.500 1.500 -35.500
v 11.500 5.500 -35.500
v 13.500 5.500 -35.500
v 23.500 12.500 -35.500
v 22.500 12.500 -35.500
v 22.500 20.500 -35.500
v 24.500 16.500 -35.500
v 24.500 14.500 -35.500
v 24.500 20.500 -35.500
v 11.500 5.500 -37.500
v 19.500 6.500 -37.500
v 12.500 7.500 -37.500
v 13.500 3.500 -37.500
v 24.500 16.500 -37.500
v 22.500 16.500 -37.500
v 22.500 17.500 -37.500
v 22.500 18.500 -37.500
v 26.500 18.500 -37.500
v 24.500 14.500 -37.500
v 26.500 14.500 -37.500
v 22.500 14.500 -29.500
v 24.500 14.500 -29.500
v 26.500 14.500 -29.500
v 24.500 15.500 -31.500
v 24.500 16.500 -31.500
v 20.500 16.500 -31.500
v 22.500 14.500 -31.500
v 22.500 6.500 -31.500
v 23.500 6.500 -31.500
v 26.500 14.500 -31.500
v 24.500 14.500 -31.500
v 12.500 10.500 -33.500
v 22.500 12.500 -33.500
v 24.500 20.500 -33.500
v 26.500 12.500 -33.500
v 26.500 16.500 -33.500
v 25.500 16.500 -33.500
v 25.500 17.500 -33.500
v 22.500 11.500 -33.500
v 24.500 12.500 -33.500
v 11.500 11.500 -36.500
v 11.500 12.500 -37.500
v 11.500 1.500 -34.500
v 11.500 3.500 -34.500
v 11.500 3.500 -35.500
v 11.500 9.500 -35.500
v 11.500 9.500 -30.500
v 11.500 11.500 -22.500
v 21.500 18.500 -35.500
v 19.500 18.500 -34.500
v 19.500 18.500 -33.500
v 24.500 8.500 -37.500
v 24.500 12.500 -34.500
v 24.500 12.500 -27.500
v 24.500 12.500 -25.500
v 21.500 14.500 -30.500
v 26.500 14.500 -30.500
v 26.500 14.500 -27.500
v 26.500 14.500 -25.500
v 26.500 12.500 -27.500
v 24.500 12.500 -26.500
v 11.500 8.500 -25.500
v 23.500 10.500 -25.500
v 11.500 8.500 -27.500
v 11.500 12.500 4.500
v 12.500 12.500 4.500
v 12.500 13.500 4.500
v 11.500 13.500 4.500
v 19.500 8.500 4.500
v 20.500 8.500 4.500
v 20.500 9.500 4.500
v 19.500 9.500 4.500
v 20.500 10.500 4.500
v 23.500 10.500 4.500
v 23.500 11.500 4.500
v 20.500 11.500 4.500
v 21.500 11.500 4.500
v 22.500 11.500 4.500
v 22.500 12.500 4.500
v 21.500 12.500 4.500
v 13.500 17.500 4.500
v 12.500 17.500 4.500
v 12.500 18.500 4.500
v 13.500 18.500 4.500
v 14.500 10.500 4.500
v 14.500 11.500 4.500
v 15.500 11.500 4.500
v 15.500 10.500 4.500
v 14.500 12.500 4.500
v 15.500 12.500 4.500
v 15.500 16.500 4.500
v 14.500 16.500 4.500
v 14.500 17.500 4.500
v 15.500 17.500 4.500
v 16.500 12.500 4.500
v 16.500 11.500 4.500
v 17.500 11.500 4.500
v 17.500 12.500 4.500
v 17.500 15.500 4.500
v 16.500 15.500 4.500
v 16.500 16.500 4.500
v 17.500 16.500 4.500
v 19.500 5.500 4.500
v 17.500 5.500 4.500
v 17.500 6.500 4.500
v 19.500 6.500 4.500
v 23.500 5.500 4.500
v 20.500 5.500 4.500
v 20.500 6.500 4.500
v 23.500 6.500 4.500
v 26.500 7.500 4.500
v 26.500 9.500 4.500
v 14.500 11.500 5.500
v 14.500 10.500 5.500
v 15.500 10.500 5.500
v 15.500 11.500 5.500
v 15.500 12.500 5.500
v 14.500 12.500 5.500
v 16.500 11.500 5.500
v 16.500 12.500 5.500
v 17.500 11.500 5.500
v 17.500 12.500 5.500
v 16.500 15.500 5.500
v 17.500 15.500 5.500
v 17.500 16.500 5.500
v 16.500 16.500 5.500
v 19.500 9.500 5.500
v 24.500 9.500 5.500
v 24.500 10.500 5.500
v 19.500 10.500 5.500
v 20.500 8.500 5.500
v 24.500 8.500 5.500
v 20.500 9.500 5.500
v 12.500 17.500 5.500
v 11.500 17.500 5.500
v 11.500 18.500 5.500
v 12.500 18.500 5.500
v 13.500 6.500 5.500
v 12.500 6.500 5.500
v 12.500 12.500 5.500
v 13.500 12.500 5.500
v 13.500 13.500 5.500
v 12.500 13.500 5.500
v 12.500 14.500 5.500
v 13.500 14.500 5.500
v 13.500 10.500 5.500
v 13.500 11.500 5.500
v 14.500 17.500 5.500
v 13.500 17.500 5.500
v 13.500 18.500 5.500
v 14.500 18.500 5.500
v 20.500 5.500 5.500
v 19.500 5.500 5.500
v 19.500 6.500 5.500
v 20.500 6.500 5.500
v 11.500 8.500 1.500
v 12.500 8.500 1.500
v 12.500 9.500 1.500
v 11.500 9.500 1.500
v 14.500 9.500 1.500
v 14.500 10.500 1.500
v 12.500 10.500 1.500
v 13.500 10.500 1.500
v 14.500 11.500 1.500
v 13.500 11.500 1.500
v 15.500 7.500 1.500
v 16.500 7.500 1.500
v 16.500 8.500 1.500
v 15.500 8.500 1.500
v 19.500 8.500 1.500
v 19.500 9.500 1.500
v 15.500 9.500 1.500
v 16.500 9.500 1.500
v 19.500 10.500 1.500
v 16.500 10.500 1.500
v 14.500 13.500 1.500
v 11.500 13.500 1.500
v 11.500 16.500 1.500
v 14.500 16.500 1.500
v 23.500 10.500 1.500
v 20.500 10.500 1.500
v 20.500 11.500 1.500
v 23.500 11.500 1.500
v 22.500 11.500 1.500
v 21.500 11.500 1.500
v 21.500 12.500 1.500
v 22.500 12.500 1.500
v 24.500 8.500 1.500
v 23.500 8.500 1.500
v 23.500 9.500 1.500
v 24.500 9.500 1.500
v 12.500 10.500 0.500
v 13.500 10.500 0.500
v 13.500 11.500 0.500
v 12.500 11.500 0.500
v 13.500 5.500 0.500
v 14.500 5.500 0.500
v 14.500 10.500 0.500
v 14.500 9.500 0.500
v 16.500 9.500 0.500
v 16.500 10.500 0.500
v 15.500 10.500 0.500
v 15.500 11.500 0.500
v 14.500 11.500 0.500
v 19.500 10.500 0.500
v 19.500 11.500 0.500
v 16.500 11.500 0.500
v 17.500 11.500 0.500
v 18.500 11.500 0.500
v 18.500 12.500 0.500
v 17.500 12.500 0.500
v 25.500 5.500 0.500
v 26.500 5.500 0.500
v 26.500 6.500 0.500
v 25.500 6.500 0.500
v 23.500 8.500 0.500
v 20.500 8.500 0.500
v 20.500 9.500 0.500
v 23.500 9.500 0.500
v 24.500 9.500 0.500
v 20.500 10.500 0.500
v 24.500 10.500 0.500
v 16.500 11.500 -0.500
v 17.500 11.500 -0.500
v 17.500 12.500 -0.500
v 16.500 12.500 -0.500
v 17.500 5.500 -0.500
v 18.500 5.500 -0.500
v 18.500 11.500 -0.500
v 19.500 11.500 -0.500
v 19.500 12.500 -0.500
v 18.500 12.500 -0.500
v 13.500 9.500 -0.500
v 12.500 9.500 -0.500
v 12.500 11.500 -0.500
v 13.500 11.500 -0.500
v 14.500 5.500 -0.500
v 13.500 5.500 -0.500
v 13.500 10.500 -0.500
v 14.500 10.500 -0.500
v 15.500 9.500 -0.500
v 14.500 9.500 -0.500
v 14.500 11.500 -0.500
v 15.500 11.500 -0.500
v 21.500 7.500 -1.500
v 25.500 7.500 -1.500
v 25.500 8.500 -1.500
v 21.500 8.500 -1.500
v 26.500 8.500 -1.500
v 26.500 9.500 -1.500
v 21.500 9.500 -1.500
v 14.500 9.500 -1.500
v 13.500 9.500 -1.500
v 13.500 11.500 -1.500
v 14.500 11.500 -1.500
v 16.500 7.500 -1.500
v 15.500 7.500 -1.500
v 15.500 8.500 -1.500
v 16.500 8.500 -1.500
v 17.500 11.500 -1.500
v 16.500 11.500 -1.500
v 16.500 12.500 -1.500
v 17.500 12.500 -1.500
v 18.500 5.500 -1.500
v 17.500 5.500 -1.500
v 18.500 11.500 -1.500
v 19.500 11.500 -1.500
v 18.500 12.500 -1.500
v 19.500 12.500 -1.500
v 23.500 9.500 -2.500
v 24.500 9.500 -2.500
v 24.500 11.500 -2.500
v 23.500 11.500 -2.500
v 25.500 7.500 -2.500
v 26.500 7.500 -2.500
v 26.500 8.500 -2.500
v 25.500 8.500 -2.500
v 15.500 7.500 -2.500
v 11.500 7.500 -2.500
v 11.500 8.500 -2.500
v 15.500 8.500 -2.500
v 16.500 8.500 -2.500
v 11.500 9.500 -2.500
v 16.500 9.500 -2.500
v 13.500 5.500 -2.500
v 12.500 5.500 -2.500
v 12.500 6.500 -2.500
v 13.500 6.500 -2.500
v 15.500 9.500 -2.500
v 15.500 10.500 -2.500
v 16.500 10.500 -2.500
v 19.500 10.500 -2.500
v 16.500 11.500 -2.500
v 19.500 11.500 -2.500
v 18.500 11.500 -2.500
v 17.500 11.500 -2.500
v 17.500 12.500 -2.500
v 18.500 12.500 -2.500
v 25.500 5.500 -2.500
v 25.500 6.500 -2.500
v 13.500 5.500 -3.500
v 17.500 5.500 -3.500
v 17.500 6.500 -3.500
v 13.500 6.500 -3.500
v 22.500 9.500 -3.500
v 23.500 9.500 -3.500
v 23.500 11.500 -3.500
v 22.500 11.500 -3.500
v 23.500 5.500 -3.500
v 24.500 5.500 -3.500
v 24.500 10.500 -3.500
v 23.500 10.500 -3.500
v 24.500 9.500 -3.500
v 25.500 9.500 -3.500
v 25.500 11.500 -3.500
v 24.500 11.500 -3.500
v 26.500 12.500 -3.500
v 26.500 15.500 -3.500
v 12.500 5.500 -3.500
v 11.500 5.500 -3.500
v 11.500 6.500 -3.500
v 12.500 6.500 -3.500
v 20.500 8.500 -3.500
v 16.500 8.500 -3.500
v 16.500 10.500 -3.500
v 20.500 10.500 -3.500
v 12.500 9.500 0.500
v 12.500 8.500 2.500
v 12.500 9.500 2.500
v 12.500 12.500 2.500
v 12.500 12.500 3.500
v 12.500 13.500 3.500
v 12.500 13.500 2.500
v 12.500 16.500 2.500
v 12.500 16.500 3.500
v 12.500 17.500 3.500
v 12.500 17.500 2.500
v 12.500 6.500 6.500
v 12.500 14.500 6.500
v 12.500 13.500 6.500
v 12.500 13.500 7.500
v 12.500 14.500 7.500
v 12.500 17.500 6.500
v 12.500 17.500 7.500
v 12.500 18.500 7.500
v 12.500 18.500 6.500
v 12.500 8.500 8.500
v 12.500 8.500 9.500
v 12.500 9.500 9.500
v 12.500 9.500 8.500
v 15.500 11.500 -5.500
v 17.500 11.500 -5.500
v 18.500 11.500 -5.500
v 20.500 11.500 -5.500
v 26.500 11.500 -5.500
v 26.500 11.500 -6.500
v 15.500 11.500 -4.500
v 20.500 11.500 -4.500
v 23.500 11.500 -4.500
v 24.500 11.500 -4.500
v 24.500 11.500 -5.500
v 23.500 11.500 -5.500
v 25.500 11.500 -4.500
v 22.500 11.500 -4.500
v 20.500 11.500 2.500
v 21.500 11.500 2.500
v 22.500 11.500 2.500
v 23.500 11.500 2.500
v 21.500 11.500 3.500
v 22.500 11.500 3.500
v 15.500 11.500 3.500
v 16.500 11.500 3.500
v 20.500 11.500 3.500
v 23.500 11.500 3.500
v 13.500 11.500 6.500
v 14.500 11.500 6.500
v 16.500 11.500 6.500
v 15.500 11.500 6.500
v 20.500 10.500 -4.500
v 19.500 10.500 -4.500
v 19.500 10.500 -5.500
v 20.500 10.500 -5.500
v 24.500 10.500 -4.500
v 25.500 10.500 -4.500
v 25.500 10.500 -5.500
v 24.500 10.500 -5.500
v 23.500 10.500 -4.500
v 20.500 10.500 -2.500
v 24.500 10.500 1.500
v 19.500 10.500 4.500
v 24.500 10.500 4.500
v 13.500 10.500 6.500
v 14.500 10.500 6.500
v 11.500 10.500 9.500
v 16.500 10.500 9.500
v 16.500 10.500 8.500
v 11.500 10.500 8.500
v 19.500 5.500 -4.500
v 27.500 5.500 -4.500
v 23.500 5.500 -4.500
v 17.500 5.500 -4.500
v 24.500 5.500 -4.500
v 13.500 5.500 -1.500
v 25.500 5.500 -1.500
v 25.500 5.500 -0.500
v 13.500 5.500 2.500
v 26.500 5.500 2.500
v 15.500 5.500 3.500
v 21.500 5.500 3.500
v 21.500 5.500 2.500
v 15.500 5.500 2.500
v 22.500 5.500 3.500
v 26.500 5.500 3.500
v 22.500 5.500 2.500
v 23.500 5.500 3.500
v 17.500 5.500 3.500
v 25.500 5.500 9.500
v 25.500 5.500 3.500
v 15.500 5.500 8.500
v 16.500 5.500 8.500
v 16.500 5.500 7.500
v 15.500 5.500 7.500
v 14.500 5.500 9.500
v 18.500 5.500 9.500
v 18.500 5.500 8.500
v 14.500 5.500 8.500
v 20.500 9.500 -5.500
v 20.500 10.500 2.500
v 20.500 10.500 3.500
v 20.500 12.500 3.500
v 20.500 12.500 2.500
v 19.500 6.500 -4.500
v 19.500 9.500 -4.500
v 19.500 9.500 -5.500
v 19.500 10.500 -1.500
v 19.500 10.500 -0.500
v 18.500 13.500 -5.500
v 18.500 12.500 6.500
v 18.500 12.500 3.500
v 18.500 15.500 3.500
v 18.500 15.500 6.500
v 18.500 6.500 9.500
v 18.500 6.500 8.500
v 17.500 13.500 -5.500
v 17.500 6.500 -4.500
v 17.500 12.500 3.500
v 17.500 12.500 2.500
v 17.500 15.500 2.500
v 17.500 15.500 3.500
v 17.500 6.500 3.500
v 17.500 12.500 7.500
v 17.500 12.500 6.500
v 17.500 15.500 6.500
v 17.500 15.500 7.500
v 15.500 9.500 -5.500
v 21.500 9.500 -5.500
v 26.500 9.500 -5.500
v 26.500 9.500 -6.500
v 21.500 9.500 -6.500
v 15.500 9.500 -4.500
v 21.500 9.500 -4.500
v 23.500 9.500 -4.500
v 23.500 9.500 -5.500
v 26.500 9.500 -3.500
v 25.500 9.500 -5.500
v 21.500 9.500 -3.500
v 22.500 9.500 -4.500
v 21.500 9.500 -2.500
v 26.500 9.500 -2.500
v 11.500 9.500 -1.500
v 15.500 9.500 -1.500
v 11.500 9.500 -0.500
v 15.500 9.500 2.500
v 26.500 9.500 8.500
v 11.500 9.500 9.500
v 11.500 9.500 8.500
v 16.500 9.500 9.500
v 15.500 9.500 9.500
v 15.500 9.500 8.500
v 16.500 9.500 8.500
v 16.500 10.500 -1.500
v 16.500 10.500 -0.500
v 16.500 12.500 3.500
v 16.500 15.500 3.500
v 16.500 16.500 3.500
v 16.500 12.500 6.500
v 16.500 15.500 6.500
v 16.500 16.500 6.500
v 16.500 6.500 8.500
v 16.500 6.500 7.500
v 15.500 10.500 -0.500
v 15.500 7.500 2.500
v 15.500 6.500 2.500
v 15.500 6.500 3.500
v 15.500 15.500 3.500
v 15.500 15.500 2.500
v 15.500 16.500 2.500
v 15.500 16.500 3.500
v 15.500 12.500 3.500
v 15.500 16.500 6.500
v 15.500 17.500 6.500
v 15.500 12.500 6.500
v 15.500 15.500 7.500
v 15.500 15.500 6.500
v 15.500 17.500 7.500
v 15.500 6.500 7.500
v 15.500 6.500 8.500
v 15.500 8.500 9.500
v 15.500 8.500 8.500
v 20.500 8.500 -2.500
v 20.500 8.500 -1.500
v 17.500 8.500 -0.500
v 16.500 8.500 -0.500
v 17.500 8.500 -1.500
v 20.500 8.500 -0.500
v 18.500 8.500 -0.500
v 18.500 8.500 -1.500
v 16.500 8.500 0.500
v 11.500 8.500 2.500
v 24.500 8.500 2.500
v 19.500 8.500 2.500
v 21.500 8.500 3.500
v 19.500 8.500 3.500
v 21.500 8.500 2.500
v 24.500 8.500 3.500
v 22.500 8.500 3.500
v 22.500 8.500 2.500
v 24.500 8.500 4.500
v 26.500 8.500 8.500
v 26.500 8.500 7.500
v 26.500 7.500 -4.500
v 21.500 7.500 -4.500
v 21.500 7.500 -6.500
v 26.500 7.500 -6.500
v 23.500 7.500 -3.500
v 21.500 7.500 -3.500
v 23.500 7.500 -4.500
v 26.500 7.500 -3.500
v 24.500 7.500 -3.500
v 24.500 7.500 -4.500
v 21.500 7.500 -2.500
v 11.500 7.500 -1.500
v 16.500 7.500 -0.500
v 11.500 7.500 -0.500
v 13.500 7.500 0.500
v 11.500 7.500 0.500
v 13.500 7.500 -0.500
v 16.500 7.500 0.500
v 14.500 7.500 0.500
v 14.500 7.500 -0.500
v 11.500 7.500 1.500
v 11.500 7.500 2.500
v 26.500 7.500 7.500
v 14.500 13.500 2.500
v 14.500 16.500 2.500
v 14.500 12.500 2.500
v 14.500 12.500 3.500
v 14.500 13.500 3.500
v 14.500 16.500 3.500
v 14.500 17.500 3.500
v 14.500 17.500 6.500
v 14.500 18.500 6.500
v 14.500 12.500 6.500
v 14.500 12.500 7.500
v 14.500 14.500 7.500
v 14.500 14.500 6.500
v 14.500 14.500 8.500
v 14.500 17.500 7.500
v 14.500 17.500 8.500
v 14.500 6.500 8.500
v 14.500 6.500 9.500
v 13.500 6.500 -4.500
v 11.500 6.500 -2.500
v 11.500 6.500 2.500
v 13.500 6.500 2.500
v 27.500 6.500 0.500
v 26.500 6.500 3.500
v 11.500 6.500 3.500
v 11.500 6.500 4.500
v 25.500 6.500 4.500
v 25.500 6.500 3.500
v 23.500 6.500 3.500
v 11.500 6.500 5.500
v 25.500 6.500 5.500
v 11.500 6.500 6.500
v 13.500 6.500 6.500
v 25.500 6.500 6.500
v 11.500 6.500 7.500
v 25.500 6.500 7.500
v 11.500 6.500 8.500
v 25.500 6.500 8.500
v 11.500 6.500 9.500
v 25.500 6.500 9.500
v 13.500 6.500 -0.500
v 13.500 6.500 0.500
v 13.500 12.500 3.500
v 13.500 12.500 2.500
v 13.500 13.500 2.500
v 13.500 13.500 3.500
v 13.500 16.500 3.500
v 13.500 16.500 2.500
v 13.500 17.500 2.500
v 13.500 17.500 3.500
v 13.500 14.500 6.500
v 13.500 13.500 7.500
v 13.500 13.500 6.500
v 13.500 14.500 7.500
v 13.500 17.500 7.500
v 13.500 17.500 6.500
v 13.500 18.500 6.500
v 13.500 18.500 7.500
v 15.500 8.500 2.500
v 14.500 15.500 2.500
v 21.500 12.500 2.500
v 22.500 12.500 2.500
v 23.500 12.500 2.500
v 21.500 12.500 3.500
v 23.500 12.500 3.500
v 22.500 12.500 3.500
v 11.500 12.500 3.500
v 11.500 13.500 3.500
v 11.500 16.500 3.500
v 11.500 17.500 3.500
v 23.500 10.500 2.500
v 23.500 10.500 3.500
v 26.500 17.500 -5.500
v 11.500 17.500 4.500
v 15.500 17.500 5.500
v 11.500 17.500 7.500
v 11.500 17.500 6.500
v 11.500 17.500 8.500
v 11.500 13.500 2.500
v 11.500 16.500 2.500
v 11.500 16.500 4.500
v 11.500 13.500 5.500
v 11.500 13.500 6.500
v 11.500 14.500 6.500
v 11.500 14.500 5.500
v 11.500 18.500 6.500
v 11.500 14.500 7.500
v 11.500 14.500 8.500
v 25.500 12.500 -4.500
v 25.500 15.500 -4.500
v 25.500 9.500 -4.500
v 26.500 12.500 -5.500
v 26.500 12.500 -6.500
v 26.500 15.500 -5.500
v 26.500 12.500 -4.500
v 26.500 15.500 -4.500
v 26.500 9.500 7.500
v 25.500 15.500 -5.500
v 18.500 15.500 4.500
v 18.500 15.500 5.500
v 15.500 16.500 5.500
v 13.500 12.500 6.500
v 14.500 15.500 7.500
v 13.500 5.500 9.500
v 13.500 6.500 9.500
v 25.500 12.500 -5.500
v 13.500 12.500 4.500
v 18.500 12.500 4.500
v 18.500 12.500 5.500
v 15.500 10.500 -4.500
v 23.500 10.500 -5.500
v 26.500 0.500 19.500
v 27.500 0.500 19.500
v 26.500 0.375 18.500
v 20.500 0.500 20.500
v 21.500 0.500 20.500
v 21.500 0.375 19.500
v 20.500 0.375 19.500
v 22.500 0.500 20.500
v 22.500 0.500 19.500
v 22.500 1.500 20.500
v 23.500 1.500 20.500
v 23.500 1.375 19.500
v 22.500 1.375 19.500
v 24.500 1.500 20.500
v 24.500 1.500 19.500
v 24.500 2.500 20.500
v 25.500 2.500 20.500
v 25.500 2.375 19.500
v 24.500 2.375 19.500
v 26.500 2.500 20.500
v 26.500 2.375 19.500
v 18.500 0.500 21.500
v 19.500 0.500 21.500
v 19.500 0.500 20.500
v 18.500 0.375 20.500
v 19.500 1.500 21.500
v 20.500 1.500 21.500
v 20.500 1.500 20.500
v 19.500 1.375 20.500
v 20.500 2.500 21.500
v 21.500 2.500 21.500
v 21.500 2.375 20.500
v 20.500 2.375 20.500
v 22.500 2.500 21.500
v 22.500 2.500 20.500
v 26.500 2.500 21.500
v 17.500 1.375 22.500
v 18.500 1.500 22.500
v 18.500 1.500 21.500
v 17.500 1.375 21.500
v 19.500 2.375 22.500
v 20.500 2.500 22.500
v 19.500 2.375 21.500
v 26.500 2.500 22.500
v 17.500 1.375 23.500
v 18.500 1.500 23.500
v 18.500 2.375 23.500
v 19.500 2.500 23.500
v 18.500 2.375 22.500
v 20.500 2.500 23.500
v 22.500 3.375 23.500
v 23.500 3.500 23.500
v 23.500 3.375 22.500
v 22.500 3.375 22.500
v 24.500 3.500 23.500
v 24.500 3.375 22.500
v 25.500 3.375 23.500
v 25.500 3.375 22.500
v 16.500 0.375 24.500
v 17.500 0.500 24.500
v 17.500 0.500 23.500
v 16.500 0.375 23.500
v 17.500 1.500 24.500
v 18.500 1.500 24.500
v 18.500 2.375 24.500
v 19.500 2.500 24.500
v 22.500 3.375 24.500
v 23.500 3.500 24.500
v 24.500 3.500 24.500
v 25.500 3.500 24.500
v 26.500 3.500 24.500
v 26.500 3.375 23.500
v 16.500 0.500 25.500
v 17.500 0.500 25.500
v 18.500 2.375 25.500
v 19.500 2.500 25.500
v 22.500 3.375 25.500
v 23.500 3.500 25.500
v 26.500 3.500 25.500
v 13.500 11.500 11.500
v 14.500 11.500 11.500
v 14.500 11.500 10.500
v 13.500 11.500 10.500
v 23.500 11.500 11.500
v 24.500 11.500 11.500
v 24.500 11.500 10.500
v 23.500 11.500 10.500
v 12.500 11.500 12.500
v 13.500 11.500 12.500
v 12.500 11.500 11.500
v 14.500 11.500 12.500
v 15.500 11.500 12.500
v 15.500 11.500 11.500
v 24.500 11.500 12.500
v 25.500 11.500 12.500
v 25.500 11.500 11.500
v 13.500 11.500 14.500
v 14.500 11.500 14.500
v 14.500 11.500 13.500
v 13.500 11.500 13.500
v 15.500 11.500 14.500
v 16.500 11.500 14.500
v 16.500 11.500 13.500
v 15.500 11.500 13.500
v 14.500 11.500 15.500
v 15.500 11.500 15.500
v 16.500 11.500 18.500
v 17.500 11.500 18.500
v 17.500 11.500 17.500
v 16.500 11.500 17.500
v 15.500 11.500 19.500
v 16.500 11.500 19.500
v 15.500 11.500 18.500
v 17.500 11.500 19.500
v 18.500 11.500 19.500
v 18.500 11.500 18.500
v 21.500 11.500 21.500
v 22.500 11.500 21.500
v 22.500 11.500 20.500
v 21.500 11.500 20.500
v 15.500 11.500 22.500
v 19.500 11.500 22.500
v 19.500 11.500 21.500
v 15.500 11.500 21.500
v 14.500 11.500 23.500
v 16.500 11.500 23.500
v 16.500 11.500 22.500
v 14.500 11.500 22.500
v 18.500 11.500 24.500
v 19.500 11.500 24.500
v 18.500 11.500 22.500
v 11.500 11.500 24.500
v 13.500 11.500 24.500
v 13.500 11.500 23.500
v 11.500 11.500 23.500
v 14.500 11.500 24.500
v 15.500 11.500 24.500
v 15.500 11.500 23.500
v 12.500 11.500 25.500
v 16.500 11.500 25.500
v 16.500 11.500 24.500
v 12.500 11.500 24.500
v 17.500 11.500 25.500
v 19.500 11.500 25.500
v 17.500 11.500 24.500
v 21.500 11.500 25.500
v 22.500 11.500 25.500
v 22.500 11.500 24.500
v 21.500 11.500 24.500
v 26.500 11.500 25.500
v 25.500 11.500 25.500
v 25.500 11.500 24.500
v 26.500 11.500 24.500
v 13.500 5.500 10.500
v 18.500 5.500 10.500
v 25.500 5.500 12.500
v 27.500 5.500 12.500
v 14.500 5.500 11.500
v 18.500 5.500 11.500
v 14.500 5.500 10.500
v 13.500 5.500 13.500
v 18.500 5.500 13.500
v 13.500 5.500 11.500
v 25.500 5.500 17.500
v 26.500 5.500 17.500
v 26.500 5.500 12.500
v 12.500 5.500 14.500
v 19.500 5.500 14.500
v 19.500 5.500 13.500
v 12.500 5.500 13.500
v 12.500 5.500 15.500
v 14.500 5.500 15.500
v 14.500 5.500 14.500
v 15.500 5.500 15.500
v 18.500 5.500 15.500
v 18.500 5.500 14.500
v 15.500 5.500 14.500
v 11.500 5.500 16.500
v 18.500 5.500 16.500
v 11.500 5.500 15.500
v 11.500 5.500 17.500
v 17.500 5.500 17.500
v 17.500 5.500 16.500
v 11.500 5.500 18.500
v 15.500 5.500 18.500
v 15.500 5.500 17.500
v 11.500 5.500 19.500
v 13.500 5.500 19.500
v 13.500 5.500 18.500
v 11.500 5.500 20.500
v 12.500 5.500 20.500
v 12.500 5.500 19.500
v 19.500 6.500 14.500
v 19.500 6.500 13.500
v 19.500 9.500 16.500
v 19.500 9.500 15.500
v 19.500 10.500 15.500
v 19.500 10.500 16.500
v 19.500 8.500 20.500
v 19.500 8.500 16.500
v 19.500 10.500 20.500
v 19.500 1.500 20.500
v 19.500 6.500 20.500
v 19.500 6.500 21.500
v 19.500 7.500 21.500
v 19.500 7.500 20.500
v 19.500 9.500 25.500
v 19.500 9.500 21.500
v 19.500 3.500 23.500
v 19.500 3.500 24.500
v 19.500 3.500 25.500
v 26.500 3.500 21.500
v 22.500 3.500 21.500
v 22.500 3.500 20.500
v 26.500 3.500 20.500
v 26.500 3.500 22.500
v 20.500 3.500 22.500
v 20.500 3.500 21.500
v 20.500 3.500 23.500
v 27.500 3.500 24.500
v 17.500 8.500 16.500
v 17.500 8.500 12.500
v 17.500 10.500 12.500
v 17.500 10.500 16.500
v 17.500 8.500 15.500
v 17.500 10.500 15.500
v 17.500 8.500 17.500
v 17.500 9.500 16.500
v 17.500 9.500 17.500
v 17.500 10.500 17.500
v 17.500 12.500 16.500
v 17.500 12.500 17.500
v 17.500 6.500 17.500
v 17.500 6.500 16.500
v 17.500 6.500 18.500
v 17.500 12.500 18.500
v 17.500 12.500 19.500
v 17.500 -0.500 23.500
v 17.500 -0.500 21.500
v 17.500 1.500 21.500
v 17.500 1.500 23.500
v 17.500 6.500 21.500
v 17.500 6.500 23.500
v 17.500 7.500 23.500
v 17.500 7.500 21.500
v 17.500 12.500 23.500
v 17.500 12.500 22.500
v 17.500 13.500 22.500
v 17.500 13.500 23.500
v 17.500 1.500 25.500
v 17.500 7.500 24.500
v 17.500 12.500 24.500
v 17.500 2.500 24.500
v 17.500 2.500 25.500
v 17.500 13.500 24.500
v 17.500 13.500 25.500
v 23.500 9.500 10.500
v 22.500 9.500 10.500
v 22.500 9.500 9.500
v 23.500 9.500 9.500
v 26.500 9.500 10.500
v 26.500 9.500 9.500
v 12.500 9.500 13.500
v 11.500 9.500 13.500
v 11.500 9.500 12.500
v 12.500 9.500 12.500
v 23.500 9.500 14.500
v 22.500 9.500 14.500
v 22.500 9.500 13.500
v 23.500 9.500 13.500
v 18.500 9.500 16.500
v 18.500 9.500 15.500
v 16.500 9.500 17.500
v 16.500 9.500 16.500
v 19.500 9.500 23.500
v 14.500 9.500 23.500
v 14.500 9.500 21.500
v 13.500 9.500 24.500
v 11.500 9.500 24.500
v 11.500 9.500 23.500
v 13.500 9.500 23.500
v 16.500 9.500 24.500
v 14.500 9.500 24.500
v 16.500 9.500 23.500
v 19.500 9.500 24.500
v 17.500 9.500 24.500
v 17.500 9.500 23.500
v 11.500 9.500 25.500
v 15.500 10.500 11.500
v 15.500 10.500 10.500
v 15.500 12.500 10.500
v 15.500 12.500 11.500
v 15.500 10.500 12.500
v 15.500 12.500 13.500
v 15.500 12.500 14.500
v 15.500 10.500 16.500
v 15.500 10.500 15.500
v 15.500 12.500 15.500
v 15.500 12.500 16.500
v 15.500 6.500 18.500
v 15.500 6.500 17.500
v 15.500 10.500 17.500
v 15.500 10.500 18.500
v 15.500 12.500 18.500
v 15.500 12.500 17.500
v 15.500 10.500 19.500
v 15.500 10.500 21.500
v 15.500 10.500 22.500
v 15.500 13.500 24.500
v 15.500 13.500 23.500
v 15.500 6.500 24.500
v 15.500 6.500 25.500
v 15.500 7.500 25.500
v 15.500 7.500 24.500
v 14.500 10.500 16.500
v 14.500 12.500 16.500
v 16.500 10.500 16.500
v 16.500 12.500 16.500
v 18.500 6.500 16.500
v 18.500 8.500 16.500
v 26.500 7.500 20.500
v 27.500 7.500 20.500
v 26.500 7.500 19.500
v 23.500 7.500 21.500
v 23.500 7.500 20.500
v 24.500 7.500 21.500
v 24.500 7.500 20.500
v 17.500 7.500 22.500
v 26.500 7.500 22.500
v 26.500 7.500 21.500
v 23.500 7.500 23.500
v 23.500 7.500 22.500
v 24.500 7.500 23.500
v 26.500 7.500 23.500
v 24.500 7.500 22.500
v 26.500 7.500 24.500
v 13.500 6.500 10.500
v 13.500 10.500 9.500
v 13.500 10.500 10.500
v 13.500 12.500 10.500
v 13.500 12.500 9.500
v 13.500 6.500 11.500
v 13.500 6.500 13.500
v 13.500 12.500 12.500
v 13.500 12.500 11.500
v 13.500 10.500 13.500
v 13.500 10.500 14.500
v 13.500 10.500 15.500
v 13.500 12.500 15.500
v 13.500 12.500 14.500
v 13.500 6.500 19.500
v 13.500 6.500 18.500
v 16.500 12.500 18.500
v 16.500 6.500 18.500
v 18.500 12.500 18.500
v 26.500 -0.500 18.500
v 26.500 0.500 18.500
v 27.500 4.500 18.500
v 26.500 4.500 18.500
v 26.500 5.500 18.500
v 26.500 6.500 18.500
v 14.500 8.500 20.500
v 14.500 10.500 20.500
v 18.500 -0.500 20.500
v 20.500 -0.500 20.500
v 18.500 0.500 20.500
v 20.500 2.500 20.500
v 23.500 2.500 20.500
v 11.500 6.500 20.500
v 12.500 6.500 20.500
v 23.500 6.500 20.500
v 26.500 10.500 20.500
v 21.500 10.500 20.500
v 26.500 11.500 20.500
v 22.500 12.500 20.500
v 26.500 12.500 20.500
v 26.500 6.500 20.500
v 24.500 6.500 20.500
v 14.500 10.500 22.500
v 16.500 12.500 22.500
v 18.500 12.500 22.500
v 16.500 13.500 22.500
v 23.500 12.500 22.500
v 22.500 12.500 22.500
v 22.500 14.500 22.500
v 23.500 14.500 22.500
v 23.500 13.500 22.500
v 24.500 13.500 22.500
v 25.500 12.500 22.500
v 24.500 12.500 22.500
v 24.500 14.500 22.500
v 25.500 14.500 22.500
v 16.500 13.500 24.500
v 16.500 7.500 24.500
v 16.500 12.500 24.500
v 18.500 2.500 24.500
v 18.500 13.500 24.500
v 22.500 12.500 24.500
v 21.500 12.500 24.500
v 24.500 12.500 24.500
v 24.500 13.500 24.500
v 22.500 13.500 24.500
v 23.500 13.500 24.500
v 24.500 14.500 24.500
v 23.500 14.500 24.500
v 26.500 4.500 24.500
v 24.500 4.500 24.500
v 25.500 10.500 24.500
v 26.500 10.500 24.500
v 26.500 8.500 24.500
v 11.500 13.500 24.500
v 12.500 13.500 24.500
v 16.500 6.500 24.500
v 21.500 10.500 21.500
v 21.500 10.500 24.500
v 21.500 12.500 21.500
v 21.500 10.500 25.500
v 12.500 6.500 15.500
v 11.500 6.500 15.500
v 14.500 10.500 15.500
v 14.500 12.500 15.500
v 16.500 10.500 15.500
v 16.500 12.500 15.500
v 18.500 8.500 15.500
v 17.500 9.500 15.500
v 20.500 0.500 19.500
v 16.500 0.500 23.500
v 23.500 8.500 9.500
v 23.500 8.500 10.500
v 23.500 10.500 10.500
v 23.500 10.500 11.500
v 23.500 10.500 12.500
v 23.500 12.500 12.500
v 23.500 12.500 11.500
v 23.500 8.500 13.500
v 23.500 8.500 14.500
v 23.500 6.500 21.500
v 23.500 12.500 21.500
v 23.500 14.500 21.500
v 23.500 13.500 23.500
v 23.500 4.500 23.500
v 23.500 4.500 25.500
v 23.500 14.500 23.500
v 18.500 2.375 21.500
v 17.500 2.375 25.500
v 17.500 2.375 24.500
v 16.500 13.500 23.500
v 24.500 13.500 23.500
v 18.500 13.500 23.500
v 22.500 13.500 23.500
v 11.500 13.500 25.500
v 12.500 13.500 25.500
v 16.500 13.500 25.500
v 25.500 5.500 11.500
v 25.500 6.500 11.500
v 25.500 10.500 11.500
v 25.500 10.500 10.500
v 25.500 12.500 10.500
v 25.500 12.500 11.500
v 25.500 6.500 12.500
v 25.500 6.500 17.500
v 25.500 10.500 13.500
v 25.500 10.500 12.500
v 25.500 12.500 12.500
v 25.500 12.500 13.500
v 25.500 12.500 23.500
v 25.500 14.500 23.500
v 25.500 10.500 25.500
v 27.500 10.500 9.500
v 27.500 10.500 10.500
v 27.500 4.500 12.500
v 27.500 8.500 14.500
v 27.500 8.500 10.500
v 27.500 10.500 14.500
v 27.500 1.500 18.500
v 27.500 1.500 19.500
v 22.500 3.375 21.500
v 26.500 3.375 21.500
v 26.500 3.375 20.500
v 22.500 3.375 20.500
v 20.500 3.375 22.500
v 26.500 3.375 22.500
v 20.500 3.375 21.500
v 20.500 3.375 23.500
v 19.500 3.375 25.500
v 19.500 3.375 23.500
v 11.500 8.500 9.500
v 14.500 10.500 9.500
v 14.500 12.500 9.500
v 16.500 8.500 9.500
v 22.500 10.500 9.500
v 26.500 8.500 9.500
v 12.500 12.500 11.500
v 14.500 12.500 11.500
v 24.500 12.500 11.500
v 24.500 6.500 11.500
v 26.500 10.500 11.500
v 26.500 12.500 11.500
v 12.500 10.500 13.500
v 11.500 10.500 13.500
v 12.500 6.500 13.500
v 18.500 6.500 13.500
v 22.500 8.500 13.500
v 24.500 10.500 13.500
v 24.500 12.500 13.500
v 16.500 10.500 13.500
v 14.500 12.500 13.500
v 12.500 10.500 10.500
v 12.500 10.500 11.500
v 12.500 12.500 10.500
v 12.500 10.500 12.500
v 12.500 8.500 12.500
v 12.500 8.500 13.500
v 12.500 8.500 17.500
v 12.500 10.500 17.500
v 12.500 6.500 19.500
v 11.500 10.500 10.500
v 14.500 10.500 10.500
v 16.500 10.500 10.500
v 22.500 10.500 10.500
v 11.500 10.500 12.500
v 16.500 10.500 12.500
v 22.500 10.500 12.500
v 27.500 10.500 11.500
v 26.500 10.500 12.500
v 27.500 10.500 12.500
v 17.500 10.500 13.500
v 22.500 10.500 13.500
v 24.500 10.500 12.500
v 27.500 10.500 13.500
v 12.500 10.500 15.500
v 22.500 10.500 14.500
v 12.500 10.500 16.500
v 19.500 10.500 17.500
v 16.500 10.500 17.500
v 14.500 10.500 19.500
v 14.500 10.500 17.500
v 18.500 10.500 19.500
v 19.500 10.500 19.500
v 18.500 10.500 17.500
v 26.500 10.500 22.500
v 21.500 10.500 22.500
v 14.500 10.500 21.500
v 23.500 10.500 23.500
v 21.500 10.500 23.500
v 23.500 10.500 22.500
v 26.500 10.500 23.500
v 24.500 10.500 23.500
v 24.500 10.500 22.500
v 23.500 4.375 24.500
v 24.500 4.375 24.500
v 24.500 4.375 23.500
v 23.500 4.375 23.500
v 23.500 4.375 25.500
v 26.500 4.375 25.500
v 26.500 4.375 24.500
v 20.500 -0.500 19.500
v 26.500 4.500 12.500
v 23.500 4.500 24.500
v 24.500 4.500 23.500
v 26.500 4.500 25.500
v 18.500 6.500 14.500
v 18.500 10.500 18.500
v 18.500 12.500 17.500
v 18.500 -0.500 21.500
v 18.500 2.500 21.500
v 18.500 2.500 22.500
v 18.500 11.500 23.500
v 18.500 12.500 23.500
v 24.500 2.500 19.500
v 19.500 2.500 22.500
v 16.500 8.500 12.500
v 16.500 10.500 14.500
v 16.500 12.500 14.500
v 16.500 12.500 17.500
v 16.500 6.500 17.500
v 16.500 12.500 19.500
v 16.500 -0.500 25.500
v 16.500 -0.500 23.500
v 16.500 6.500 23.500
v 16.500 7.500 23.500
v 16.500 12.500 23.500
v 16.500 8.500 10.500
v 11.500 8.500 10.500
v 26.500 8.500 10.500
v 13.500 8.500 11.500
v 11.500 8.500 11.500
v 13.500 8.500 10.500
v 16.500 8.500 11.500
v 14.500 8.500 11.500
v 14.500 8.500 10.500
v 27.500 8.500 11.500
v 22.500 8.500 11.500
v 22.500 8.500 10.500
v 11.500 8.500 12.500
v 24.500 8.500 12.500
v 22.500 8.500 12.500
v 24.500 8.500 11.500
v 27.500 8.500 12.500
v 25.500 8.500 12.500
v 25.500 8.500 11.500
v 17.500 8.500 14.500
v 12.500 8.500 14.500
v 27.500 8.500 13.500
v 14.500 8.500 15.500
v 12.500 8.500 15.500
v 14.500 8.500 14.500
v 15.500 8.500 15.500
v 15.500 8.500 14.500
v 19.500 8.500 18.500
v 17.500 8.500 18.500
v 16.500 8.500 18.500
v 14.500 8.500 18.500
v 14.500 8.500 17.500
v 16.500 8.500 17.500
v 26.500 8.500 21.500
v 14.500 12.500 10.500
v 14.500 12.500 12.500
v 14.500 12.500 14.500
v 14.500 9.500 22.500
v 11.500 6.500 13.500
v 18.500 6.500 11.500
v 18.500 6.500 12.500
v 24.500 6.500 12.500
v 25.500 6.500 13.500
v 25.500 6.500 14.500
v 25.500 6.500 16.500
v 26.500 6.500 17.500
v 26.500 6.500 19.500
v 11.500 6.500 21.500
v 24.500 6.500 21.500
v 11.500 6.500 23.500
v 11.500 6.500 24.500
v 11.500 6.500 25.500
v 16.500 5.500 17.500
v 26.500 -0.500 19.500
v 22.500 1.500 19.500
v 17.500 0.500 21.500
v 19.500 10.500 21.500
v 22.500 12.500 21.500
v 24.500 12.500 21.500
v 24.500 14.500 21.500
v 22.500 14.500 23.500
v 24.500 12.500 23.500
v 24.500 14.500 23.500
v 14.500 9.500 25.500
v 15.500 9.500 25.500
v 15.500 10.500 25.500
v 14.500 10.500 25.500
v 16.500 1.500 25.500
v 18.500 9.500 25.500
v 18.500 11.500 25.500
v 26.500 12.500 25.500
v 22.500 12.500 25.500
v 23.500 1.500 19.500
v 17.500 1.500 22.500
v 22.500 12.500 23.500
v 11.500 5.500 21.500
v 11.500 11.500 25.500
v 24.500 12.500 10.500
v 24.500 12.500 12.500
v 26.500 12.500 12.500
v 26.500 4.500 17.500
v 26.500 12.500 24.500
v 25.500 11.500 10.500
v 26.500 12.500 21.500
v 21.500 12.500 22.500
v 26.500 12.500 22.500
v 26.500 12.500 23.500
v 27.500 9.500 14.500
v -40.500 5.500 26.500
v -38.500 5.500 26.500
v -38.500 5.500 25.500
v -40.500 5.500 25.500
v -40.500 5.500 39.500
v -36.500 5.500 39.500
v -36.500 5.500 26.500
v -38.500 4.500 26.500
v -36.500 4.500 26.500
v -36.500 4.500 25.500
v -38.500 4.500 25.500
v -36.500 4.500 27.500
v -36.500 5.500 27.500
v -39.500 4.500 25.500
v -39.500 5.500 25.500
v -5.500 5.500 37.500
v -5.500 5.500 38.500
v -5.500 6.500 38.500
v -5.500 6.500 37.500
v -17.500 11.500 28.500
v -18.500 11.500 28.500
v -18.500 11.500 27.500
v -17.500 11.500 27.500
v -17.500 10.500 26.500
v -19.500 10.500 26.500
v -19.500 10.500 25.500
v -17.500 10.500 25.500
v -17.500 10.500 27.500
v -20.500 10.500 27.500
v -20.500 10.500 26.500
v -18.500 10.500 28.500
v -20.500 10.500 28.500
v -18.500 10.500 27.500
v -20.500 4.375 39.500
v -4.500 4.375 39.500
v -4.500 4.375 25.500
v -20.500 4.375 25.500
v -19.500 5.500 26.500
v -20.500 5.500 26.500
v -20.500 5.500 25.500
v -19.500 5.500 25.500
v -15.500 5.500 26.500
v -15.500 5.500 25.500
v -15.500 5.500 29.500
v -20.500 5.500 29.500
v -16.500 5.500 31.500
v -20.500 5.500 31.500
v -16.500 5.500 29.500
v -15.500 5.500 30.500
v -16.500 5.500 30.500
v -14.500 5.500 30.500
v -14.500 5.500 29.500
v -19.500 5.500 32.500
v -20.500 5.500 32.500
v -19.500 5.500 31.500
v -4.500 5.500 38.500
v -4.500 5.500 37.500
v -4.500 6.500 37.500
v -19.500 6.500 26.500
v -15.500 6.500 26.500
v -15.500 6.500 25.500
v -19.500 6.500 25.500
v -20.500 6.500 29.500
v -15.500 6.500 29.500
v -20.500 6.500 26.500
v -20.500 6.500 31.500
v -16.500 6.500 31.500
v -16.500 6.500 29.500
v -16.500 6.500 30.500
v -15.500 6.500 30.500
v -14.500 6.500 30.500
v -14.500 6.500 29.500
v -20.500 6.500 32.500
v -19.500 6.500 32.500
v -19.500 6.500 31.500
v -4.500 6.500 38.500
v -18.500 12.500 26.500
v -18.500 12.500 25.500
v -18.500 14.500 25.500
v -18.500 14.500 26.500
v -20.500 6.500 25.500
v -20.500 13.500 26.500
v -20.500 13.500 25.500
v -20.500 5.500 27.500
v -20.500 6.500 27.500
v -20.500 12.500 26.500
v -20.500 12.500 27.500
v -20.500 14.500 27.500
v -20.500 14.500 26.500
v -19.500 13.500 25.500
v -19.500 13.500 26.500
v -19.500 12.500 27.500
v -19.500 12.500 26.500
v -19.500 14.500 26.500
v -19.500 14.500 27.500
v -18.500 13.500 25.500
v -19.500 14.500 25.500
v -17.500 12.500 25.500
v -17.500 12.500 27.500
v -17.500 12.500 28.500
v -20.500 14.500 25.500
v -20.500 11.500 28.500
v -20.500 12.500 28.500
v -17.500 12.500 26.500
v 16.500 1.375 26.500
v 17.500 1.500 26.500
v 16.500 1.375 25.500
v 18.500 2.375 26.500
v 19.500 2.500 26.500
v 22.500 3.375 26.500
v 23.500 3.500 26.500
v 16.500 1.375 27.500
v 17.500 1.500 27.500
v 18.500 2.375 27.500
v 19.500 2.500 27.500
v 22.500 3.375 27.500
v 23.500 3.500 27.500
v 15.500 0.375 28.500
v 16.500 0.500 28.500
v 16.500 0.500 27.500
v 15.500 0.375 27.500
v 16.500 1.375 28.500
v 17.500 1.500 28.500
v 18.500 2.375 28.500
v 19.500 2.500 28.500
v 22.500 3.375 28.500
v 23.500 3.500 28.500
v 15.500 0.500 29.500
v 16.500 0.500 29.500
v 16.500 1.500 29.500
v 17.500 1.500 29.500
v 18.500 2.375 29.500
v 19.500 2.500 29.500
v 22.500 3.375 29.500
v 23.500 3.375 29.500
v 24.500 3.375 29.500
v 24.500 3.500 28.500
v 25.500 3.375 29.500
v 25.500 3.500 28.500
v 26.500 3.375 29.500
v 26.500 3.500 28.500
v 14.500 0.375 30.500
v 15.500 0.500 30.500
v 14.500 0.375 29.500
v 15.500 1.375 30.500
v 16.500 1.500 30.500
v 15.500 1.375 29.500
v 18.500 2.375 30.500
v 19.500 2.500 30.500
v 26.500 3.375 30.500
v 14.500 0.375 31.500
v 15.500 0.500 31.500
v 15.500 1.375 31.500
v 16.500 1.500 31.500
v 18.500 2.375 31.500
v 19.500 2.500 31.500
v 26.500 3.375 31.500
v 27.500 3.500 31.500
v 14.500 0.500 32.500
v 15.500 0.500 32.500
v 15.500 1.375 32.500
v 16.500 1.500 32.500
v 18.500 2.375 32.500
v 19.500 2.500 32.500
v 25.500 3.375 32.500
v 26.500 3.500 32.500
v 25.500 3.375 31.500
v 27.500 3.500 32.500
v 13.500 0.375 33.500
v 14.500 0.500 33.500
v 13.500 0.375 32.500
v 15.500 1.375 33.500
v 16.500 1.500 33.500
v 18.500 2.375 33.500
v 19.500 2.500 33.500
v 25.500 3.375 33.500
v 26.500 3.500 33.500
v 13.500 0.375 34.500
v 14.500 0.500 34.500
v 15.500 1.375 34.500
v 16.500 1.500 34.500
v 18.500 2.375 34.500
v 19.500 2.375 34.500
v 20.500 2.375 34.500
v 20.500 2.500 33.500
v 21.500 2.375 34.500
v 21.500 2.500 33.500
v 22.500 2.375 34.500
v 22.500 2.500 33.500
v 23.500 2.375 34.500
v 23.500 2.500 33.500
v 24.500 2.500 34.500
v 24.500 2.500 33.500
v 25.500 3.375 34.500
v 26.500 3.500 34.500
v 12.500 0.375 35.500
v 13.500 0.500 35.500
v 12.500 0.375 34.500
v 14.500 0.500 35.500
v 15.500 1.375 35.500
v 16.500 1.500 35.500
v 23.500 2.375 35.500
v 24.500 2.375 35.500
v 25.500 2.500 35.500
v 25.500 2.500 34.500
v 25.500 3.375 35.500
v 26.500 3.375 35.500
v 12.500 0.375 36.500
v 13.500 0.500 36.500
v 15.500 1.375 36.500
v 16.500 1.375 36.500
v 17.500 1.500 36.500
v 17.500 1.500 35.500
v 22.500 1.500 36.500
v 23.500 1.375 36.500
v 23.500 1.500 35.500
v 22.500 1.500 35.500
v 24.500 1.500 36.500
v 24.500 1.500 35.500
v 24.500 2.375 36.500
v 25.500 2.375 36.500
v 26.500 2.375 36.500
v 26.500 2.500 35.500
v 11.500 0.375 37.500
v 12.500 0.500 37.500
v 11.500 0.375 36.500
v 13.500 0.500 37.500
v 16.500 1.375 37.500
v 17.500 1.375 37.500
v 18.500 1.375 37.500
v 18.500 1.500 36.500
v 19.500 1.375 37.500
v 19.500 1.500 36.500
v 20.500 1.375 37.500
v 20.500 1.500 36.500
v 21.500 1.375 37.500
v 21.500 1.500 36.500
v 22.500 1.375 37.500
v 23.500 1.375 37.500
v 23.500 0.500 37.500
v 24.500 0.375 37.500
v 24.500 0.500 36.500
v 23.500 0.500 36.500
v 25.500 0.500 37.500
v 25.500 0.500 36.500
v 25.500 1.375 37.500
v 26.500 1.375 37.500
v 26.500 1.500 36.500
v 25.500 1.500 36.500
v 11.500 0.375 38.500
v 12.500 0.500 38.500
v 19.500 0.500 38.500
v 20.500 0.375 38.500
v 20.500 0.500 37.500
v 19.500 0.500 37.500
v 21.500 0.375 38.500
v 21.500 0.500 37.500
v 22.500 0.375 38.500
v 22.500 0.500 37.500
v 12.500 0.375 39.500
v 13.500 0.375 39.500
v 13.500 0.500 38.500
v 14.500 0.375 39.500
v 14.500 0.500 38.500
v 15.500 0.500 39.500
v 15.500 0.500 38.500
v 16.500 0.500 39.500
v 17.500 0.375 39.500
v 17.500 0.500 38.500
v 16.500 0.500 38.500
v 18.500 0.375 39.500
v 18.500 0.500 38.500
v 19.500 0.375 39.500
v 13.500 11.500 26.500
v 18.500 11.500 26.500
v 13.500 11.500 25.500
v 13.500 11.500 27.500
v 14.500 11.500 27.500
v 14.500 11.500 26.500
v 11.500 11.500 28.500
v 13.500 11.500 28.500
v 11.500 11.500 27.500
v 23.500 11.500 30.500
v 20.500 11.500 30.500
v 20.500 11.500 29.500
v 23.500 11.500 29.500
v 11.500 11.500 31.500
v 12.500 11.500 31.500
v 12.500 11.500 30.500
v 11.500 11.500 30.500
v 13.500 11.500 31.500
v 14.500 11.500 31.500
v 14.500 11.500 30.500
v 13.500 11.500 30.500
v 15.500 11.500 31.500
v 16.500 11.500 31.500
v 16.500 11.500 30.500
v 15.500 11.500 30.500
v 24.500 11.500 31.500
v 19.500 11.500 31.500
v 19.500 11.500 30.500
v 24.500 11.500 30.500
v 14.500 11.500 32.500
v 15.500 11.500 32.500
v 21.500 11.500 32.500
v 19.500 11.500 32.500
v 21.500 11.500 31.500
v 24.500 11.500 32.500
v 22.500 11.500 32.500
v 22.500 11.500 31.500
v 15.500 11.500 33.500
v 16.500 11.500 33.500
v 16.500 11.500 32.500
v 24.500 11.500 34.500
v 19.500 11.500 34.500
v 11.500 11.500 34.500
v 12.500 11.500 34.500
v 12.500 11.500 33.500
v 11.500 11.500 33.500
v 21.500 11.500 34.500
v 25.500 11.500 34.500
v 25.500 11.500 33.500
v 21.500 11.500 33.500
v 19.500 11.500 35.500
v 18.500 11.500 35.500
v 18.500 11.500 34.500
v 24.500 11.500 35.500
v 26.500 11.500 35.500
v 26.500 11.500 34.500
v 12.500 11.500 36.500
v 15.500 11.500 36.500
v 15.500 11.500 35.500
v 12.500 11.500 35.500
v 25.500 11.500 36.500
v 26.500 11.500 36.500
v 25.500 11.500 35.500
v 11.500 11.500 38.500
v 12.500 11.500 38.500
v 11.500 11.500 36.500
v 15.500 11.500 37.500
v 18.500 11.500 37.500
v 18.500 11.500 36.500
v 24.500 11.500 37.500
v 26.500 11.500 37.500
v 24.500 11.500 36.500
v 15.500 11.500 38.500
v 17.500 11.500 38.500
v 17.500 11.500 37.500
v 23.500 11.500 38.500
v 26.500 11.500 38.500
v 23.500 11.500 37.500
v 15.500 11.500 39.500
v 16.500 11.500 39.500
v 16.500 11.500 38.500
v 17.500 11.500 39.500
v 18.500 11.500 39.500
v 18.500 11.500 38.500
v 23.500 11.500 39.500
v 22.500 11.500 39.500
v 22.500 11.500 38.500
v 19.500 3.500 26.500
v 19.500 3.500 28.500
v 19.500 3.500 33.500
v 19.500 12.500 29.500
v 19.500 12.500 30.500
v 19.500 13.500 30.500
v 19.500 13.500 29.500
v 19.500 11.500 33.500
v 19.500 13.500 33.500
v 19.500 12.500 34.500
v 19.500 12.500 33.500
v 19.500 10.500 34.500
v 19.500 10.500 35.500
v 19.500 12.500 35.500
v 19.500 12.500 36.500
v 19.500 13.500 36.500
v 19.500 13.500 35.500
v 19.500 8.500 37.500
v 19.500 8.500 36.500
v 19.500 10.500 36.500
v 19.500 10.500 37.500
v 19.500 12.500 37.500
v 19.500 14.500 37.500
v 19.500 14.500 36.500
v 19.500 1.500 38.500
v 19.500 1.500 37.500
v 19.500 7.500 39.500
v 19.500 7.500 38.500
v 19.500 8.500 38.500
v 19.500 8.500 39.500
v 19.500 -0.500 38.500
v 19.500 -0.500 39.500
v 19.500 0.500 39.500
v 27.500 3.500 29.500
v 19.500 3.500 29.500
v 23.500 3.500 31.500
v 19.500 3.500 31.500
v 23.500 3.500 29.500
v 24.500 3.500 31.500
v 24.500 3.500 29.500
v 19.500 3.500 32.500
v 24.500 3.500 34.500
v 24.500 3.500 33.500
v 25.500 3.500 35.500
v 25.500 3.500 34.500
v 17.500 2.500 26.500
v 17.500 2.500 27.500
v 17.500 2.500 29.500
v 17.500 8.500 33.500
v 17.500 8.500 30.500
v 17.500 10.500 30.500
v 17.500 10.500 33.500
v 17.500 9.500 34.500
v 17.500 9.500 33.500
v 17.500 10.500 34.500
v 17.500 2.500 35.500
v 17.500 2.500 36.500
v 17.500 7.500 37.500
v 17.500 7.500 38.500
v 17.500 8.500 38.500
v 17.500 8.500 37.500
v 17.500 12.500 38.500
v 17.500 12.500 37.500
v 17.500 7.500 39.500
v 14.500 9.500 26.500
v 12.500 9.500 26.500
v 12.500 9.500 25.500
v 18.500 9.500 26.500
v 15.500 9.500 26.500
v 14.500 9.500 27.500
v 11.500 9.500 27.500
v 11.500 9.500 26.500
v 13.500 9.500 28.500
v 11.500 9.500 28.500
v 13.500 9.500 27.500
v 11.500 9.500 29.500
v 12.500 9.500 29.500
v 12.500 9.500 28.500
v 16.500 9.500 34.500
v 16.500 9.500 33.500
v 25.500 9.500 34.500
v 21.500 9.500 34.500
v 21.500 9.500 33.500
v 25.500 9.500 33.500
v 26.500 9.500 35.500
v 21.500 9.500 35.500
v 26.500 9.500 34.500
v 16.500 9.500 36.500
v 12.500 9.500 36.500
v 12.500 9.500 35.500
v 16.500 9.500 35.500
v 23.500 9.500 36.500
v 21.500 9.500 36.500
v 23.500 9.500 35.500
v 26.500 9.500 36.500
v 24.500 9.500 36.500
v 24.500 9.500 35.500
v 16.500 9.500 37.500
v 11.500 9.500 37.500
v 11.500 9.500 36.500
v 26.500 9.500 37.500
v 21.500 9.500 37.500
v 13.500 9.500 38.500
v 11.500 9.500 38.500
v 13.500 9.500 37.500
v 15.500 9.500 38.500
v 14.500 9.500 38.500
v 14.500 9.500 37.500
v 15.500 9.500 37.500
v 25.500 9.500 38.500
v 22.500 9.500 38.500
v 22.500 9.500 37.500
v 25.500 9.500 37.500
v 15.500 9.500 39.500
v 11.500 9.500 39.500
v 13.500 1.500 37.500
v 12.500 1.500 37.500
v 20.500 12.500 37.500
v 20.500 14.500 37.500
v 20.500 7.500 37.500
v 21.500 7.500 37.500
v 21.500 13.500 37.500
v 20.500 13.500 37.500
v 22.500 10.500 37.500
v 21.500 10.500 37.500
v 21.500 12.500 37.500
v 22.500 12.500 37.500
v 22.500 14.500 37.500
v 21.500 14.500 37.500
v 24.500 13.500 37.500
v 23.500 13.500 37.500
v 26.500 10.500 37.500
v 25.500 10.500 37.500
v 13.500 6.500 37.500
v 12.500 6.500 37.500
v 12.500 7.500 37.500
v 13.500 7.500 37.500
v 13.500 12.500 37.500
v 12.500 12.500 37.500
v 12.500 13.500 37.500
v 13.500 13.500 37.500
v 14.500 7.500 37.500
v 14.500 12.500 37.500
v 15.500 12.500 37.500
v 14.500 13.500 37.500
v 15.500 13.500 37.500
v 16.500 8.500 37.500
v 15.500 8.500 37.500
v 18.500 7.500 37.500
v 18.500 8.500 37.500
v 18.500 12.500 37.500
v 22.500 1.500 37.500
v 20.500 8.500 37.500
v 20.500 10.500 37.500
v 22.500 -0.500 37.500
v 23.500 1.500 37.500
v 25.500 1.500 37.500
v 15.500 6.500 30.500
v 15.500 7.500 30.500
v 15.500 10.500 26.500
v 15.500 -0.500 29.500
v 15.500 -0.500 27.500
v 15.500 0.500 27.500
v 15.500 1.500 29.500
v 15.500 1.500 32.500
v 15.500 12.500 30.500
v 15.500 12.500 31.500
v 15.500 7.500 32.500
v 15.500 7.500 31.500
v 15.500 12.500 32.500
v 15.500 12.500 33.500
v 15.500 10.500 36.500
v 15.500 10.500 35.500
v 15.500 12.500 36.500
v 15.500 13.500 38.500
v 15.500 8.500 39.500
v 15.500 1.500 38.500
v 15.500 1.500 39.500
v 15.500 12.500 38.500
v 15.500 12.500 39.500
v 15.500 7.500 27.500
v 15.500 7.500 28.500
v 26.500 7.500 28.500
v 26.500 7.500 27.500
v 12.500 7.500 29.500
v 11.500 7.500 29.500
v 11.500 7.500 28.500
v 12.500 7.500 28.500
v 15.500 7.500 29.500
v 25.500 7.500 29.500
v 25.500 7.500 28.500
v 13.500 7.500 33.500
v 11.500 7.500 33.500
v 13.500 7.500 29.500
v 23.500 7.500 30.500
v 23.500 7.500 29.500
v 14.500 7.500 31.500
v 23.500 7.500 31.500
v 14.500 7.500 30.500
v 24.500 7.500 31.500
v 24.500 7.500 30.500
v 21.500 7.500 32.500
v 21.500 7.500 31.500
v 22.500 7.500 32.500
v 27.500 7.500 32.500
v 22.500 7.500 31.500
v 14.500 7.500 33.500
v 14.500 7.500 32.500
v 13.500 7.500 34.500
v 12.500 7.500 34.500
v 12.500 7.500 33.500
v 13.500 7.500 35.500
v 11.500 7.500 35.500
v 11.500 7.500 34.500
v 12.500 7.500 36.500
v 11.500 7.500 36.500
v 12.500 7.500 35.500
v 13.500 7.500 36.500
v 23.500 7.500 36.500
v 23.500 7.500 35.500
v 24.500 7.500 36.500
v 24.500 7.500 35.500
v 20.500 7.500 36.500
v 21.500 7.500 36.500
v 12.500 7.500 38.500
v 13.500 7.500 38.500
v 14.500 7.500 38.500
v 12.500 7.500 39.500
v 18.500 7.500 39.500
v 18.500 7.500 38.500
v 13.500 13.500 25.500
v 13.500 13.500 26.500
v 13.500 12.500 26.500
v 13.500 12.500 27.500
v 13.500 8.500 29.500
v 13.500 8.500 34.500
v 13.500 10.500 30.500
v 13.500 10.500 31.500
v 13.500 10.500 32.500
v 13.500 12.500 32.500
v 13.500 12.500 31.500
v 13.500 -0.500 34.500
v 13.500 -0.500 32.500
v 13.500 0.500 32.500
v 13.500 0.500 34.500
v 13.500 6.500 33.500
v 13.500 10.500 34.500
v 13.500 10.500 35.500
v 13.500 1.500 35.500
v 13.500 12.500 36.500
v 13.500 13.500 36.500
v 13.500 12.500 38.500
v 13.500 12.500 39.500
v 13.500 13.500 39.500
v 13.500 13.500 38.500
v 14.500 1.375 35.500
v 14.500 1.375 32.500
v 13.500 1.375 36.500
v 13.500 1.375 35.500
v 13.500 1.375 37.500
v 12.500 1.375 38.500
v 19.500 1.375 38.500
v 12.500 1.375 37.500
v 15.500 1.375 39.500
v 16.500 1.375 39.500
v 16.500 1.375 38.500
v 15.500 1.375 38.500
v 21.500 14.500 30.500
v 21.500 14.500 31.500
v 21.500 15.500 31.500
v 21.500 15.500 30.500
v 21.500 14.500 32.500
v 21.500 13.500 32.500
v 21.500 13.500 33.500
v 21.500 15.500 33.500
v 21.500 15.500 32.500
v 21.500 10.500 36.500
v 21.500 10.500 34.500
v 21.500 12.500 36.500
v 21.500 12.500 35.500
v 21.500 14.500 35.500
v 21.500 14.500 36.500
v 21.500 13.500 36.500
v 21.500 12.500 38.500
v 21.500 14.500 38.500
v 14.500 0.500 29.500
v 12.500 0.500 34.500
v 11.500 0.500 38.500
v 11.500 0.500 36.500
v 12.500 0.500 36.500
v 22.500 0.500 38.500
v 14.500 0.500 39.500
v 12.500 0.500 39.500
v 17.500 2.375 29.500
v 16.500 2.375 34.500
v 16.500 2.375 29.500
v 16.500 2.375 35.500
v 17.500 2.375 36.500
v 22.500 2.375 36.500
v 22.500 2.375 35.500
v 17.500 2.375 35.500
v 23.500 4.500 28.500
v 23.500 12.500 29.500
v 23.500 12.500 30.500
v 23.500 8.500 31.500
v 23.500 8.500 29.500
v 23.500 13.500 32.500
v 23.500 13.500 31.500
v 23.500 15.500 31.500
v 23.500 15.500 32.500
v 23.500 13.500 33.500
v 23.500 14.500 32.500
v 23.500 14.500 33.500
v 23.500 12.500 34.500
v 23.500 12.500 35.500
v 23.500 13.500 35.500
v 23.500 13.500 34.500
v 23.500 12.500 36.500
v 23.500 1.500 36.500
v 23.500 12.500 37.500
v 23.500 13.500 36.500
v 23.500 12.500 39.500
v 11.500 13.500 26.500
v 11.500 13.500 27.500
v 12.500 13.500 27.500
v 12.500 13.500 26.500
v 24.500 13.500 30.500
v 24.500 13.500 29.500
v 19.500 13.500 32.500
v 20.500 13.500 32.500
v 20.500 13.500 30.500
v 22.500 13.500 31.500
v 24.500 13.500 31.500
v 22.500 13.500 30.500
v 24.500 13.500 33.500
v 20.500 13.500 34.500
v 24.500 13.500 34.500
v 20.500 13.500 33.500
v 24.500 13.500 35.500
v 20.500 13.500 36.500
v 20.500 13.500 35.500
v 22.500 13.500 36.500
v 25.500 13.500 36.500
v 25.500 13.500 35.500
v 22.500 13.500 35.500
v 14.500 13.500 36.500
v 24.500 13.500 36.500
v 12.500 13.500 38.500
v 14.500 13.500 39.500
v 14.500 13.500 38.500
v 11.500 8.500 26.500
v 12.500 8.500 26.500
v 12.500 12.500 26.500
v 11.500 12.500 26.500
v 14.500 10.500 26.500
v 18.500 10.500 26.500
v 25.500 8.500 29.500
v 25.500 8.500 28.500
v 25.500 10.500 38.500
v 26.500 8.500 28.500
v 22.500 15.500 31.500
v 22.500 15.500 30.500
v 20.500 15.500 32.500
v 20.500 15.500 31.500
v 22.500 15.500 33.500
v 22.500 15.500 32.500
v 19.500 3.375 29.500
v 19.500 3.375 31.500
v 19.500 3.375 33.500
v 24.500 3.375 34.500
v 24.500 3.375 33.500
v 24.500 8.500 30.500
v 12.500 10.500 30.500
v 11.500 10.500 30.500
v 16.500 10.500 30.500
v 14.500 6.500 30.500
v 14.500 12.500 30.500
v 16.500 8.500 30.500
v 20.500 12.500 30.500
v 20.500 14.500 30.500
v 22.500 14.500 30.500
v 24.500 12.500 30.500
v 14.500 -0.500 32.500
v 14.500 10.500 32.500
v 14.500 12.500 32.500
v 14.500 1.500 32.500
v 16.500 12.500 32.500
v 22.500 14.500 32.500
v 26.500 4.500 32.500
v 11.500 6.500 34.500
v 12.500 6.500 34.500
v 11.500 10.500 34.500
v 12.500 10.500 34.500
v 12.500 -0.500 34.500
v 16.500 8.500 34.500
v 13.500 9.500 34.500
v 24.500 12.500 34.500
v 20.500 12.500 34.500
v 18.500 12.500 34.500
v 26.500 4.500 34.500
v 12.500 8.500 25.500
v 12.500 12.500 25.500
v 12.500 12.500 27.500
v 12.500 10.500 31.500
v 12.500 6.500 33.500
v 12.500 10.500 33.500
v 12.500 -0.500 36.500
v 12.500 10.500 35.500
v 12.500 10.500 36.500
v 12.500 11.500 37.500
v 12.500 12.500 36.500
v 12.500 1.500 38.500
v 12.500 6.500 39.500
v 12.500 -0.500 39.500
v 12.500 -0.500 38.500
v 16.500 10.500 29.500
v 11.500 10.500 29.500
v 16.500 10.500 33.500
v 11.500 10.500 32.500
v 11.500 10.500 31.500
v 11.500 10.500 33.500
v 14.500 10.500 33.500
v 11.500 10.500 35.500
v 21.500 10.500 35.500
v 11.500 10.500 36.500
v 16.500 10.500 36.500
v 16.500 10.500 35.500
v 18.500 10.500 36.500
v 18.500 10.500 35.500
v 20.500 10.500 36.500
v 22.500 10.500 39.500
v 20.500 10.500 39.500
v 26.500 10.500 38.500
v 23.500 4.375 28.500
v 26.500 4.375 34.500
v 26.500 4.375 32.500
v 20.500 12.500 29.500
v 20.500 13.500 31.500
v 20.500 14.500 31.500
v 20.500 12.500 33.500
v 20.500 14.500 36.500
v 20.500 14.500 35.500
v 20.500 8.500 39.500
v 20.500 12.500 38.500
v 20.500 14.500 38.500
v 18.500 12.500 35.500
v 18.500 12.500 36.500
v 18.500 8.500 38.500
v 18.500 2.500 26.500
v 18.500 2.500 25.500
v 17.500 2.500 28.500
v 17.500 2.500 30.500
v 16.500 2.500 30.500
v 16.500 2.500 29.500
v 18.500 2.500 30.500
v 18.500 2.500 29.500
v 16.500 2.500 31.500
v 18.500 2.500 32.500
v 16.500 2.500 32.500
v 18.500 2.500 31.500
v 18.500 2.500 33.500
v 17.500 2.500 33.500
v 16.500 2.500 33.500
v 17.500 2.500 32.500
v 17.500 2.500 34.500
v 16.500 2.500 34.500
v 19.500 2.500 34.500
v 20.500 2.500 34.500
v 23.500 2.500 34.500
v 16.500 2.500 35.500
v 18.500 2.500 36.500
v 18.500 2.500 34.500
v 20.500 2.500 35.500
v 18.500 2.500 35.500
v 21.500 2.500 35.500
v 21.500 2.500 34.500
v 22.500 2.500 35.500
v 22.500 2.500 34.500
v 19.500 2.500 36.500
v 19.500 2.500 35.500
v 22.500 2.500 36.500
v 24.500 2.500 36.500
v 24.500 2.500 35.500
v 16.500 -0.500 27.500
v 16.500 1.500 27.500
v 16.500 8.500 29.500
v 16.500 10.500 31.500
v 16.500 10.500 32.500
v 16.500 12.500 31.500
v 16.500 8.500 33.500
v 16.500 8.500 36.500
v 16.500 1.500 39.500
v 16.500 1.500 38.500
v 16.500 7.500 38.500
v 16.500 7.500 39.500
v 16.500 8.500 39.500
v 16.500 8.500 38.500
v 16.500 12.500 39.500
v 16.500 12.500 38.500
v 11.500 8.500 25.500
v 27.500 8.500 28.500
v 26.500 8.500 27.500
v 13.500 8.500 30.500
v 23.500 8.500 30.500
v 17.500 8.500 31.500
v 13.500 8.500 31.500
v 24.500 8.500 31.500
v 14.500 8.500 32.500
v 13.500 8.500 32.500
v 14.500 8.500 31.500
v 17.500 8.500 32.500
v 15.500 8.500 32.500
v 15.500 8.500 31.500
v 13.500 8.500 33.500
v 15.500 8.500 38.500
v 20.500 8.500 38.500
v 11.500 -0.500 36.500
v 22.500 12.500 36.500
v 24.500 12.500 36.500
v 14.500 12.500 36.500
v 21.500 2.500 36.500
v 22.500 14.500 36.500
v 25.500 2.500 36.500
v 14.500 -0.500 29.500
v 14.500 6.500 31.500
v 14.500 12.500 31.500
v 14.500 6.500 32.500
v 14.500 1.500 34.500
v 14.500 6.500 33.500
v 14.500 12.500 33.500
v 14.500 1.500 35.500
v 14.500 12.500 38.500
v 14.500 12.500 39.500
v 11.500 6.500 26.500
v 12.500 6.500 26.500
v 12.500 6.500 25.500
v 15.500 6.500 26.500
v 11.500 6.500 30.500
v 11.500 6.500 33.500
v 11.500 6.500 37.500
v 11.500 6.500 39.500
v 12.500 12.500 38.500
v 22.500 10.500 38.500
v 11.500 -0.500 38.500
v 11.500 12.500 38.500
v 14.500 1.500 38.500
v 22.500 -0.500 38.500
v 11.500 12.500 25.500
v 16.500 1.500 26.500
v 14.500 1.500 33.500
v 15.500 1.500 34.500
v 15.500 1.500 33.500
v 13.500 1.500 38.500
v 14.500 1.500 36.500
v 21.500 1.500 37.500
v 14.500 1.500 37.500
v 22.500 14.500 31.500
v 22.500 14.500 33.500
v 22.500 12.500 35.500
v 11.500 11.500 26.500
v 11.500 10.500 39.500
v 11.500 10.500 38.500
v 24.500 12.500 29.500
v 24.500 12.500 35.500
v 11.500 12.500 27.500
v 16.500 9.500 29.500
v 12.500 8.500 29.500
v 23.500 12.500 38.500
v 11.500 12.500 39.500
v 14.500 11.500 33.500
v 21.500 14.500 33.500
v 20.500 3.500 33.500
v 23.500 3.500 33.500
v 13.500 9.500 35.500
v 21.500 13.500 35.500
v 23.500 2.500 35.500
v -35.523 4.500 26.523
v -36.477 4.500 27.477
v -36.477 5.500 27.477
v -35.523 5.500 26.523
v -36.477 4.500 26.523
v -35.523 4.500 27.477
v -35.523 5.500 27.477
v -36.477 5.500 26.523
v -26.500 1.500 26.500
v -26.500 1.500 25.500
v -26.500 2.500 25.500
v -26.500 2.500 26.500
v -26.500 2.500 27.500
v -26.500 3.500 26.500
v -26.500 3.500 27.500
v -26.500 4.500 36.500
v -26.500 4.500 34.500
v -26.500 5.500 34.500
v -26.500 5.500 36.500
v -25.500 -0.500 27.500
v -25.500 -0.500 25.500
v -25.500 1.500 25.500
v -25.500 1.500 27.500
v -25.500 1.500 26.500
v -25.500 2.500 26.500
v -25.500 2.500 27.500
v -25.500 1.500 28.500
v -25.500 3.500 27.500
v -25.500 3.500 28.500
v -25.500 2.500 29.500
v -25.500 2.500 28.500
v -25.500 3.500 29.500
v -25.500 3.500 30.500
v -25.500 4.500 29.500
v -25.500 4.500 30.500
v -27.500 2.500 26.500
v -27.500 2.500 25.500
v -27.500 3.500 25.500
v -27.500 3.500 26.500
v -27.500 3.500 29.500
v -27.500 3.500 28.500
v -27.500 4.500 28.500
v -27.500 4.500 29.500
v -27.500 4.500 33.500
v -27.500 4.500 32.500
v -27.500 5.500 32.500
v -27.500 5.500 33.500
v -27.500 4.500 39.500
v -27.500 4.500 36.500
v -27.500 5.500 36.500
v -27.500 5.500 39.500
v -22.500 10.500 27.500
v -22.500 10.500 25.500
v -20.500 10.500 25.500
v -21.500 10.500 28.500
v -21.500 10.500 27.500
v -29.500 4.375 27.500
v -20.500 4.375 27.500
v -29.500 4.375 25.500
v -28.500 4.375 28.500
v -20.500 4.375 28.500
v -28.500 4.375 27.500
v -27.500 4.375 29.500
v -20.500 4.375 29.500
v -27.500 4.375 28.500
v -25.500 4.375 30.500
v -20.500 4.375 30.500
v -25.500 4.375 29.500
v -24.500 4.375 31.500
v -20.500 4.375 31.500
v -24.500 4.375 30.500
v -23.500 4.375 33.500
v -20.500 4.375 33.500
v -23.500 4.375 31.500
v -22.500 4.375 34.500
v -20.500 4.375 34.500
v -22.500 4.375 33.500
v -23.500 4.375 36.500
v -20.500 4.375 36.500
v -23.500 4.375 34.500
v -24.500 4.375 39.500
v -24.500 4.375 36.500
v -36.500 5.500 28.500
v -35.500 5.500 28.500
v -35.500 5.500 27.500
v -21.500 5.500 31.500
v -21.500 5.500 27.500
v -36.500 5.500 29.500
v -34.500 5.500 29.500
v -34.500 5.500 28.500
v -36.500 5.500 30.500
v -33.500 5.500 30.500
v -33.500 5.500 29.500
v -36.500 5.500 31.500
v -31.500 5.500 31.500
v -31.500 5.500 30.500
v -36.500 5.500 32.500
v -29.500 5.500 32.500
v -29.500 5.500 31.500
v -36.500 5.500 33.500
v -36.500 5.500 34.500
v -24.500 5.500 34.500
v -24.500 5.500 33.500
v -36.500 5.500 36.500
v -32.500 4.500 26.500
v -32.500 4.500 25.500
v -29.500 4.500 26.500
v -29.500 4.500 25.500
v -30.500 4.500 27.500
v -30.500 4.500 26.500
v -29.500 4.500 27.500
v -35.500 4.500 28.500
v -29.500 4.500 28.500
v -35.500 4.500 27.500
v -28.500 4.500 28.500
v -28.500 4.500 27.500
v -34.500 4.500 29.500
v -29.500 4.500 29.500
v -34.500 4.500 28.500
v -33.500 4.500 30.500
v -27.500 4.500 30.500
v -33.500 4.500 29.500
v -26.500 4.500 30.500
v -26.500 4.500 29.500
v -31.500 4.500 31.500
v -24.500 4.500 31.500
v -24.500 4.500 30.500
v -31.500 4.500 30.500
v -29.500 4.500 32.500
v -23.500 4.500 32.500
v -23.500 4.500 31.500
v -29.500 4.500 31.500
v -23.500 4.500 33.500
v -24.500 4.500 34.500
v -22.500 4.500 34.500
v -22.500 4.500 33.500
v -24.500 4.500 33.500
v -23.500 4.500 36.500
v -23.500 4.500 34.500
v -24.500 4.500 39.500
v -24.500 4.500 36.500
v -29.500 3.500 26.500
v -29.500 3.500 25.500
v -29.500 3.500 27.500
v -28.500 3.500 28.500
v -28.500 3.500 27.500
v -24.500 3.500 30.500
v -24.500 3.500 29.500
v -24.500 3.500 31.500
v -23.500 3.500 31.500
v -23.500 3.500 30.500
v -23.500 3.500 33.500
v -22.500 3.500 33.500
v -22.500 3.500 32.500
v -23.500 3.500 32.500
v -23.500 3.500 36.500
v -22.500 3.500 36.500
v -22.500 3.500 34.500
v -23.500 3.500 34.500
v -24.500 3.500 37.500
v -22.500 3.500 37.500
v -24.500 3.500 36.500
v -24.500 3.500 38.500
v -23.500 3.500 38.500
v -23.500 3.500 37.500
v -24.500 3.500 39.500
v -22.500 3.500 39.500
v -22.500 3.500 38.500
v -24.500 2.500 29.500
v -24.500 2.500 28.500
v -23.500 2.500 38.500
v -22.500 2.500 38.500
v -22.500 2.500 37.500
v -23.500 2.500 37.500
v -22.500 2.500 39.500
v -21.500 2.500 39.500
v -21.500 2.500 38.500
v -21.500 6.500 31.500
v -21.500 6.500 27.500
v -21.500 1.500 38.500
v -22.500 1.500 38.500
v -20.500 -0.500 38.500
v -21.500 -0.500 38.500
v -21.500 0.500 38.500
v -20.500 0.500 38.500
v -20.500 -0.500 39.500
v -20.500 0.500 39.500
v -22.500 12.500 27.500
v -22.500 12.500 25.500
v -22.500 -0.500 32.500
v -22.500 -0.500 31.500
v -22.500 0.500 31.500
v -22.500 0.500 32.500
v -22.500 -0.500 33.500
v -22.500 -0.500 34.500
v -22.500 0.500 33.500
v -22.500 0.500 34.500
v -22.500 0.500 35.500
v -22.500 3.500 35.500
v -22.500 1.500 37.500
v -22.500 1.500 35.500
v -21.500 12.500 25.500
v -21.500 12.500 26.500
v -21.500 14.500 26.500
v -21.500 14.500 25.500
v -21.500 12.500 28.500
v -21.500 12.500 27.500
v -21.500 -0.500 35.500
v -21.500 -0.500 34.500
v -21.500 0.500 34.500
v -21.500 0.500 35.500
v -21.500 1.500 35.500
v -21.500 0.500 39.500
v -24.500 -0.500 29.500
v -24.500 -0.500 27.500
v -24.500 1.500 27.500
v -24.500 1.500 29.500
v -24.500 1.500 28.500
v -24.500 1.500 30.500
v -30.500 3.500 25.500
v -30.500 4.500 25.500
v -25.500 0.500 25.500
v -26.500 0.500 25.500
v -20.500 12.500 25.500
v -23.500 -0.500 30.500
v -23.500 -0.500 29.500
v -23.500 1.500 29.500
v -23.500 1.500 30.500
v -23.500 -0.500 31.500
v -23.500 0.500 32.500
v -23.500 0.500 31.500
v -26.500 3.500 29.500
v -22.500 12.500 26.500
v -37.523 4.500 18.523
v -38.477 4.500 19.477
v -38.477 5.500 19.477
v -37.523 5.500 18.523
v -38.477 4.500 18.523
v -37.523 4.500 19.477
v -37.523 5.500 19.477
v -38.477 5.500 18.523
v -36.523 4.500 20.523
v -37.477 4.500 21.477
v -37.477 5.500 21.477
v -36.523 5.500 20.523
v -37.477 4.500 20.523
v -36.523 4.500 21.477
v -36.523 5.500 21.477
v -37.477 5.500 20.523
v -39.523 4.500 22.523
v -40.477 4.500 23.477
v -40.477 5.500 23.477
v -39.523 5.500 22.523
v -40.477 4.500 22.523
v -39.523 4.500 23.477
v -39.523 5.500 23.477
v -40.477 5.500 22.523
v -38.523 4.500 22.523
v -39.477 4.500 23.477
v -39.477 5.500 23.477
v -38.523 5.500 22.523
v -39.477 4.500 22.523
v -38.523 4.500 23.477
v -38.523 5.500 23.477
v -39.477 5.500 22.523
v -38.523 4.500 24.523
v -39.477 4.500 25.477
v -39.477 5.500 25.477
v -38.523 5.500 24.523
v -39.477 4.500 24.523
v -38.523 4.500 25.477
v -38.523 5.500 25.477
v -39.477 5.500 24.523
v -39.500 5.500 24.500
v -40.500 5.500 24.500
v -40.500 4.500 24.500
v -36.500 4.500 24.500
v -36.500 4.500 9.500
v -40.500 4.500 9.500
v -39.500 4.500 24.500
v -3.500 11.500 9.500
v -3.500 11.500 10.500
v -3.500 12.500 10.500
v -3.500 12.500 9.500
v -3.500 15.500 10.500
v -3.500 15.500 9.500
v -3.500 14.500 9.500
v -3.500 14.500 10.500
v -3.500 15.500 11.500
v -3.500 14.500 11.500
v -3.500 19.500 11.500
v -3.500 19.500 10.500
v -3.500 20.500 10.500
v -3.500 20.500 11.500
v -3.500 13.500 11.500
v -3.500 13.500 12.500
v -3.500 12.500 12.500
v -3.500 12.500 11.500
v -3.500 5.500 11.500
v -3.500 5.500 12.500
v -3.500 6.500 12.500
v -3.500 6.500 11.500
v -3.500 11.500 11.500
v -3.500 11.500 12.500
v -3.500 13.500 13.500
v -3.500 12.500 13.500
v -3.500 17.500 13.500
v -3.500 17.500 12.500
v -3.500 19.500 12.500
v -3.500 19.500 13.500
v -3.500 12.500 14.500
v -3.500 13.500 14.500
v -3.500 16.500 14.500
v -3.500 16.500 13.500
v -3.500 17.500 14.500
v -3.500 7.500 16.500
v -3.500 7.500 20.500
v -3.500 9.500 20.500
v -3.500 9.500 16.500
v -3.500 9.500 22.500
v -3.500 9.500 21.500
v -3.500 10.500 21.500
v -3.500 10.500 22.500
v -3.500 9.500 23.500
v -3.500 11.500 22.500
v -3.500 11.500 23.500
v -3.500 9.500 24.500
v -3.500 10.500 23.500
v -3.500 10.500 24.500
v -3.500 4.500 24.500
v -3.500 4.500 25.500
v -3.500 5.500 25.500
v -3.500 5.500 24.500
v -3.500 9.500 25.500
v -3.500 10.500 25.500
v -2.500 11.500 10.500
v -2.500 11.500 9.500
v 9.500 11.500 10.500
v 10.500 11.500 10.500
v 10.500 11.500 9.500
v 9.500 11.500 9.500
v -4.500 11.500 11.500
v -4.500 11.500 10.500
v -2.500 11.500 11.500
v -1.500 11.500 11.500
v -1.500 11.500 10.500
v -2.500 11.500 12.500
v -0.500 11.500 13.500
v 0.500 11.500 13.500
v 0.500 11.500 12.500
v -0.500 11.500 12.500
v -1.500 11.500 14.500
v 1.500 11.500 14.500
v 1.500 11.500 13.500
v -1.500 11.500 13.500
v -0.500 11.500 15.500
v 0.500 11.500 15.500
v 0.500 11.500 14.500
v -0.500 11.500 14.500
v 1.500 11.500 16.500
v 2.500 11.500 16.500
v 2.500 11.500 15.500
v 1.500 11.500 15.500
v 0.500 11.500 17.500
v 3.500 11.500 17.500
v 3.500 11.500 16.500
v 0.500 11.500 16.500
v -1.500 11.500 18.500
v -0.500 11.500 18.500
v -0.500 11.500 17.500
v -1.500 11.500 17.500
v 1.500 11.500 18.500
v 2.500 11.500 18.500
v 2.500 11.500 17.500
v 1.500 11.500 17.500
v 5.500 11.500 18.500
v 6.500 11.500 18.500
v 6.500 11.500 17.500
v 5.500 11.500 17.500
v -2.500 11.500 19.500
v 0.500 11.500 19.500
v 0.500 11.500 18.500
v -2.500 11.500 18.500
v 2.500 11.500 19.500
v 3.500 11.500 19.500
v 3.500 11.500 18.500
v 6.500 11.500 19.500
v 7.500 11.500 19.500
v 7.500 11.500 18.500
v -1.500 11.500 20.500
v -0.500 11.500 20.500
v -0.500 11.500 19.500
v -1.500 11.500 19.500
v 1.500 11.500 20.500
v 4.500 11.500 20.500
v 4.500 11.500 19.500
v 1.500 11.500 19.500
v 7.500 11.500 20.500
v 8.500 11.500 20.500
v 8.500 11.500 19.500
v 2.500 11.500 21.500
v 3.500 11.500 21.500
v 3.500 11.500 20.500
v 2.500 11.500 20.500
v -4.500 11.500 23.500
v -4.500 11.500 22.500
v 10.500 11.500 24.500
v 10.500 11.500 23.500
v 9.500 11.500 25.500
v 9.500 11.500 24.500
v -4.500 5.500 12.500
v -4.500 5.500 11.500
v -4.500 5.500 13.500
v -1.500 5.500 13.500
v -1.500 5.500 12.500
v -4.500 5.500 14.500
v -0.500 5.500 14.500
v -0.500 5.500 13.500
v -4.500 5.500 15.500
v 4.500 5.500 15.500
v 4.500 5.500 14.500
v -4.500 5.500 16.500
v 6.500 5.500 16.500
v 6.500 5.500 15.500
v 10.500 5.500 16.500
v 10.500 5.500 15.500
v -4.500 5.500 17.500
v 1.500 5.500 17.500
v 1.500 5.500 16.500
v 2.500 5.500 17.500
v 7.500 5.500 17.500
v 7.500 5.500 16.500
v 2.500 5.500 16.500
v 8.500 5.500 17.500
v 8.500 5.500 16.500
v -4.500 5.500 18.500
v -4.500 5.500 19.500
v -1.500 5.500 19.500
v -1.500 5.500 18.500
v -0.500 5.500 19.500
v 6.500 5.500 19.500
v 6.500 5.500 18.500
v -0.500 5.500 18.500
v 7.500 5.500 19.500
v 7.500 5.500 18.500
v -4.500 5.500 20.500
v 2.500 5.500 20.500
v 2.500 5.500 19.500
v 3.500 5.500 20.500
v 3.500 5.500 19.500
v -4.500 5.500 21.500
v -4.500 5.500 23.500
v 10.500 5.500 23.500
v 10.500 5.500 21.500
v -4.500 5.500 24.500
v -0.500 5.500 24.500
v -0.500 5.500 23.500
v 0.500 5.500 24.500
v 9.500 5.500 24.500
v 9.500 5.500 23.500
v 0.500 5.500 23.500
v -2.500 5.500 25.500
v -2.500 5.500 24.500
v 1.500 5.500 25.500
v 9.500 5.500 25.500
v 1.500 5.500 24.500
v -2.500 9.500 12.500
v 1.500 9.500 12.500
v 1.500 9.500 11.500
v -2.500 9.500 11.500
v -2.500 9.500 13.500
v -0.500 9.500 13.500
v -0.500 9.500 12.500
v 0.500 9.500 13.500
v 2.500 9.500 13.500
v 2.500 9.500 12.500
v 0.500 9.500 12.500
v -2.500 9.500 14.500
v -1.500 9.500 14.500
v -1.500 9.500 13.500
v 1.500 9.500 14.500
v 2.500 9.500 14.500
v 1.500 9.500 13.500
v -2.500 9.500 15.500
v -0.500 9.500 15.500
v -0.500 9.500 14.500
v 1.500 9.500 15.500
v 4.500 9.500 15.500
v 4.500 9.500 14.500
v -1.500 9.500 16.500
v 0.500 9.500 16.500
v 0.500 9.500 15.500
v -1.500 9.500 15.500
v 2.500 9.500 16.500
v 4.500 9.500 16.500
v 2.500 9.500 15.500
v -3.500 9.500 17.500
v 0.500 9.500 17.500
v 3.500 9.500 18.500
v 4.500 9.500 18.500
v 3.500 9.500 16.500
v -3.500 9.500 19.500
v -2.500 9.500 19.500
v -2.500 9.500 17.500
v 0.500 9.500 18.500
v 1.500 9.500 18.500
v 1.500 9.500 17.500
v 0.500 9.500 19.500
v 2.500 9.500 19.500
v 2.500 9.500 18.500
v -1.500 9.500 20.500
v -1.500 9.500 19.500
v -0.500 9.500 20.500
v 1.500 9.500 20.500
v 1.500 9.500 19.500
v -0.500 9.500 19.500
v -4.500 9.500 21.500
v 2.500 9.500 21.500
v 2.500 9.500 20.500
v -4.500 9.500 20.500
v -2.500 9.500 24.500
v -2.500 9.500 21.500
v 1.500 9.500 22.500
v 5.500 9.500 22.500
v 5.500 9.500 21.500
v 1.500 9.500 21.500
v 10.500 9.500 24.500
v 10.500 9.500 23.500
v -4.500 9.500 25.500
v -4.500 9.500 24.500
v -2.500 9.500 25.500
v -1.500 9.500 25.500
v -1.500 9.500 24.500
v 9.500 9.500 25.500
v 9.500 9.500 24.500
v -0.500 7.500 10.500
v 0.500 7.500 10.500
v 0.500 7.500 9.500
v -0.500 7.500 9.500
v 1.500 7.500 12.500
v -1.500 7.500 12.500
v -1.500 7.500 11.500
v 1.500 7.500 11.500
v 2.500 7.500 13.500
v -2.500 7.500 13.500
v -2.500 7.500 12.500
v 2.500 7.500 12.500
v -0.500 7.500 14.500
v -2.500 7.500 14.500
v -0.500 7.500 13.500
v 2.500 7.500 14.500
v 0.500 7.500 14.500
v 0.500 7.500 13.500
v 3.500 7.500 15.500
v -2.500 7.500 15.500
v 3.500 7.500 14.500
v 4.500 7.500 16.500
v -2.500 7.500 16.500
v 4.500 7.500 15.500
v 1.500 7.500 17.500
v -3.500 7.500 17.500
v 1.500 7.500 16.500
v 4.500 7.500 17.500
v 2.500 7.500 17.500
v 2.500 7.500 16.500
v 5.500 7.500 18.500
v -3.500 7.500 18.500
v 5.500 7.500 17.500
v -1.500 7.500 19.500
v -3.500 7.500 19.500
v -1.500 7.500 18.500
v 5.500 7.500 19.500
v -0.500 7.500 19.500
v -0.500 7.500 18.500
v 2.500 7.500 20.500
v 2.500 7.500 19.500
v 5.500 7.500 20.500
v 3.500 7.500 20.500
v 3.500 7.500 19.500
v 5.500 7.500 21.500
v -4.500 7.500 21.500
v -4.500 7.500 20.500
v -2.500 7.500 22.500
v -4.500 7.500 22.500
v -2.500 7.500 21.500
v 5.500 7.500 22.500
v 0.500 7.500 22.500
v 0.500 7.500 21.500
v 7.500 6.500 16.500
v 6.500 6.500 16.500
v 10.500 6.500 16.500
v 8.500 6.500 16.500
v -3.500 8.500 16.500
v -2.500 8.500 16.500
v -1.500 8.500 16.500
v 1.500 10.500 16.500
v 0.500 10.500 16.500
v 2.500 10.500 16.500
v 9.500 8.500 16.500
v 5.500 8.500 16.500
v 5.500 10.500 16.500
v 9.500 10.500 16.500
v -1.500 10.500 18.500
v -2.500 10.500 18.500
v -0.500 10.500 18.500
v 0.500 10.500 18.500
v 3.500 10.500 18.500
v 2.500 10.500 18.500
v 4.500 10.500 18.500
v 5.500 12.500 18.500
v 6.500 12.500 18.500
v 8.500 10.500 18.500
v 7.500 10.500 18.500
v 7.500 12.500 18.500
v 8.500 12.500 18.500
v 3.500 10.500 20.500
v 2.500 10.500 20.500
v 4.500 10.500 20.500
v 6.500 10.500 20.500
v 8.500 10.500 20.500
v 6.500 11.500 20.500
v 7.500 12.500 20.500
v 6.500 12.500 20.500
v 8.500 8.500 20.500
v 9.500 8.500 20.500
v 9.500 10.500 20.500
v 0.500 6.500 10.500
v 0.500 6.500 9.500
v 0.500 6.500 14.500
v 0.500 6.500 13.500
v 0.500 10.500 13.500
v 0.500 10.500 14.500
v 0.500 10.500 15.500
v 0.500 10.500 17.500
v 0.500 8.500 22.500
v 0.500 8.500 21.500
v 0.500 6.500 25.500
v 0.500 6.500 22.500
v 0.500 8.500 25.500
v 0.500 6.500 23.500
v 0.500 6.500 24.500
v 5.500 8.500 22.500
v 1.500 8.500 22.500
v -4.500 6.500 22.500
v -4.500 10.500 22.500
v -2.500 8.500 22.500
v -1.500 18.500 10.500
v -1.500 18.500 9.500
v -1.500 19.500 9.500
v -1.500 19.500 10.500
v -1.500 12.500 10.500
v -1.500 12.500 11.500
v -1.500 15.500 12.500
v -1.500 15.500 11.500
v -1.500 18.500 11.500
v -1.500 18.500 12.500
v -1.500 8.500 12.500
v -1.500 8.500 11.500
v -1.500 12.500 13.500
v -1.500 12.500 12.500
v -1.500 16.500 12.500
v -1.500 16.500 13.500
v -1.500 6.500 13.500
v -1.500 6.500 12.500
v -1.500 13.500 14.500
v -1.500 13.500 13.500
v -1.500 16.500 14.500
v -1.500 8.500 15.500
v -1.500 10.500 17.500
v -1.500 10.500 19.500
v -1.500 8.500 24.500
v -1.500 8.500 23.500
v -1.500 10.500 23.500
v -1.500 10.500 24.500
v -1.500 6.500 25.500
v -1.500 6.500 24.500
v -4.500 4.500 24.500
v -4.500 10.500 24.500
v -2.500 10.500 24.500
v -1.500 5.500 24.500
v -0.500 6.500 24.500
v -0.500 8.500 24.500
v -0.500 10.500 24.500
v 1.500 6.500 24.500
v -4.500 13.500 15.500
v -2.500 13.500 15.500
v -2.500 16.500 15.500
v -4.500 16.500 15.500
v -2.500 8.500 15.500
v 6.500 6.500 15.500
v 4.500 6.500 15.500
v 10.500 6.500 15.500
v 3.500 8.500 15.500
v 4.500 8.500 15.500
v -2.500 17.500 13.500
v -2.500 17.500 12.500
v -4.500 17.500 14.500
v -4.500 17.500 13.500
v 10.500 10.500 10.500
v 10.500 10.500 9.500
v 10.500 6.500 23.500
v 10.500 6.500 21.500
v -4.500 19.500 10.500
v -4.500 19.500 9.500
v -2.500 19.500 11.500
v -2.500 19.500 10.500
v -4.500 19.500 12.500
v -2.500 19.500 12.500
v -4.500 19.500 11.500
v -4.500 19.500 13.500
v -4.500 13.500 11.500
v -4.500 13.500 12.500
v -4.500 13.500 13.500
v -4.500 13.500 14.500
v -2.500 13.500 14.500
v 6.500 10.500 9.500
v 6.500 10.500 10.500
v 6.500 12.500 10.500
v 6.500 12.500 9.500
v 6.500 12.500 17.500
v 6.500 10.500 19.500
v 6.500 12.500 19.500
v -2.500 15.500 10.500
v -2.500 15.500 9.500
v -4.500 15.500 10.500
v -4.500 15.500 11.500
v -0.500 15.500 12.500
v -0.500 15.500 11.500
v 8.500 6.500 17.500
v 8.500 10.500 19.500
v 8.500 12.500 19.500
v 8.500 8.500 21.500
v 8.500 10.500 21.500
v 2.500 10.500 17.500
v 2.500 10.500 19.500
v -2.500 12.500 9.500
v -2.500 14.500 9.500
v -2.500 18.500 9.500
v -2.500 19.500 9.500
v -0.500 12.500 9.500
v -1.500 12.500 9.500
v -1.500 15.500 9.500
v -0.500 15.500 9.500
v 4.500 8.500 14.500
v 4.500 6.500 14.500
v 4.500 9.500 17.500
v 4.500 10.500 17.500
v 4.500 10.500 19.500
v -4.500 6.500 11.500
v -4.500 12.500 11.500
v -2.500 12.500 11.500
v -4.500 14.500 11.500
v -4.500 20.500 11.500
v -0.500 18.500 11.500
v 1.500 8.500 11.500
v -2.500 8.500 11.500
v -4.500 12.500 13.500
v -2.500 16.500 13.500
v -0.500 6.500 13.500
v -0.500 10.500 13.500
v -4.500 12.500 12.500
v -4.500 12.500 14.500
v -4.500 3.500 23.500
v -4.500 3.500 24.500
v -4.500 4.500 23.500
v -4.500 6.500 23.500
v -4.500 6.500 25.500
v -4.500 7.500 25.500
v -4.500 7.500 23.500
v -4.500 -0.500 24.500
v -4.500 -0.500 25.500
v -4.500 0.500 25.500
v -4.500 0.500 24.500
v -4.500 3.500 25.500
v -4.500 4.500 25.500
v -0.500 10.500 14.500
v 1.500 10.500 14.500
v 1.500 10.500 17.500
v 5.500 10.500 17.500
v 9.500 10.500 17.500
v -2.500 10.500 17.500
v -0.500 10.500 17.500
v 3.500 10.500 17.500
v 5.500 10.500 18.500
v 9.500 10.500 18.500
v 7.500 10.500 17.500
v -0.500 10.500 19.500
v 3.500 10.500 19.500
v 5.500 10.500 19.500
v 3.500 10.500 21.500
v -4.500 10.500 21.500
v -4.500 10.500 23.500
v -2.500 10.500 23.500
v -0.500 10.500 25.500
v -2.500 8.500 12.500
v 3.500 8.500 14.500
v 9.500 8.500 18.500
v 5.500 8.500 18.500
v 6.500 8.500 19.500
v 5.500 8.500 19.500
v 6.500 8.500 18.500
v 9.500 8.500 19.500
v 7.500 8.500 19.500
v 7.500 8.500 18.500
v 5.500 8.500 20.500
v 5.500 8.500 21.500
v 1.500 8.500 21.500
v -2.500 8.500 23.500
v 0.500 8.500 23.500
v 0.500 8.500 24.500
v -0.500 8.500 25.500
v -4.500 6.500 10.500
v -0.500 6.500 10.500
v -0.500 6.500 9.500
v -4.500 6.500 9.500
v 11.500 6.500 10.500
v 11.500 6.500 11.500
v 11.500 6.500 12.500
v 11.500 6.500 14.500
v 7.500 6.500 17.500
v -4.500 6.500 24.500
v -0.500 6.500 23.500
v 9.500 6.500 25.500
v 9.500 6.500 23.500
v -2.500 6.500 25.500
v -2.500 6.500 24.500
v 1.500 6.500 25.500
v 7.500 11.500 17.500
v 7.500 12.500 17.500
v 5.500 12.500 19.500
v 7.500 12.500 19.500
v 1.500 10.500 15.500
v -2.500 8.500 21.500
v 8.500 9.500 21.500
v 2.500 10.500 21.500
v -0.500 12.500 11.500
v -0.500 18.500 9.500
v -0.500 12.500 12.500
v -0.500 6.500 14.500
v -2.500 12.500 10.500
v -2.500 14.500 10.500
v -2.500 18.500 12.500
v -2.500 18.500 10.500
v -2.500 12.500 12.500
v -2.500 16.500 12.500
v -2.500 16.500 14.500
v -2.500 9.500 18.500
v -2.500 9.500 22.500
v -2.500 9.500 23.500
v -3.500 3.500 25.500
v -4.500 8.500 25.500
v -3.500 8.500 25.500
v -2.500 10.500 25.500
v -0.500 9.500 25.500
v -1.500 10.500 25.500
v -0.500 18.500 10.500
v -2.500 18.500 11.500
v -4.500 20.500 10.500
v -4.500 14.500 10.500
v 9.500 12.500 9.500
v 9.500 12.500 10.500
v -4.500 16.500 14.500
v 3.500 9.500 17.500
v 5.500 8.500 17.500
v 6.500 11.500 10.500
v -4.500 12.500 10.500
v -4.500 12.500 9.500
v -0.500 12.500 10.500
v -1.500 17.500 12.500
v -3.500 18.500 12.500
v 0.500 5.500 14.500
v 2.500 8.500 14.500
v -3.500 8.500 -16.500
v -3.500 8.500 -20.500
v -3.500 10.500 -20.500
v -3.500 10.500 -16.500
v -3.500 1.500 -12.500
v -3.500 1.500 -13.500
v -3.500 4.500 -13.500
v -3.500 4.500 -12.500
v -3.500 5.500 -13.500
v -3.500 5.500 -12.500
v -3.500 4.500 -10.500
v -3.500 4.500 -11.500
v -3.500 5.500 -11.500
v -3.500 5.500 -10.500
v -3.500 2.500 -9.500
v -3.500 2.500 -10.500
v -3.500 3.500 -10.500
v -3.500 3.500 -9.500
v -3.500 9.500 -9.500
v -3.500 9.500 -8.500
v -3.500 10.500 -8.500
v -3.500 10.500 -9.500
v -3.500 12.500 -7.500
v -3.500 12.500 -8.500
v -3.500 15.500 -8.500
v -3.500 15.500 -7.500
v -3.500 10.500 -7.500
v -3.500 11.500 -7.500
v -3.500 11.500 -8.500
v -3.500 10.500 -6.500
v -3.500 12.500 -6.500
v 10.500 10.500 -19.500
v 10.500 12.500 -19.500
v 0.500 9.500 -19.500
v -0.500 9.500 -19.500
v -0.500 11.500 -19.500
v 0.500 11.500 -19.500
v 1.500 5.500 -19.500
v 0.500 5.500 -19.500
v 0.500 10.500 -19.500
v 1.500 10.500 -19.500
v 2.500 10.500 -19.500
v 1.500 11.500 -19.500
v 2.500 11.500 -19.500
v 8.500 9.500 -19.500
v 8.500 11.500 -19.500
v 10.500 5.500 -19.500
v 9.500 5.500 -19.500
v 9.500 6.500 -19.500
v 10.500 6.500 -19.500
v 10.500 9.500 -21.500
v 10.500 10.500 -21.500
v 2.500 8.500 -21.500
v -1.500 8.500 -21.500
v -1.500 9.500 -21.500
v 2.500 9.500 -21.500
v 3.500 7.500 -21.500
v -0.500 7.500 -21.500
v -0.500 8.500 -21.500
v 3.500 8.500 -21.500
v 1.500 11.500 -20.500
v 0.500 11.500 -20.500
v -0.500 11.500 -18.500
v 2.500 11.500 -18.500
v 8.500 11.500 -18.500
v 0.500 11.500 -17.500
v 1.500 11.500 -17.500
v 1.500 11.500 -18.500
v 0.500 11.500 -18.500
v 8.500 11.500 -17.500
v 10.500 11.500 -17.500
v 10.500 11.500 -18.500
v 8.500 11.500 -16.500
v 9.500 11.500 -16.500
v 9.500 11.500 -17.500
v 8.500 11.500 -15.500
v 10.500 11.500 -15.500
v 10.500 11.500 -16.500
v 8.500 11.500 -14.500
v 11.500 11.500 -15.500
v 10.500 11.500 -11.500
v 10.500 11.500 -12.500
v 7.500 11.500 -10.500
v 8.500 11.500 -10.500
v 8.500 11.500 -11.500
v 7.500 11.500 -11.500
v 6.500 11.500 -9.500
v 9.500 11.500 -9.500
v 9.500 11.500 -10.500
v 6.500 11.500 -10.500
v 10.500 11.500 -9.500
v 10.500 11.500 -10.500
v 7.500 11.500 -8.500
v 8.500 11.500 -8.500
v 8.500 11.500 -9.500
v 7.500 11.500 -9.500
v -2.500 11.500 -7.500
v -2.500 11.500 -8.500
v -1.500 11.500 -7.500
v -0.500 11.500 -7.500
v -0.500 11.500 -8.500
v -1.500 11.500 -8.500
v -2.500 11.500 -6.500
v -1.500 11.500 -6.500
v -4.500 5.500 -20.500
v -4.500 5.500 -22.500
v -4.500 5.500 -19.500
v 10.500 5.500 -20.500
v -4.500 5.500 -18.500
v 0.500 5.500 -18.500
v 1.500 5.500 -18.500
v 9.500 5.500 -18.500
v -4.500 5.500 -17.500
v 9.500 5.500 -17.500
v -4.500 5.500 -16.500
v 10.500 5.500 -16.500
v 10.500 5.500 -17.500
v -4.500 5.500 -15.500
v 6.500 5.500 -15.500
v 6.500 5.500 -16.500
v 7.500 5.500 -15.500
v 11.500 5.500 -15.500
v 7.500 5.500 -16.500
v -4.500 5.500 -13.500
v -4.500 5.500 -12.500
v -0.500 5.500 -12.500
v 2.500 5.500 -12.500
v 2.500 5.500 -13.500
v -0.500 5.500 -13.500
v 3.500 5.500 -12.500
v 3.500 5.500 -13.500
v -0.500 5.500 -10.500
v -4.500 5.500 -10.500
v -4.500 5.500 -11.500
v -4.500 5.500 -9.500
v 7.500 5.500 -9.500
v 7.500 5.500 -10.500
v 8.500 5.500 -9.500
v 8.500 5.500 -10.500
v -4.500 5.500 -8.500
v 9.500 5.500 -8.500
v 9.500 5.500 -9.500
v -4.500 5.500 -7.500
v 11.500 5.500 -7.500
v -4.500 5.500 -6.500
v -2.500 5.500 -6.500
v -2.500 5.500 -7.500
v -1.500 5.500 -6.500
v -1.500 5.500 -7.500
v -1.500 3.500 -11.500
v -0.500 3.500 -11.500
v -0.500 3.500 -13.500
v -1.500 3.500 -13.500
v -2.500 3.500 -9.500
v -2.500 3.500 -10.500
v 8.500 9.500 -21.500
v 10.500 9.500 -22.500
v 8.500 9.500 -22.500
v -1.500 9.500 -20.500
v 2.500 9.500 -20.500
v 8.500 9.500 -20.500
v -1.500 9.500 -19.500
v 0.500 9.500 -20.500
v 2.500 9.500 -17.500
v 3.500 9.500 -17.500
v 3.500 9.500 -20.500
v -1.500 9.500 -17.500
v -0.500 9.500 -17.500
v 11.500 9.500 -17.500
v 8.500 9.500 -17.500
v -0.500 9.500 -16.500
v 3.500 9.500 -16.500
v 5.500 9.500 -16.500
v 6.500 9.500 -16.500
v 6.500 9.500 -17.500
v 5.500 9.500 -17.500
v 10.500 9.500 -16.500
v 8.500 9.500 -16.500
v 10.500 9.500 -17.500
v 6.500 9.500 -15.500
v 7.500 9.500 -15.500
v 7.500 9.500 -16.500
v 8.500 9.500 -14.500
v 11.500 9.500 -16.500
v 2.500 9.500 -12.500
v 3.500 9.500 -12.500
v 3.500 9.500 -13.500
v 2.500 9.500 -13.500
v 10.500 9.500 -12.500
v 9.500 9.500 -12.500
v 9.500 9.500 -13.500
v 10.500 9.500 -13.500
v 1.500 9.500 -11.500
v 2.500 9.500 -11.500
v 1.500 9.500 -12.500
v 3.500 9.500 -11.500
v 4.500 9.500 -11.500
v 4.500 9.500 -12.500
v 5.500 9.500 -11.500
v 9.500 9.500 -11.500
v 5.500 9.500 -12.500
v 5.500 9.500 -10.500
v 7.500 9.500 -10.500
v 7.500 9.500 -11.500
v 8.500 9.500 -10.500
v 9.500 9.500 -10.500
v 8.500 9.500 -11.500
v 5.500 9.500 -9.500
v 6.500 9.500 -9.500
v 6.500 9.500 -10.500
v -4.500 9.500 -8.500
v -4.500 9.500 -9.500
v 5.500 9.500 -8.500
v 7.500 9.500 -8.500
v 7.500 9.500 -9.500
v 8.500 9.500 -8.500
v 10.500 9.500 -8.500
v 10.500 9.500 -9.500
v 8.500 9.500 -9.500
v 5.500 9.500 -7.500
v 10.500 9.500 -7.500
v 2.500 9.500 -6.500
v 3.500 9.500 -6.500
v 3.500 9.500 -7.500
v 2.500 9.500 -7.500
v 5.500 9.500 -6.500
v 6.500 9.500 -6.500
v 6.500 9.500 -7.500
v 7.500 9.500 -6.500
v 8.500 9.500 -6.500
v 8.500 9.500 -7.500
v 7.500 9.500 -7.500
v 8.500 7.500 -20.500
v 8.500 7.500 -22.500
v 3.500 7.500 -20.500
v -0.500 7.500 -20.500
v 3.500 7.500 -19.500
v -1.500 7.500 -19.500
v -1.500 7.500 -20.500
v 0.500 7.500 -18.500
v -1.500 7.500 -18.500
v 0.500 7.500 -19.500
v 3.500 7.500 -18.500
v 1.500 7.500 -18.500
v 1.500 7.500 -19.500
v 3.500 7.500 -17.500
v -1.500 7.500 -17.500
v 4.500 7.500 -17.500
v 5.500 7.500 -17.500
v 5.500 7.500 -18.500
v 4.500 7.500 -18.500
v 8.500 7.500 -17.500
v 9.500 7.500 -17.500
v 9.500 7.500 -18.500
v 8.500 7.500 -18.500
v 2.500 7.500 -16.500
v -1.500 7.500 -16.500
v 2.500 7.500 -17.500
v 0.500 7.500 -14.500
v 1.500 7.500 -14.500
v 1.500 7.500 -15.500
v 0.500 7.500 -15.500
v 8.500 7.500 -13.500
v 9.500 7.500 -13.500
v 9.500 7.500 -14.500
v 8.500 7.500 -14.500
v 9.500 7.500 -11.500
v 6.500 7.500 -11.500
v 6.500 7.500 -12.500
v 9.500 7.500 -12.500
v 0.500 7.500 -10.500
v 1.500 7.500 -10.500
v 1.500 7.500 -11.500
v 0.500 7.500 -11.500
v 10.500 7.500 -10.500
v 4.500 7.500 -10.500
v 4.500 7.500 -11.500
v 10.500 7.500 -11.500
v 7.500 7.500 -9.500
v 5.500 7.500 -9.500
v 5.500 7.500 -10.500
v 7.500 7.500 -10.500
v 10.500 7.500 -9.500
v 8.500 7.500 -9.500
v 8.500 7.500 -10.500
v 10.500 7.500 -8.500
v 5.500 7.500 -8.500
v 10.500 7.500 -7.500
v 9.500 7.500 -7.500
v 9.500 7.500 -8.500
v 0.500 10.500 -18.500
v 0.500 10.500 -17.500
v 0.500 6.500 -15.500
v 0.500 6.500 -14.500
v 0.500 6.500 -11.500
v 0.500 8.500 -11.500
v 0.500 8.500 -14.500
v 0.500 6.500 -10.500
v 0.500 8.500 -7.500
v 0.500 8.500 -9.500
v 0.500 10.500 -9.500
v 0.500 10.500 -7.500
v 5.500 8.500 -15.500
v 6.500 8.500 -15.500
v 6.500 10.500 -15.500
v 5.500 10.500 -15.500
v 7.500 8.500 -15.500
v 8.500 8.500 -15.500
v 8.500 10.500 -15.500
v 7.500 10.500 -15.500
v 11.500 13.500 -15.500
v 10.500 13.500 -15.500
v 4.500 6.500 -15.500
v 4.500 7.500 -15.500
v 1.500 8.500 -15.500
v 4.500 8.500 -15.500
v -1.500 8.500 -20.500
v -1.500 8.500 -16.500
v -1.500 8.500 -17.500
v -1.500 2.500 -13.500
v -1.500 2.500 -11.500
v -1.500 0.500 -12.500
v -1.500 0.500 -11.500
v -1.500 2.500 -12.500
v -1.500 -0.500 -11.500
v -1.500 -0.500 -10.500
v -1.500 0.500 -10.500
v -1.500 3.500 -10.500
v -1.500 4.500 -10.500
v -1.500 4.500 -11.500
v -1.500 12.500 -8.500
v -1.500 12.500 -7.500
v -0.500 8.500 -17.500
v 2.500 10.500 -17.500
v -0.500 10.500 -17.500
v 1.500 10.500 -17.500
v 3.500 8.500 -17.500
v 2.500 8.500 -17.500
v 10.500 6.500 -17.500
v 9.500 6.500 -17.500
v 4.500 8.500 -17.500
v 5.500 8.500 -17.500
v 7.500 8.500 -17.500
v 7.500 9.500 -17.500
v 6.500 10.500 -17.500
v 7.500 10.500 -17.500
v 8.500 8.500 -17.500
v 9.500 8.500 -17.500
v 9.500 13.500 -17.500
v 10.500 13.500 -17.500
v 11.500 6.500 -17.500
v 10.500 12.500 -17.500
v 11.500 12.500 -17.500
v 8.500 8.500 -7.500
v 10.500 8.500 -7.500
v 9.500 8.500 -7.500
v -2.500 15.500 -7.500
v -0.500 12.500 -7.500
v 3.500 8.500 -7.500
v 0.500 9.500 -7.500
v 2.500 10.500 -7.500
v 6.500 10.500 -7.500
v 7.500 10.500 -7.500
v 8.500 10.500 -9.500
v 7.500 10.500 -9.500
v 10.500 10.500 -9.500
v 9.500 10.500 -9.500
v -2.500 -0.500 -9.500
v -4.500 -0.500 -9.500
v -4.500 0.500 -9.500
v -2.500 0.500 -9.500
v -4.500 2.500 -9.500
v -2.500 2.500 -9.500
v -4.500 8.500 -9.500
v 0.500 9.500 -9.500
v 9.500 6.500 -9.500
v -2.500 -0.500 -11.500
v -2.500 0.500 -11.500
v 1.500 8.500 -11.500
v 4.500 8.500 -11.500
v 3.500 10.500 -11.500
v 2.500 10.500 -11.500
v 4.500 6.500 -11.500
v 5.500 6.500 -11.500
v 5.500 7.500 -11.500
v -4.500 4.500 -11.500
v -0.500 4.500 -11.500
v 5.500 8.500 -11.500
v 6.500 8.500 -11.500
v 9.500 8.500 -11.500
v 10.500 8.500 -11.500
v 10.500 12.500 -11.500
v -2.500 1.500 -13.500
v -2.500 2.500 -13.500
v -3.500 2.500 -13.500
v -3.500 3.500 -13.500
v -0.500 4.500 -13.500
v 5.500 6.500 -13.500
v 9.500 6.500 -13.500
v 5.500 7.500 -13.500
v 8.500 8.500 -13.500
v 5.500 8.500 -13.500
v 2.500 8.500 -13.500
v 1.500 8.500 -13.500
v 1.500 10.500 -13.500
v 2.500 10.500 -13.500
v 4.500 8.500 -13.500
v 3.500 8.500 -13.500
v 3.500 10.500 -13.500
v 4.500 10.500 -13.500
v 11.500 9.500 -13.500
v 9.500 10.500 -13.500
v 10.500 8.500 -13.500
v -2.500 0.500 -12.500
v 10.500 10.500 -22.500
v 10.500 12.500 -22.500
v 10.500 6.500 -20.500
v 10.500 13.500 -18.500
v 10.500 6.500 -16.500
v 10.500 12.500 -16.500
v 10.500 13.500 -16.500
v 10.500 8.500 -12.500
v 10.500 10.500 -12.500
v 10.500 10.500 -11.500
v 10.500 8.500 -8.500
v 10.500 10.500 -10.500
v 10.500 12.500 -10.500
v 10.500 10.500 -8.500
v 11.500 13.500 -18.500
v 9.500 13.500 -16.500
v 6.500 10.500 -16.500
v 6.500 8.500 -14.500
v 6.500 10.500 -14.500
v 6.500 8.500 -12.500
v 6.500 10.500 -6.500
v -4.500 15.500 -7.500
v -4.500 15.500 -8.500
v -4.500 15.500 -6.500
v -2.500 15.500 -6.500
v 8.500 8.500 -18.500
v 8.500 8.500 -16.500
v 8.500 9.500 -15.500
v 8.500 10.500 -16.500
v 8.500 8.500 -14.500
v 8.500 10.500 -10.500
v 8.500 8.500 -6.500
v 2.500 8.500 -20.500
v 2.500 9.500 -19.500
v 2.500 10.500 -20.500
v 2.500 9.500 -18.500
v 2.500 10.500 -18.500
v 2.500 8.500 -16.500
v 2.500 8.500 -14.500
v 2.500 10.500 -14.500
v 2.500 10.500 -12.500
v 2.500 10.500 -6.500
v 4.500 6.500 -18.500
v 4.500 6.500 -17.500
v 4.500 8.500 -12.500
v 4.500 10.500 -12.500
v 4.500 6.500 -10.500
v 4.500 6.500 -8.500
v 4.500 6.500 -6.500
v 4.500 8.500 -6.500
v 4.500 8.500 -8.500
v -0.500 10.500 -18.500
v 1.500 10.500 -18.500
v 9.500 6.500 -18.500
v 5.500 8.500 -18.500
v -4.500 8.500 -8.500
v -4.500 8.500 -6.500
v -4.500 10.500 -6.500
v -4.500 10.500 -8.500
v -4.500 8.500 -20.500
v -4.500 10.500 -20.500
v -0.500 8.500 -20.500
v 0.500 10.500 -20.500
v 1.500 10.500 -20.500
v 3.500 8.500 -20.500
v 10.500 11.500 -22.500
v -4.500 10.500 -16.500
v 7.500 10.500 -16.500
v 5.500 10.500 -16.500
v 7.500 10.500 -14.500
v 3.500 10.500 -14.500
v 1.500 10.500 -12.500
v 9.500 10.500 -12.500
v 3.500 10.500 -12.500
v 7.500 10.500 -10.500
v 0.500 10.500 -8.500
v -0.500 10.500 -7.500
v -0.500 10.500 -8.500
v -0.500 10.500 -6.500
v 7.500 10.500 -6.500
v -4.500 4.500 -10.500
v -0.500 4.500 -10.500
v -2.500 2.500 -12.500
v -4.500 2.500 -10.500
v -4.500 8.500 -16.500
v -0.500 8.500 -16.500
v 3.500 8.500 -16.500
v 7.500 8.500 -16.500
v 9.500 8.500 -16.500
v 9.500 8.500 -15.500
v 1.500 8.500 -14.500
v 7.500 8.500 -14.500
v 9.500 8.500 -14.500
v 0.500 8.500 -13.500
v 3.500 8.500 -14.500
v 5.500 8.500 -12.500
v 9.500 8.500 -12.500
v 1.500 8.500 -10.500
v 5.500 8.500 -10.500
v -4.500 8.500 -7.500
v 5.500 8.500 -6.500
v 5.500 8.500 -8.500
v -2.500 8.500 -6.500
v -2.500 8.500 -7.500
v 3.500 8.500 -6.500
v -1.500 8.500 -6.500
v -1.500 8.500 -7.500
v 9.500 8.500 -6.500
v 9.500 6.500 -16.500
v 4.500 6.500 -16.500
v 6.500 6.500 -15.500
v 6.500 6.500 -16.500
v 9.500 6.500 -15.500
v 7.500 6.500 -15.500
v 7.500 6.500 -16.500
v 0.500 6.500 -13.500
v 2.500 6.500 -12.500
v 0.500 6.500 -12.500
v 2.500 6.500 -13.500
v 5.500 6.500 -12.500
v 3.500 6.500 -12.500
v 3.500 6.500 -13.500
v 9.500 6.500 -8.500
v 9.500 6.500 -6.500
v 1.500 8.500 -12.500
v -0.500 9.500 -18.500
v -0.500 12.500 -6.500
v 11.500 12.500 -16.500
v -2.500 1.500 -12.500
v -2.500 -0.500 -12.500
v -2.500 -0.500 -10.500
v -2.500 0.500 -10.500
v -2.500 12.500 -7.500
v -2.500 12.500 -8.500
v -2.500 12.500 -6.500
v -4.500 12.500 -8.500
v 4.500 7.500 -8.500
v -4.500 3.500 -10.500
v -4.500 -0.500 -12.500
v -4.500 0.500 -12.500
v -3.500 0.500 -12.500
v -4.500 4.500 -12.500
v -1.500 1.500 -12.500
v 9.500 6.500 -14.500
v 9.500 10.500 -10.500
v 9.500 6.500 -7.500
v 5.500 8.500 -16.500
v -4.500 12.500 -6.500
v -2.500 10.500 -6.500
v -1.500 10.500 -6.500
v -1.500 12.500 -6.500
v -24.523 4.500 9.523
v -25.477 4.500 10.477
v -25.477 5.500 10.477
v -24.523 5.500 9.523
v -25.477 4.500 9.523
v -24.523 4.500 10.477
v -24.523 5.500 10.477
v -25.477 5.500 9.523
v -25.477 6.500 10.477
v -24.523 6.500 9.523
v -24.523 6.500 10.477
v -25.477 6.500 9.523
v -32.523 4.500 11.523
v -33.477 4.500 12.477
v -33.477 5.500 12.477
v -32.523 5.500 11.523
v -33.477 4.500 11.523
v -32.523 4.500 12.477
v -32.523 5.500 12.477
v -33.477 5.500 11.523
v -33.477 6.500 12.477
v -32.523 6.500 11.523
v -32.523 6.500 12.477
v -33.477 6.500 11.523
v -27.523 4.500 11.523
v -28.477 4.500 12.477
v -28.477 5.500 12.477
v -27.523 5.500 11.523
v -28.477 4.500 11.523
v -27.523 4.500 12.477
v -27.523 5.500 12.477
v -28.477 5.500 11.523
v -28.477 6.500 12.477
v -27.523 6.500 11.523
v -27.523 6.500 12.477
v -28.477 6.500 11.523
v -31.523 4.500 20.523
v -32.477 4.500 21.477
v -32.477 5.500 21.477
v -31.523 5.500 20.523
v -32.477 4.500 20.523
v -31.523 4.500 21.477
v -31.523 5.500 21.477
v -32.477 5.500 20.523
v -35.523 4.500 22.523
v -36.477 4.500 23.477
v -36.477 5.500 23.477
v -35.523 5.500 22.523
v -36.477 4.500 22.523
v -35.523 4.500 23.477
v -35.523 5.500 23.477
v -36.477 5.500 22.523
v -33.523 4.500 23.523
v -34.477 4.500 24.477
v -34.477 5.500 24.477
v -33.523 5.500 23.523
v -34.477 4.500 23.523
v -33.523 4.500 24.477
v -33.523 5.500 24.477
v -34.477 5.500 23.523
v -26.500 9.500 10.500
v -26.500 9.500 9.500
v -26.500 10.500 9.500
v -26.500 10.500 10.500
v -26.500 3.500 12.500
v -26.500 3.500 10.500
v -26.500 4.500 10.500
v -26.500 4.500 12.500
v -26.500 2.500 14.500
v -26.500 2.500 13.500
v -26.500 3.500 13.500
v -26.500 3.500 14.500
v -26.500 -0.500 23.500
v -26.500 -0.500 22.500
v -26.500 0.500 22.500
v -26.500 0.500 23.500
v -26.500 -0.500 24.500
v -26.500 1.500 23.500
v -26.500 1.500 24.500
v -26.500 0.500 24.500
v -26.500 2.500 24.500
v -25.500 8.500 10.500
v -25.500 8.500 9.500
v -25.500 9.500 9.500
v -25.500 9.500 10.500
v -25.500 6.500 11.500
v -25.500 6.500 10.500
v -25.500 8.500 11.500
v -25.500 2.500 13.500
v -25.500 2.500 12.500
v -25.500 3.500 12.500
v -25.500 3.500 13.500
v -25.500 -0.500 24.500
v -25.500 0.500 24.500
v -27.500 4.500 10.500
v -27.500 4.500 9.500
v -27.500 5.500 9.500
v -27.500 5.500 10.500
v -27.500 9.500 9.500
v -27.500 9.500 10.500
v -27.500 10.500 10.500
v -27.500 10.500 9.500
v -27.500 3.500 13.500
v -27.500 3.500 12.500
v -27.500 4.500 12.500
v -27.500 4.500 13.500
v -27.500 2.500 15.500
v -27.500 2.500 14.500
v -27.500 3.500 14.500
v -27.500 3.500 15.500
v -27.500 1.500 16.500
v -27.500 1.500 15.500
v -27.500 2.500 16.500
v -27.500 -0.500 20.500
v -27.500 -0.500 19.500
v -27.500 0.500 19.500
v -27.500 0.500 20.500
v -27.500 -0.500 22.500
v -27.500 1.500 20.500
v -27.500 1.500 22.500
v -27.500 1.500 24.500
v -27.500 1.500 21.500
v -27.500 2.500 21.500
v -27.500 2.500 24.500
v -27.500 0.500 23.500
v -27.500 0.500 22.500
v -27.500 1.500 23.500
v -27.500 3.500 24.500
v -31.500 10.500 10.500
v -30.500 10.500 10.500
v -30.500 10.500 9.500
v -31.500 10.500 9.500
v -22.500 10.500 23.500
v -20.500 10.500 23.500
v -24.500 4.375 10.500
v -20.500 4.375 10.500
v -20.500 4.375 9.500
v -24.500 4.375 9.500
v -26.500 4.375 12.500
v -20.500 4.375 12.500
v -26.500 4.375 10.500
v -33.500 4.375 13.500
v -29.500 4.375 13.500
v -29.500 4.375 12.500
v -33.500 4.375 12.500
v -27.500 4.375 13.500
v -20.500 4.375 13.500
v -27.500 4.375 12.500
v -34.500 4.375 14.500
v -20.500 4.375 14.500
v -34.500 4.375 13.500
v -33.500 4.375 16.500
v -20.500 4.375 16.500
v -33.500 4.375 14.500
v -32.500 4.375 18.500
v -20.500 4.375 18.500
v -32.500 4.375 16.500
v -31.500 4.375 21.500
v -20.500 4.375 21.500
v -31.500 4.375 18.500
v -30.500 4.375 25.500
v -30.500 4.375 21.500
v -34.500 5.500 10.500
v -34.500 5.500 9.500
v -36.500 4.500 10.500
v -34.500 4.500 10.500
v -34.500 4.500 9.500
v -24.500 4.500 10.500
v -24.500 4.500 9.500
v -36.500 4.500 12.500
v -36.500 4.500 13.500
v -33.500 4.500 13.500
v -33.500 4.500 12.500
v -29.500 4.500 13.500
v -29.500 4.500 12.500
v -36.500 4.500 14.500
v -34.500 4.500 14.500
v -34.500 4.500 13.500
v -36.500 4.500 16.500
v -33.500 4.500 16.500
v -33.500 4.500 14.500
v -36.500 4.500 18.500
v -32.500 4.500 18.500
v -32.500 4.500 16.500
v -36.500 4.500 21.500
v -31.500 4.500 21.500
v -31.500 4.500 18.500
v -36.500 4.500 23.500
v -32.500 4.500 23.500
v -32.500 4.500 21.500
v -30.500 4.500 23.500
v -30.500 4.500 21.500
v -33.500 4.500 24.500
v -33.500 4.500 23.500
v -30.500 4.500 24.500
v -32.500 4.500 24.500
v -24.500 3.500 10.500
v -20.500 3.500 10.500
v -20.500 3.500 9.500
v -24.500 3.500 9.500
v -24.500 3.500 12.500
v -23.500 3.500 11.500
v -22.500 3.500 11.500
v -22.500 3.500 10.500
v -23.500 3.500 10.500
v -33.500 3.500 13.500
v -29.500 3.500 13.500
v -29.500 3.500 12.500
v -33.500 3.500 12.500
v -34.500 3.500 14.500
v -32.500 3.500 14.500
v -32.500 3.500 13.500
v -34.500 3.500 13.500
v -31.500 3.500 14.500
v -31.500 3.500 13.500
v -33.500 3.500 15.500
v -33.500 3.500 14.500
v -33.500 3.500 16.500
v -29.500 3.500 16.500
v -29.500 3.500 15.500
v -32.500 3.500 18.500
v -30.500 3.500 18.500
v -30.500 3.500 16.500
v -32.500 3.500 16.500
v -31.500 3.500 20.500
v -29.500 3.500 20.500
v -29.500 3.500 18.500
v -31.500 3.500 18.500
v -31.500 3.500 21.500
v -30.500 3.500 21.500
v -30.500 3.500 20.500
v -29.500 3.500 21.500
v -30.500 3.500 24.500
v -28.500 3.500 24.500
v -28.500 3.500 21.500
v -24.500 2.500 11.500
v -23.500 2.500 11.500
v -23.500 2.500 10.500
v -24.500 2.500 10.500
v -22.500 2.500 11.500
v -20.500 2.500 11.500
v -20.500 2.500 10.500
v -22.500 2.500 10.500
v -24.500 2.500 12.500
v -20.500 2.500 12.500
v -22.500 2.500 13.500
v -22.500 2.500 12.500
v -32.500 2.500 14.500
v -31.500 2.500 14.500
v -31.500 2.500 13.500
v -32.500 2.500 13.500
v -23.500 2.500 14.500
v -23.500 2.500 13.500
v -23.500 2.500 15.500
v -29.500 2.500 16.500
v -29.500 2.500 15.500
v -30.500 2.500 18.500
v -29.500 2.500 18.500
v -30.500 2.500 16.500
v -29.500 2.500 21.500
v -28.500 2.500 21.500
v -28.500 2.500 19.500
v -29.500 2.500 19.500
v -28.500 2.500 24.500
v -32.500 9.500 10.500
v -31.500 9.500 10.500
v -31.500 9.500 9.500
v -32.500 9.500 9.500
v -28.500 9.500 10.500
v -28.500 9.500 9.500
v -33.500 8.500 10.500
v -32.500 8.500 10.500
v -32.500 8.500 9.500
v -33.500 8.500 9.500
v -30.500 8.500 10.500
v -28.500 8.500 10.500
v -28.500 8.500 9.500
v -30.500 8.500 9.500
v -24.500 8.500 10.500
v -24.500 8.500 9.500
v -32.500 8.500 11.500
v -33.500 7.500 11.500
v -32.500 7.500 11.500
v -32.500 7.500 10.500
v -33.500 7.500 10.500
v -29.500 1.500 16.500
v -28.500 0.500 16.500
v -23.500 0.500 16.500
v -23.500 1.500 16.500
v -28.500 1.500 16.500
v -23.500 -0.500 16.500
v -20.500 -0.500 16.500
v -20.500 0.500 16.500
v -24.500 6.500 10.500
v -33.500 6.500 10.500
v -33.500 6.500 9.500
v -24.500 6.500 9.500
v -33.500 6.500 11.500
v -29.500 0.500 17.500
v -28.500 0.500 17.500
v -28.500 1.500 17.500
v -29.500 1.500 17.500
v -28.500 -0.500 17.500
v -23.500 -0.500 17.500
v -23.500 0.500 17.500
v -28.500 0.500 18.500
v -29.500 0.500 18.500
v -29.500 1.500 18.500
v -28.500 1.500 18.500
v -28.500 1.500 19.500
v -29.500 1.500 19.500
v -28.500 -0.500 19.500
v -28.500 0.500 19.500
v -20.500 0.500 14.500
v -20.500 0.500 13.500
v -20.500 1.500 13.500
v -20.500 1.500 14.500
v -28.500 0.500 20.500
v -28.500 1.500 20.500
v -28.500 1.500 21.500
v -22.500 1.500 13.500
v -22.500 1.500 12.500
v -22.500 12.500 23.500
v -21.500 0.500 15.500
v -21.500 0.500 14.500
v -21.500 1.500 14.500
v -21.500 1.500 15.500
v -20.500 12.500 23.500
v -23.500 1.500 15.500
v -23.500 1.500 13.500
v -23.500 0.500 15.500
v -20.500 1.500 12.500
v -23.500 1.500 14.500
v -20.500 0.500 15.500
v -29.500 2.500 17.500
v -29.500 3.500 19.500
v -29.500 2.500 20.500
v -28.500 -0.500 18.500
v -28.500 2.500 20.500
v -30.500 9.500 10.500
v -25.500 7.500 11.500
v -3.500 11.500 -5.500
v -3.500 11.500 -6.500
v -3.500 12.500 -5.500
v -3.500 15.500 -5.500
v -3.500 15.500 -6.500
v -3.500 16.500 -6.500
v -3.500 16.500 -5.500
v -3.500 9.500 -5.500
v -3.500 9.500 -4.500
v -3.500 10.500 -4.500
v -3.500 10.500 -5.500
v -3.500 10.500 -3.500
v -3.500 11.500 -4.500
v -3.500 11.500 -3.500
v -3.500 14.500 -3.500
v -3.500 14.500 -4.500
v -3.500 15.500 -4.500
v -3.500 15.500 -3.500
v -3.500 11.500 -1.500
v -3.500 11.500 -2.500
v -3.500 14.500 -2.500
v -3.500 14.500 -1.500
v -3.500 9.500 -0.500
v -3.500 9.500 -1.500
v -3.500 10.500 -1.500
v -3.500 10.500 -0.500
v -3.500 8.500 3.500
v -3.500 8.500 -0.500
v -3.500 10.500 3.500
v -1.500 9.500 4.500
v -0.500 9.500 4.500
v -0.500 11.500 4.500
v -1.500 11.500 4.500
v -0.500 6.500 4.500
v 0.500 6.500 4.500
v 0.500 10.500 4.500
v -0.500 10.500 4.500
v 0.500 9.500 4.500
v 1.500 9.500 4.500
v 1.500 11.500 4.500
v 0.500 11.500 4.500
v 3.500 11.500 4.500
v 4.500 11.500 4.500
v 4.500 13.500 4.500
v 3.500 13.500 4.500
v -2.500 6.500 4.500
v -4.500 6.500 4.500
v -4.500 7.500 4.500
v -2.500 7.500 4.500
v 10.500 16.500 4.500
v 10.500 17.500 4.500
v -4.500 8.500 -5.500
v -4.500 8.500 -4.500
v -4.500 9.500 -4.500
v -4.500 9.500 -5.500
v -4.500 15.500 7.500
v -4.500 15.500 8.500
v -4.500 18.500 8.500
v -4.500 18.500 7.500
v -4.500 12.500 8.500
v -4.500 15.500 9.500
v -2.500 7.500 5.500
v -1.500 7.500 5.500
v -1.500 9.500 5.500
v -2.500 9.500 5.500
v -0.500 9.500 5.500
v 0.500 9.500 5.500
v 0.500 11.500 5.500
v -0.500 11.500 5.500
v 1.500 8.500 5.500
v 2.500 8.500 5.500
v 2.500 9.500 5.500
v 1.500 9.500 5.500
v 6.500 9.500 5.500
v 6.500 11.500 5.500
v 1.500 11.500 5.500
v 10.500 13.500 5.500
v 10.500 14.500 5.500
v 1.500 6.500 5.500
v -2.500 6.500 5.500
v 1.500 7.500 5.500
v 10.500 11.500 5.500
v 5.500 11.500 5.500
v 5.500 12.500 5.500
v 10.500 12.500 5.500
v 10.500 10.500 5.500
v 6.500 10.500 5.500
v 1.500 7.500 1.500
v 4.500 7.500 1.500
v 4.500 9.500 1.500
v 1.500 9.500 1.500
v -2.500 7.500 1.500
v -2.500 9.500 1.500
v 4.500 11.500 1.500
v 2.500 11.500 1.500
v 2.500 12.500 1.500
v 4.500 12.500 1.500
v 3.500 12.500 1.500
v 3.500 13.500 1.500
v 4.500 13.500 1.500
v 6.500 9.500 1.500
v 5.500 9.500 1.500
v 5.500 11.500 1.500
v 6.500 11.500 1.500
v -2.500 8.500 0.500
v 1.500 8.500 0.500
v 1.500 9.500 0.500
v -2.500 9.500 0.500
v -1.500 7.500 0.500
v 1.500 7.500 0.500
v -1.500 8.500 0.500
v 0.500 9.500 0.500
v 1.500 10.500 0.500
v 0.500 10.500 0.500
v 2.500 6.500 0.500
v 3.500 6.500 0.500
v 3.500 7.500 0.500
v 2.500 7.500 0.500
v 4.500 7.500 0.500
v 5.500 7.500 0.500
v 5.500 9.500 0.500
v 4.500 9.500 0.500
v 0.500 5.500 0.500
v -4.500 5.500 0.500
v -4.500 6.500 0.500
v 0.500 6.500 0.500
v 2.500 10.500 0.500
v 1.500 11.500 0.500
v 2.500 11.500 0.500
v 5.500 10.500 0.500
v 3.500 10.500 0.500
v 3.500 11.500 0.500
v 5.500 11.500 0.500
v -2.500 7.500 -0.500
v -1.500 7.500 -0.500
v -1.500 8.500 -0.500
v -2.500 8.500 -0.500
v -0.500 9.500 -0.500
v 0.500 9.500 -0.500
v 0.500 11.500 -0.500
v -0.500 11.500 -0.500
v 1.500 6.500 -0.500
v 2.500 6.500 -0.500
v 2.500 7.500 -0.500
v 1.500 7.500 -0.500
v 1.500 10.500 -0.500
v 2.500 10.500 -0.500
v 2.500 11.500 -0.500
v 1.500 11.500 -0.500
v 3.500 6.500 -0.500
v 3.500 10.500 -0.500
v 4.500 6.500 -0.500
v 4.500 7.500 -0.500
v 3.500 7.500 -0.500
v 4.500 10.500 -0.500
v 4.500 11.500 -0.500
v 3.500 11.500 -0.500
v -4.500 8.500 -0.500
v -4.500 9.500 -0.500
v 1.500 5.500 -0.500
v 0.500 5.500 -0.500
v 0.500 6.500 -0.500
v -4.500 11.500 -1.500
v -4.500 14.500 -1.500
v -1.500 9.500 -1.500
v -0.500 9.500 -1.500
v -0.500 11.500 -1.500
v -1.500 11.500 -1.500
v -0.500 5.500 -1.500
v 0.500 5.500 -1.500
v 0.500 10.500 -1.500
v -0.500 10.500 -1.500
v 1.500 10.500 -1.500
v 1.500 11.500 -1.500
v 0.500 11.500 -1.500
v -4.500 9.500 -1.500
v -4.500 10.500 -1.500
v 2.500 5.500 -1.500
v 1.500 5.500 -1.500
v 1.500 6.500 -1.500
v 2.500 6.500 -1.500
v 1.500 7.500 -1.500
v 2.500 7.500 -1.500
v 2.500 10.500 -1.500
v 2.500 11.500 -1.500
v 3.500 6.500 -1.500
v 3.500 10.500 -1.500
v 4.500 6.500 -1.500
v 3.500 7.500 -1.500
v 4.500 7.500 -1.500
v 4.500 10.500 -1.500
v 3.500 11.500 -1.500
v 4.500 11.500 -1.500
v -2.500 11.500 -2.500
v -2.500 14.500 -2.500
v -0.500 9.500 -2.500
v -1.500 9.500 -2.500
v -1.500 11.500 -2.500
v -0.500 11.500 -2.500
v 0.500 5.500 -2.500
v -0.500 5.500 -2.500
v -0.500 10.500 -2.500
v 0.500 10.500 -2.500
v 1.500 10.500 -2.500
v 0.500 11.500 -2.500
v 1.500 11.500 -2.500
v 10.500 5.500 -2.500
v 2.500 5.500 -2.500
v 2.500 6.500 -2.500
v 10.500 6.500 -2.500
v 3.500 6.500 -2.500
v 2.500 7.500 -2.500
v 3.500 7.500 -2.500
v 3.500 10.500 -2.500
v 2.500 10.500 -2.500
v 2.500 11.500 -2.500
v 3.500 11.500 -2.500
v 5.500 7.500 -2.500
v 4.500 7.500 -2.500
v 4.500 10.500 -2.500
v 5.500 10.500 -2.500
v -4.500 10.500 -3.500
v -4.500 11.500 -3.500
v -4.500 14.500 -3.500
v -4.500 15.500 -3.500
v -1.500 9.500 -3.500
v -0.500 9.500 -3.500
v -0.500 10.500 -3.500
v -1.500 10.500 -3.500
v 0.500 10.500 -3.500
v 1.500 10.500 -3.500
v 1.500 12.500 -3.500
v 0.500 12.500 -3.500
v 4.500 6.500 -3.500
v 9.500 6.500 -3.500
v 9.500 7.500 -3.500
v 4.500 7.500 -3.500
v 8.500 7.500 -3.500
v 8.500 8.500 -3.500
v 4.500 8.500 -3.500
v -1.500 7.500 -3.500
v -2.500 7.500 -3.500
v -2.500 9.500 -3.500
v -0.500 11.500 -3.500
v 0.500 11.500 -3.500
v 2.500 7.500 -3.500
v 2.500 8.500 -3.500
v 3.500 8.500 -3.500
v 3.500 10.500 -3.500
v 4.500 10.500 -3.500
v 10.500 5.500 -3.500
v 10.500 6.500 -3.500
v -4.500 11.500 -5.500
v -4.500 11.500 -6.500
v -2.500 11.500 -4.500
v -4.500 11.500 -4.500
v -2.500 11.500 -5.500
v 0.500 11.500 -4.500
v 1.500 11.500 -4.500
v 1.500 11.500 -5.500
v 0.500 11.500 -5.500
v -2.500 11.500 -3.500
v -4.500 11.500 -2.500
v 1.500 11.500 1.500
v 1.500 11.500 3.500
v 2.500 11.500 3.500
v 4.500 11.500 2.500
v 6.500 11.500 2.500
v -0.500 11.500 3.500
v 0.500 11.500 3.500
v 0.500 11.500 2.500
v -0.500 11.500 2.500
v 5.500 11.500 3.500
v 6.500 11.500 3.500
v 5.500 11.500 2.500
v 3.500 11.500 3.500
v -1.500 11.500 3.500
v 6.500 11.500 4.500
v 4.500 11.500 3.500
v 6.500 11.500 6.500
v 5.500 11.500 6.500
v -4.500 10.500 -5.500
v -2.500 10.500 -5.500
v -1.500 10.500 -5.500
v 0.500 10.500 -5.500
v 0.500 10.500 -6.500
v 1.500 10.500 -5.500
v 3.500 10.500 -5.500
v 3.500 10.500 -6.500
v 1.500 10.500 -6.500
v 5.500 10.500 -5.500
v 8.500 10.500 -5.500
v 8.500 10.500 -6.500
v 5.500 10.500 -6.500
v -0.500 10.500 -4.500
v -0.500 10.500 -5.500
v 2.500 10.500 -4.500
v 3.500 10.500 -4.500
v 2.500 10.500 -5.500
v 6.500 10.500 -4.500
v 7.500 10.500 -4.500
v 7.500 10.500 -5.500
v 6.500 10.500 -5.500
v -4.500 10.500 -4.500
v 0.500 10.500 -4.500
v -1.500 10.500 -4.500
v 1.500 10.500 -4.500
v 5.500 10.500 -1.500
v -4.500 10.500 3.500
v 0.500 10.500 -0.500
v 5.500 10.500 -0.500
v 0.500 10.500 3.500
v 1.500 10.500 3.500
v 1.500 10.500 2.500
v 0.500 10.500 2.500
v -0.500 10.500 3.500
v 10.500 10.500 6.500
v 6.500 10.500 6.500
v 10.500 10.500 7.500
v 5.500 10.500 7.500
v 5.500 10.500 6.500
v 7.500 10.500 8.500
v 5.500 10.500 8.500
v 7.500 10.500 7.500
v 10.500 10.500 8.500
v 8.500 10.500 8.500
v 8.500 10.500 7.500
v 5.500 10.500 9.500
v -4.500 5.500 -5.500
v 6.500 5.500 -5.500
v 6.500 5.500 -6.500
v 7.500 5.500 -5.500
v 11.500 5.500 -5.500
v 7.500 5.500 -6.500
v -4.500 5.500 -4.500
v 0.500 5.500 -4.500
v 0.500 5.500 -5.500
v 1.500 5.500 -4.500
v 11.500 5.500 -4.500
v 1.500 5.500 -5.500
v -4.500 5.500 -3.500
v -4.500 5.500 -2.500
v -4.500 5.500 -1.500
v -4.500 5.500 -0.500
v 6.500 9.500 -5.500
v 7.500 9.500 -5.500
v 7.500 9.500 -4.500
v 8.500 9.500 -4.500
v 8.500 9.500 -5.500
v -2.500 9.500 -2.500
v -2.500 9.500 -1.500
v -2.500 9.500 -0.500
v -2.500 9.500 2.500
v 1.500 9.500 2.500
v 6.500 9.500 2.500
v -2.500 9.500 3.500
v -0.500 9.500 3.500
v -0.500 9.500 2.500
v 3.500 9.500 3.500
v 2.500 9.500 3.500
v 2.500 9.500 2.500
v 3.500 9.500 2.500
v 6.500 9.500 3.500
v 4.500 9.500 3.500
v 4.500 9.500 2.500
v -2.500 9.500 4.500
v -1.500 9.500 3.500
v -1.500 9.500 6.500
v 1.500 9.500 6.500
v 3.500 8.500 -5.500
v 4.500 8.500 -5.500
v 5.500 8.500 -5.500
v 8.500 8.500 -4.500
v 9.500 8.500 -4.500
v 0.500 8.500 -4.500
v 0.500 8.500 -5.500
v 3.500 8.500 -4.500
v 1.500 8.500 -4.500
v 1.500 8.500 -5.500
v 4.500 8.500 -4.500
v 6.500 8.500 -4.500
v 6.500 8.500 -5.500
v 2.500 8.500 -4.500
v -4.500 8.500 3.500
v 1.500 8.500 6.500
v 2.500 8.500 6.500
v -1.500 7.500 -4.500
v 2.500 7.500 -4.500
v 9.500 7.500 -4.500
v 8.500 7.500 -4.500
v -2.500 7.500 -2.500
v -0.500 7.500 -1.500
v -2.500 7.500 -1.500
v -0.500 7.500 -2.500
v 0.500 7.500 -1.500
v 0.500 7.500 -2.500
v 5.500 7.500 -1.500
v 5.500 7.500 -0.500
v 1.500 7.500 2.500
v -2.500 7.500 2.500
v 2.500 7.500 3.500
v -2.500 7.500 3.500
v 2.500 7.500 2.500
v -0.500 7.500 4.500
v -0.500 7.500 3.500
v 2.500 7.500 4.500
v 0.500 7.500 4.500
v 0.500 7.500 3.500
v -4.500 7.500 5.500
v 2.500 7.500 5.500
v -4.500 7.500 7.500
v 1.500 7.500 7.500
v 2.500 7.500 6.500
v 1.500 7.500 6.500
v -2.500 7.500 8.500
v 0.500 7.500 8.500
v 0.500 7.500 7.500
v -2.500 7.500 7.500
v -1.500 7.500 9.500
v -1.500 7.500 8.500
v 6.500 6.500 -5.500
v 4.500 6.500 -5.500
v 6.500 6.500 -6.500
v 9.500 6.500 -5.500
v 7.500 6.500 -5.500
v 7.500 6.500 -6.500
v 11.500 6.500 -1.500
v 11.500 6.500 -0.500
v 11.500 6.500 0.500
v -4.500 6.500 2.500
v -4.500 6.500 3.500
v 3.500 6.500 3.500
v 3.500 6.500 2.500
v 4.500 6.500 3.500
v 4.500 6.500 2.500
v -0.500 6.500 3.500
v 0.500 6.500 3.500
v 1.500 6.500 7.500
v -4.500 6.500 8.500
v -2.500 6.500 8.500
v -2.500 6.500 7.500
v -4.500 6.500 7.500
v 0.500 6.500 8.500
v 7.500 6.500 8.500
v 7.500 6.500 7.500
v 0.500 6.500 7.500
v 8.500 6.500 8.500
v 8.500 6.500 7.500
v -1.500 6.500 9.500
v -1.500 6.500 8.500
v 1.500 12.500 -6.500
v 1.500 12.500 -5.500
v 1.500 12.500 -4.500
v 1.500 11.500 2.500
v 0.500 12.500 -5.500
v 0.500 12.500 -6.500
v 0.500 12.500 -4.500
v -0.500 12.500 -4.500
v -0.500 12.500 -5.500
v -0.500 15.500 8.500
v -0.500 18.500 8.500
v -1.500 12.500 -5.500
v -1.500 7.500 6.500
v -1.500 15.500 8.500
v -1.500 15.500 7.500
v -1.500 18.500 7.500
v -1.500 18.500 8.500
v -1.500 12.500 8.500
v -0.500 10.500 2.500
v 3.500 12.500 2.500
v 2.500 12.500 2.500
v 2.500 13.500 2.500
v 3.500 13.500 2.500
v 4.500 12.500 2.500
v 4.500 13.500 2.500
v 5.500 13.500 2.500
v 10.500 13.500 2.500
v 10.500 16.500 2.500
v -2.500 12.500 -5.500
v -2.500 15.500 -5.500
v -2.500 15.500 -4.500
v -2.500 14.500 -4.500
v -2.500 18.500 8.500
v -2.500 19.500 8.500
v 3.500 13.500 3.500
v 2.500 13.500 3.500
v 4.500 12.500 3.500
v 3.500 12.500 3.500
v 5.500 13.500 3.500
v 4.500 13.500 3.500
v 10.500 17.500 7.500
v 10.500 13.500 4.500
v 10.500 17.500 5.500
v 10.500 12.500 9.500
v 10.500 14.500 7.500
v -4.500 19.500 8.500
v 7.500 13.500 8.500
v 8.500 13.500 8.500
v 8.500 13.500 7.500
v 7.500 13.500 7.500
v 7.500 12.500 6.500
v 7.500 12.500 7.500
v 7.500 14.500 7.500
v 7.500 14.500 6.500
v 7.500 12.500 8.500
v 7.500 12.500 9.500
v 7.500 14.500 9.500
v 7.500 14.500 8.500
v 6.500 12.500 7.500
v 6.500 12.500 8.500
v 6.500 14.500 8.500
v 6.500 14.500 7.500
v -2.500 14.500 -3.500
v -4.500 14.500 -2.500
v 8.500 14.500 7.500
v 8.500 14.500 6.500
v 9.500 14.500 8.500
v 9.500 14.500 7.500
v 8.500 14.500 9.500
v 8.500 14.500 8.500
v -4.500 15.500 -4.500
v -4.500 15.500 -5.500
v 9.500 6.500 -4.500
v 9.500 12.500 8.500
v 9.500 12.500 7.500
v -4.500 16.500 -5.500
v -4.500 16.500 -6.500
v 8.500 8.500 -5.500
v 8.500 12.500 7.500
v 8.500 12.500 6.500
v 8.500 12.500 9.500
v 8.500 12.500 8.500
v -1.500 8.500 6.500
v 2.500 12.500 -5.500
v 2.500 12.500 -4.500
v 2.500 11.500 2.500
v 5.500 12.500 6.500
v 5.500 12.500 9.500
v 10.500 12.500 6.500
v 5.500 12.500 7.500
v 10.500 12.500 7.500
v 5.500 12.500 8.500
v 10.500 12.500 8.500
v -1.500 8.500 -4.500
v -1.500 9.500 -4.500
v 6.500 9.500 -4.500
v 0.500 7.500 -4.500
v 1.500 7.500 -4.500
v 4.500 2.500 37.500
v 5.500 2.500 37.500
v 5.500 2.375 36.500
v 4.500 2.500 36.500
v 4.500 3.500 38.500
v 5.500 3.375 38.500
v 5.500 3.375 37.500
v 4.500 3.500 37.500
v 5.500 1.500 38.500
v 6.500 1.375 38.500
v 6.500 1.375 37.500
v 5.500 1.500 37.500
v 4.500 3.500 39.500
v 5.500 3.375 39.500
v 5.500 1.500 39.500
v 6.500 1.375 39.500
v 6.500 0.500 39.500
v 7.500 0.375 39.500
v 7.500 0.375 38.500
v 6.500 0.500 38.500
v -3.500 3.500 26.500
v -3.500 4.500 26.500
v -3.500 5.500 26.500
v -3.500 8.500 26.500
v -3.500 9.500 26.500
v -3.500 -0.500 26.500
v -3.500 -0.500 27.500
v -3.500 3.500 27.500
v -3.500 4.500 27.500
v -3.500 6.500 26.500
v -3.500 6.500 27.500
v -3.500 8.500 27.500
v -3.500 -0.500 28.500
v -3.500 1.500 28.500
v -3.500 1.500 27.500
v -3.500 5.500 38.500
v -3.500 5.500 36.500
v -3.500 6.500 36.500
v -3.500 6.500 38.500
v 10.500 0.375 38.500
v 10.500 0.375 37.500
v 9.500 11.500 26.500
v 10.500 11.500 26.500
v 10.500 11.500 25.500
v 9.500 11.500 28.500
v 9.500 11.500 30.500
v 8.500 11.500 30.500
v 8.500 11.500 29.500
v 9.500 11.500 29.500
v 10.500 11.500 33.500
v 11.500 11.500 29.500
v 10.500 11.500 29.500
v 6.500 11.500 30.500
v 6.500 11.500 31.500
v 7.500 11.500 31.500
v 7.500 11.500 30.500
v 9.500 11.500 31.500
v 5.500 11.500 31.500
v 5.500 11.500 32.500
v 6.500 11.500 32.500
v 9.500 11.500 32.500
v 8.500 11.500 32.500
v 8.500 11.500 31.500
v 4.500 11.500 33.500
v 4.500 11.500 32.500
v 6.500 11.500 33.500
v 9.500 11.500 34.500
v 9.500 11.500 33.500
v 10.500 11.500 35.500
v 11.500 11.500 35.500
v 10.500 11.500 34.500
v -2.500 5.500 26.500
v 1.500 5.500 27.500
v 9.500 5.500 27.500
v -2.500 5.500 28.500
v -1.500 5.500 28.500
v -1.500 5.500 26.500
v 0.500 5.500 28.500
v 9.500 5.500 28.500
v 0.500 5.500 27.500
v -1.500 5.500 29.500
v 9.500 5.500 29.500
v -0.500 5.500 30.500
v 9.500 5.500 30.500
v -0.500 5.500 29.500
v 2.500 5.500 31.500
v 8.500 5.500 31.500
v 8.500 5.500 30.500
v 2.500 5.500 30.500
v 4.500 5.500 32.500
v 8.500 5.500 32.500
v 4.500 5.500 31.500
v 3.500 5.500 33.500
v 6.500 5.500 33.500
v 6.500 5.500 32.500
v 3.500 5.500 32.500
v 4.500 5.500 34.500
v 5.500 5.500 34.500
v 5.500 5.500 33.500
v 4.500 5.500 33.500
v 3.500 5.500 35.500
v 4.500 5.500 35.500
v 3.500 5.500 34.500
v -4.500 5.500 36.500
v 3.500 5.500 38.500
v 2.500 5.500 38.500
v 2.500 5.500 36.500
v 3.500 5.500 36.500
v 3.500 5.500 39.500
v 1.500 5.500 39.500
v 1.500 5.500 38.500
v -4.500 3.500 26.500
v -0.500 3.500 31.500
v 0.500 3.500 31.500
v 0.500 3.500 30.500
v -0.500 3.500 30.500
v 0.500 3.500 32.500
v 1.500 3.500 32.500
v 1.500 3.500 31.500
v 5.500 3.500 39.500
v 5.500 3.500 37.500
v -2.500 9.500 26.500
v -1.500 9.500 26.500
v -0.500 9.500 26.500
v 9.500 9.500 28.500
v 8.500 9.500 29.500
v 8.500 9.500 28.500
v 8.500 9.500 32.500
v 9.500 9.500 32.500
v 9.500 9.500 29.500
v 4.500 9.500 32.500
v 4.500 9.500 31.500
v 5.500 9.500 31.500
v 5.500 9.500 32.500
v 5.500 -0.500 37.500
v 6.500 -0.500 37.500
v 6.500 1.500 37.500
v 10.500 -0.500 37.500
v 11.500 -0.500 37.500
v 11.500 0.500 37.500
v 10.500 0.500 37.500
v 9.500 7.500 29.500
v 9.500 7.500 28.500
v 11.500 7.500 30.500
v 8.500 7.500 30.500
v 8.500 7.500 29.500
v 10.500 7.500 31.500
v 8.500 7.500 31.500
v 10.500 7.500 30.500
v 11.500 7.500 32.500
v 8.500 7.500 32.500
v 11.500 7.500 31.500
v 10.500 7.500 33.500
v 8.500 7.500 33.500
v 10.500 7.500 32.500
v 9.500 7.500 34.500
v 8.500 7.500 34.500
v 9.500 7.500 33.500
v 10.500 7.500 35.500
v 8.500 7.500 35.500
v 10.500 7.500 34.500
v 9.500 7.500 36.500
v 9.500 7.500 35.500
v 0.500 6.500 27.500
v 0.500 8.500 27.500
v 0.500 15.500 26.500
v 0.500 15.500 27.500
v 0.500 18.500 27.500
v 0.500 18.500 26.500
v 0.500 6.500 28.500
v 0.500 14.500 27.500
v 0.500 14.500 28.500
v 0.500 18.500 28.500
v 0.500 17.500 28.500
v 0.500 17.500 30.500
v 0.500 18.500 30.500
v 0.500 13.500 29.500
v 0.500 13.500 30.500
v 0.500 14.500 30.500
v 0.500 14.500 29.500
v 0.500 4.500 31.500
v 0.500 4.500 30.500
v 0.500 -0.500 31.500
v 0.500 -0.500 32.500
v 0.500 14.500 31.500
v 0.500 14.500 32.500
v 0.500 17.500 32.500
v 0.500 17.500 31.500
v -1.500 10.500 26.500
v -1.500 6.500 28.500
v -1.500 6.500 26.500
v -1.500 2.500 28.500
v -1.500 2.500 29.500
v -1.500 4.500 29.500
v -1.500 4.500 28.500
v -1.500 -0.500 29.500
v -1.500 -0.500 30.500
v -1.500 2.500 30.500
v 10.500 0.500 38.500
v 7.500 0.500 39.500
v 7.500 0.500 38.500
v 3.500 21.500 31.500
v 4.500 21.500 31.500
v 4.500 21.500 30.500
v 3.500 21.500 30.500
v 2.500 21.500 32.500
v 5.500 21.500 32.500
v 5.500 21.500 31.500
v 2.500 21.500 31.500
v 3.500 21.500 33.500
v 4.500 21.500 33.500
v 4.500 21.500 32.500
v 3.500 21.500 32.500
v -0.500 17.500 30.500
v -0.500 17.500 28.500
v -0.500 17.500 31.500
v 1.500 17.500 31.500
v 1.500 17.500 30.500
v 1.500 17.500 32.500
v 3.500 17.500 32.500
v 4.500 17.500 32.500
v 4.500 17.500 31.500
v 3.500 17.500 31.500
v 3.500 17.500 33.500
v 1.500 17.500 33.500
v 4.500 17.500 34.500
v 2.500 17.500 34.500
v 2.500 17.500 33.500
v 4.500 17.500 33.500
v 7.500 17.500 34.500
v 9.500 17.500 34.500
v 9.500 17.500 33.500
v 7.500 17.500 33.500
v 7.500 17.500 35.500
v 8.500 17.500 35.500
v 8.500 17.500 34.500
v 10.500 13.500 26.500
v 10.500 13.500 25.500
v 10.500 12.500 29.500
v 10.500 12.500 28.500
v 10.500 15.500 28.500
v 10.500 15.500 29.500
v 10.500 10.500 29.500
v 10.500 10.500 30.500
v 10.500 11.500 30.500
v 10.500 11.500 31.500
v 10.500 12.500 30.500
v 10.500 12.500 31.500
v 10.500 15.500 31.500
v 10.500 15.500 30.500
v 10.500 16.500 30.500
v 10.500 16.500 31.500
v 10.500 6.500 30.500
v 10.500 6.500 31.500
v 10.500 10.500 31.500
v 10.500 10.500 33.500
v 10.500 12.500 33.500
v 10.500 12.500 32.500
v 10.500 16.500 32.500
v 10.500 16.500 33.500
v 10.500 6.500 32.500
v 10.500 6.500 33.500
v 10.500 13.500 35.500
v 10.500 13.500 33.500
v 10.500 16.500 35.500
v 10.500 6.500 34.500
v 10.500 10.500 34.500
v 10.500 6.500 35.500
v 10.500 10.500 35.500
v 10.500 -0.500 38.500
v 2.500 19.500 27.500
v 3.500 19.500 27.500
v 3.500 19.500 26.500
v 2.500 19.500 26.500
v 1.500 19.500 28.500
v 4.500 19.500 28.500
v 4.500 19.500 27.500
v 1.500 19.500 27.500
v 2.500 19.500 29.500
v 3.500 19.500 29.500
v 3.500 19.500 28.500
v 2.500 19.500 28.500
v 5.500 19.500 30.500
v 7.500 19.500 30.500
v 7.500 19.500 29.500
v 5.500 19.500 29.500
v 6.500 19.500 31.500
v 8.500 19.500 31.500
v 8.500 19.500 30.500
v 6.500 19.500 30.500
v 7.500 19.500 32.500
v 8.500 19.500 32.500
v 7.500 19.500 31.500
v 6.500 19.500 33.500
v 8.500 19.500 33.500
v 6.500 19.500 32.500
v 5.500 19.500 34.500
v 7.500 19.500 34.500
v 7.500 19.500 33.500
v 5.500 19.500 33.500
v 2.500 13.500 29.500
v 1.500 13.500 29.500
v 1.500 13.500 28.500
v 2.500 13.500 28.500
v 1.500 13.500 30.500
v 2.500 13.500 30.500
v 3.500 13.500 30.500
v 3.500 13.500 29.500
v 4.500 13.500 31.500
v 3.500 13.500 31.500
v 4.500 13.500 29.500
v 2.500 13.500 31.500
v 1.500 13.500 31.500
v 7.500 13.500 33.500
v 5.500 13.500 33.500
v 5.500 13.500 32.500
v 7.500 13.500 32.500
v 6.500 13.500 34.500
v 5.500 13.500 34.500
v 6.500 13.500 33.500
v 8.500 13.500 34.500
v 8.500 13.500 33.500
v 10.500 13.500 34.500
v 9.500 13.500 34.500
v 9.500 13.500 33.500
v 7.500 13.500 35.500
v 5.500 13.500 35.500
v 7.500 13.500 34.500
v 8.500 13.500 35.500
v 9.500 13.500 36.500
v 6.500 13.500 36.500
v 6.500 13.500 35.500
v 9.500 13.500 35.500
v -4.500 -0.500 26.500
v -4.500 6.500 26.500
v -4.500 8.500 26.500
v -2.500 4.500 26.500
v -0.500 8.500 26.500
v -2.500 6.500 26.500
v -2.500 10.500 26.500
v 1.500 15.500 26.500
v 1.500 18.500 26.500
v 3.500 14.500 26.500
v 2.500 14.500 26.500
v 2.500 15.500 26.500
v 3.500 15.500 26.500
v 3.500 18.500 26.500
v 2.500 18.500 26.500
v 5.500 15.500 26.500
v 4.500 15.500 26.500
v 4.500 18.500 26.500
v 5.500 18.500 26.500
v 6.500 12.500 29.500
v 6.500 12.500 32.500
v 6.500 15.500 32.500
v 6.500 15.500 29.500
v 6.500 15.500 31.500
v 6.500 15.500 30.500
v 6.500 16.500 30.500
v 6.500 16.500 31.500
v 6.500 20.500 30.500
v 6.500 20.500 31.500
v 6.500 10.500 30.500
v 6.500 10.500 31.500
v 6.500 10.500 32.500
v 6.500 16.500 32.500
v 6.500 12.500 33.500
v 6.500 20.500 32.500
v 6.500 20.500 33.500
v 6.500 6.500 33.500
v 6.500 6.500 32.500
v 6.500 12.500 34.500
v 6.500 16.500 36.500
v 6.500 16.500 35.500
v 6.500 -0.500 38.500
v 6.500 1.500 38.500
v 6.500 1.500 39.500
v 1.500 15.500 25.500
v 4.500 15.500 25.500
v 2.500 15.500 27.500
v 5.500 15.500 27.500
v 3.500 15.500 27.500
v 2.500 15.500 29.500
v 3.500 15.500 29.500
v 5.500 15.500 29.500
v 4.500 15.500 29.500
v 4.500 15.500 27.500
v 7.500 15.500 29.500
v 7.500 15.500 28.500
v 8.500 15.500 30.500
v 8.500 15.500 29.500
v 9.500 15.500 30.500
v 11.500 15.500 30.500
v 11.500 15.500 29.500
v 9.500 15.500 29.500
v 5.500 15.500 31.500
v 5.500 15.500 30.500
v 7.500 15.500 31.500
v 7.500 15.500 30.500
v 11.500 15.500 31.500
v 4.500 15.500 32.500
v 4.500 15.500 31.500
v 9.500 15.500 32.500
v 11.500 15.500 32.500
v 9.500 15.500 31.500
v -2.500 -0.500 28.500
v -2.500 1.500 28.500
v -2.500 2.500 28.500
v -2.500 4.500 28.500
v 1.500 18.500 28.500
v 2.500 18.500 28.500
v 3.500 18.500 28.500
v 4.500 18.500 28.500
v -0.500 14.500 28.500
v 1.500 14.500 28.500
v 2.500 14.500 28.500
v 7.500 12.500 28.500
v 11.500 8.500 28.500
v 8.500 8.500 28.500
v 9.500 8.500 28.500
v 8.500 8.500 29.500
v 8.500 12.500 30.500
v 8.500 12.500 29.500
v 8.500 16.500 30.500
v 8.500 16.500 29.500
v 8.500 16.500 33.500
v 8.500 6.500 32.500
v 8.500 6.500 30.500
v 8.500 12.500 32.500
v 8.500 12.500 31.500
v 8.500 10.500 35.500
v 8.500 10.500 32.500
v 8.500 12.500 34.500
v 8.500 12.500 33.500
v 8.500 12.500 35.500
v 8.500 16.500 35.500
v 8.500 16.500 34.500
v -0.500 -0.500 30.500
v -0.500 2.500 30.500
v -0.500 4.500 30.500
v 2.500 4.500 30.500
v 1.500 14.500 30.500
v 1.500 18.500 30.500
v 2.500 14.500 30.500
v 3.500 14.500 30.500
v 2.500 18.500 30.500
v 1.500 20.500 30.500
v 2.500 20.500 30.500
v 2.500 12.500 30.500
v 3.500 12.500 30.500
v 4.500 20.500 30.500
v 3.500 20.500 30.500
v 5.500 16.500 30.500
v 5.500 20.500 30.500
v 7.500 10.500 30.500
v 7.500 12.500 30.500
v 9.500 12.500 30.500
v 9.500 6.500 30.500
v 9.500 10.500 30.500
v 9.500 16.500 30.500
v 2.500 14.500 27.500
v 2.500 18.500 27.500
v 2.500 14.500 29.500
v 2.500 18.500 29.500
v 2.500 20.500 29.500
v 2.500 14.500 31.500
v 2.500 4.500 31.500
v 2.500 12.500 31.500
v 2.500 20.500 31.500
v 2.500 20.500 32.500
v 2.500 2.500 32.500
v 2.500 2.500 33.500
v 2.500 3.500 33.500
v 2.500 3.500 32.500
v 2.500 4.500 33.500
v 2.500 4.500 32.500
v 2.500 -0.500 33.500
v 2.500 -0.500 34.500
v 2.500 1.500 34.500
v 2.500 1.500 33.500
v 2.500 20.500 34.500
v 2.500 20.500 33.500
v 2.500 6.500 38.500
v 2.500 6.500 36.500
v 1.500 -0.500 32.500
v 1.500 2.500 32.500
v 0.500 2.500 32.500
v 3.500 14.500 32.500
v 1.500 4.500 32.500
v 3.500 20.500 32.500
v 4.500 10.500 32.500
v 5.500 10.500 32.500
v 4.500 16.500 32.500
v 4.500 20.500 32.500
v 5.500 20.500 32.500
v 7.500 12.500 32.500
v 6.500 13.500 32.500
v 7.500 20.500 32.500
v 9.500 12.500 32.500
v 11.500 12.500 32.500
v 10.500 15.500 32.500
v 4.500 12.500 32.500
v 5.500 15.500 32.500
v 9.500 10.500 32.500
v 9.500 16.500 32.500
v 11.500 6.500 32.500
v 4.500 18.500 25.500
v 4.500 14.500 29.500
v 4.500 14.500 27.500
v 4.500 18.500 27.500
v 4.500 14.500 31.500
v 4.500 16.500 29.500
v 4.500 16.500 31.500
v 4.500 20.500 31.500
v 4.500 10.500 31.500
v 4.500 20.500 33.500
v 4.500 12.500 33.500
v 4.500 4.500 33.500
v 4.500 4.500 34.500
v 4.500 16.500 33.500
v 4.500 16.500 34.500
v 4.500 6.500 35.500
v 4.500 6.500 34.500
v 4.500 -0.500 35.500
v 4.500 -0.500 36.500
v 4.500 1.500 36.500
v 4.500 1.500 35.500
v 4.500 4.500 36.500
v 4.500 4.500 35.500
v 4.500 4.500 37.500
v 4.500 4.500 39.500
v 3.500 -0.500 34.500
v 3.500 1.500 34.500
v 2.500 19.500 34.500
v 5.500 20.500 34.500
v 7.500 16.500 34.500
v 9.500 12.500 34.500
v 9.500 16.500 34.500
v 9.500 6.500 34.500
v 9.500 10.500 34.500
v 3.500 4.500 34.500
v 5.500 6.500 34.500
v -4.500 6.500 36.500
v 9.500 10.500 29.500
v 7.500 10.500 31.500
v 5.500 10.500 31.500
v 10.500 10.500 32.500
v 9.500 10.500 31.500
v 8.500 10.500 33.500
v 8.500 10.500 34.500
v 9.500 10.500 33.500
v 9.500 10.500 36.500
v 9.500 10.500 35.500
v 9.500 10.500 39.500
v 9.500 10.500 38.500
v -4.500 4.375 27.500
v -3.500 4.375 27.500
v -3.500 4.375 25.500
v -4.500 4.375 28.500
v -2.500 4.375 28.500
v -2.500 4.375 27.500
v -4.500 4.375 29.500
v -1.500 4.375 29.500
v -1.500 4.375 28.500
v -4.500 4.375 30.500
v -0.500 4.375 30.500
v -0.500 4.375 29.500
v -4.500 4.375 31.500
v 0.500 4.375 31.500
v 0.500 4.375 30.500
v -4.500 4.375 32.500
v 1.500 4.375 32.500
v 1.500 4.375 31.500
v -4.500 4.375 33.500
v 2.500 4.375 33.500
v 2.500 4.375 32.500
v -4.500 4.375 35.500
v 3.500 4.375 35.500
v 3.500 4.375 33.500
v 4.500 4.375 39.500
v 4.500 4.375 35.500
v -2.500 4.500 27.500
v 3.500 4.500 32.500
v 3.500 4.500 31.500
v 1.500 4.500 31.500
v 3.500 4.500 33.500
v 3.500 4.500 39.500
v 3.500 4.500 35.500
v -2.500 2.500 29.500
v -0.500 2.500 29.500
v 1.500 2.500 33.500
v 5.500 2.500 36.500
v 0.500 8.500 26.500
v 9.500 8.500 29.500
v 5.500 -0.500 36.500
v 5.500 1.500 36.500
v 9.500 16.500 36.500
v 3.500 6.500 36.500
v 1.500 6.500 26.500
v -1.500 6.500 27.500
v 1.500 6.500 27.500
v 8.500 6.500 31.500
v 11.500 6.500 31.500
v 5.500 6.500 33.500
v 11.500 6.500 35.500
v 11.500 6.500 36.500
v 3.500 6.500 35.500
v 11.500 6.500 38.500
v 1.500 6.500 39.500
v 1.500 6.500 38.500
v 7.500 -0.500 38.500
v 9.500 12.500 38.500
v 1.500 18.500 25.500
v 1.500 18.500 27.500
v 1.500 14.500 29.500
v 1.500 14.500 31.500
v 1.500 20.500 33.500
v 1.500 -0.500 33.500
v -0.500 14.500 31.500
v -0.500 4.500 29.500
v -0.500 -0.500 31.500
v -2.500 1.500 27.500
v -2.500 -0.500 29.500
v 3.500 1.500 33.500
v 11.500 12.500 29.500
v 3.500 18.500 27.500
v 5.500 18.500 27.500
v 5.500 18.500 28.500
v 3.500 18.500 29.500
v 5.500 18.500 29.500
v 5.500 20.500 29.500
v 1.500 20.500 31.500
v 3.500 20.500 31.500
v 1.500 20.500 32.500
v 7.500 20.500 31.500
v 5.500 20.500 31.500
v 3.500 20.500 33.500
v 5.500 20.500 33.500
v 7.500 12.500 29.500
v 7.500 16.500 30.500
v 7.500 16.500 29.500
v 7.500 12.500 31.500
v 7.500 16.500 31.500
v 7.500 12.500 33.500
v 7.500 12.500 34.500
v 7.500 12.500 35.500
v 7.500 16.500 35.500
v 7.500 -0.500 39.500
v 3.500 14.500 27.500
v 3.500 14.500 29.500
v -0.500 14.500 29.500
v -0.500 14.500 30.500
v 3.500 14.500 31.500
v 9.500 12.500 29.500
v 9.500 16.500 29.500
v 9.500 9.500 30.500
v 9.500 12.500 31.500
v 9.500 9.500 31.500
v 9.500 16.500 31.500
v 9.500 12.500 33.500
v 9.500 16.500 33.500
v 9.500 6.500 33.500
v 9.500 16.500 35.500
v 9.500 12.500 39.500
v -2.500 3.500 27.500
v 4.500 16.500 30.500
v 5.500 16.500 31.500
v 8.500 16.500 31.500
v 8.500 16.500 32.500
v 5.500 16.500 33.500
v 3.500 16.500 33.500
v 3.500 16.500 32.500
v 5.500 16.500 32.500
v 5.500 16.500 34.500
v 10.500 16.500 34.500
v 5.500 16.500 35.500
v 3.500 12.500 31.500
v 3.500 5.500 31.500
v 3.500 3.500 34.500
v 3.500 3.500 33.500
v 3.500 -0.500 35.500
v 3.500 0.500 35.500
v 3.500 0.500 34.500
v 5.500 16.500 29.500
v 7.500 18.500 29.500
v 6.500 12.500 30.500
v 11.500 12.500 30.500
v 6.500 12.500 31.500
v 11.500 12.500 31.500
v 1.500 1.500 33.500
v 3.500 2.500 33.500
v 8.500 17.500 33.500
v 4.500 0.500 35.500
v -39.500 10.500 4.500
v -38.500 10.500 4.500
v -38.500 11.500 4.500
v -39.500 11.500 4.500
v -38.500 4.500 4.500
v -37.500 4.500 4.500
v -37.500 5.500 4.500
v -38.500 5.500 4.500
v -37.500 10.500 4.500
v -36.500 10.500 4.500
v -36.500 11.500 4.500
v -37.500 11.500 4.500
v -40.500 7.500 5.500
v -39.500 7.500 5.500
v -39.500 9.500 5.500
v -40.500 9.500 5.500
v -36.500 9.500 5.500
v -36.500 10.500 5.500
v -39.500 10.500 5.500
v -38.500 10.500 5.500
v -37.500 10.500 5.500
v -37.500 11.500 5.500
v -38.500 11.500 5.500
v -37.500 4.500 5.500
v -36.500 4.500 5.500
v -36.500 5.500 5.500
v -37.500 5.500 5.500
v -40.500 10.500 1.500
v -40.500 9.500 1.500
v -39.500 9.500 1.500
v -39.500 10.500 1.500
v -39.500 8.500 1.500
v -38.500 8.500 1.500
v -38.500 9.500 1.500
v -36.500 9.500 1.500
v -36.500 10.500 1.500
v -39.500 13.500 1.500
v -38.500 13.500 1.500
v -38.500 14.500 1.500
v -39.500 14.500 1.500
v -37.500 10.500 1.500
v -36.500 11.500 1.500
v -37.500 11.500 1.500
v -37.500 14.500 1.500
v -36.500 14.500 1.500
v -36.500 15.500 1.500
v -37.500 15.500 1.500
v -36.500 7.500 1.500
v -40.500 7.500 1.500
v -40.500 8.500 1.500
v -36.500 8.500 1.500
v -38.500 9.500 0.500
v -38.500 8.500 0.500
v -37.500 8.500 0.500
v -37.500 9.500 0.500
v -38.500 14.500 0.500
v -37.500 14.500 0.500
v -37.500 15.500 0.500
v -38.500 15.500 0.500
v -37.500 5.500 0.500
v -36.500 5.500 0.500
v -36.500 12.500 0.500
v -37.500 12.500 0.500
v -40.500 9.500 0.500
v -40.500 10.500 0.500
v -39.500 10.500 0.500
v -39.500 9.500 0.500
v -39.500 8.500 0.500
v -39.500 9.500 -0.500
v -40.500 9.500 -0.500
v -40.500 10.500 -0.500
v -39.500 10.500 -0.500
v -39.500 13.500 -0.500
v -40.500 13.500 -0.500
v -40.500 14.500 -0.500
v -39.500 14.500 -0.500
v -38.500 8.500 -0.500
v -38.500 9.500 -0.500
v -37.500 9.500 -0.500
v -37.500 8.500 -0.500
v -37.500 14.500 -0.500
v -38.500 14.500 -0.500
v -38.500 15.500 -0.500
v -37.500 15.500 -0.500
v -36.500 5.500 -0.500
v -37.500 5.500 -0.500
v -36.500 8.500 -0.500
v -36.500 9.500 -0.500
v -37.500 12.500 -0.500
v -36.500 12.500 -0.500
v -39.500 10.500 -1.500
v -40.500 10.500 -1.500
v -40.500 12.500 -1.500
v -39.500 12.500 -1.500
v -38.500 12.500 -1.500
v -40.500 13.500 -1.500
v -38.500 13.500 -1.500
v -39.500 13.500 -1.500
v -39.500 14.500 -1.500
v -38.500 14.500 -1.500
v -37.500 8.500 -1.500
v -38.500 8.500 -1.500
v -38.500 9.500 -1.500
v -37.500 9.500 -1.500
v -36.500 9.500 -1.500
v -36.500 8.500 -1.500
v -36.500 14.500 -1.500
v -37.500 14.500 -1.500
v -37.500 15.500 -1.500
v -36.500 15.500 -1.500
v -40.500 17.500 -2.500
v -39.500 17.500 -2.500
v -39.500 20.500 -2.500
v -40.500 20.500 -2.500
v -38.500 9.500 -2.500
v -39.500 9.500 -2.500
v -39.500 12.500 -2.500
v -38.500 12.500 -2.500
v -36.500 12.500 -2.500
v -38.500 14.500 -2.500
v -36.500 14.500 -2.500
v -36.500 8.500 -2.500
v -37.500 8.500 -2.500
v -37.500 9.500 -2.500
v -36.500 9.500 -2.500
v -39.500 17.500 -3.500
v -38.500 17.500 -3.500
v -38.500 20.500 -3.500
v -39.500 20.500 -3.500
v -37.500 16.500 -3.500
v -36.500 16.500 -3.500
v -36.500 19.500 -3.500
v -37.500 19.500 -3.500
v -36.500 9.500 -3.500
v -38.500 9.500 -3.500
v -38.500 12.500 -3.500
v -36.500 12.500 -3.500
v -36.500 11.500 2.500
v -37.500 11.500 2.500
v -38.500 11.500 3.500
v -37.500 11.500 3.500
v -38.500 11.500 2.500
v -36.500 11.500 3.500
v -39.500 11.500 3.500
v -37.500 10.500 2.500
v -39.500 10.500 2.500
v -38.500 10.500 3.500
v -40.500 10.500 3.500
v -40.500 10.500 2.500
v -38.500 10.500 2.500
v -37.500 10.500 3.500
v -36.500 10.500 3.500
v -36.500 10.500 2.500
v -40.500 5.500 -0.500
v -36.500 5.500 -5.500
v -40.500 5.500 -5.500
v -40.500 5.500 0.500
v -40.500 5.500 2.500
v -36.500 5.500 2.500
v -39.500 5.500 3.500
v -36.500 5.500 3.500
v -39.500 5.500 2.500
v -37.500 5.500 3.500
v -40.500 5.500 7.500
v -37.500 5.500 7.500
v -37.500 5.500 6.500
v -40.500 5.500 6.500
v -38.500 5.500 8.500
v -36.500 5.500 8.500
v -36.500 5.500 7.500
v -38.500 5.500 7.500
v -37.500 5.500 9.500
v -36.500 5.500 9.500
v -37.500 5.500 8.500
v -40.500 4.500 3.500
v -39.500 4.500 3.500
v -39.500 4.500 2.500
v -40.500 4.500 2.500
v -40.500 4.500 4.500
v -38.500 4.500 3.500
v -40.500 4.500 5.500
v -40.500 4.500 6.500
v -36.500 4.500 6.500
v -37.500 4.500 7.500
v -36.500 4.500 7.500
v -37.500 4.500 6.500
v -40.500 4.500 8.500
v -38.500 4.500 8.500
v -38.500 4.500 7.500
v -40.500 4.500 7.500
v -37.500 4.500 9.500
v -37.500 4.500 8.500
v -39.500 9.500 -1.500
v -36.500 9.500 0.500
v -40.500 9.500 2.500
v -36.500 9.500 2.500
v -39.500 9.500 2.500
v -40.500 9.500 3.500
v -38.500 9.500 3.500
v -38.500 9.500 2.500
v -39.500 9.500 3.500
v -39.500 9.500 6.500
v -36.500 9.500 6.500
v -38.500 19.500 -4.500
v -38.500 19.500 -6.500
v -38.500 20.500 -6.500
v -38.500 20.500 -4.500
v -38.500 15.500 -5.500
v -38.500 15.500 -6.500
v -38.500 14.500 -6.500
v -38.500 14.500 -5.500
v -38.500 16.500 -6.500
v -38.500 16.500 -4.500
v -38.500 17.500 -4.500
v -38.500 17.500 -6.500
v -38.500 15.500 -4.500
v -38.500 14.500 -4.500
v -38.500 13.500 2.500
v -38.500 14.500 2.500
v -38.500 13.500 3.500
v -38.500 5.500 3.500
v -36.500 7.500 3.500
v -40.500 7.500 3.500
v -38.500 7.500 4.500
v -40.500 7.500 4.500
v -38.500 7.500 3.500
v -36.500 7.500 4.500
v -37.500 7.500 4.500
v -37.500 7.500 3.500
v -36.500 7.500 5.500
v -36.500 7.500 6.500
v -39.500 7.500 6.500
v -40.500 6.500 -5.500
v -36.500 6.500 -5.500
v -36.500 6.500 -6.500
v -40.500 6.500 -6.500
v -39.500 12.500 -5.500
v -39.500 12.500 -6.500
v -39.500 15.500 -6.500
v -39.500 15.500 -5.500
v -39.500 14.500 -5.500
v -39.500 14.500 -4.500
v -39.500 13.500 -4.500
v -39.500 13.500 -5.500
v -39.500 16.500 -4.500
v -39.500 16.500 -5.500
v -39.500 17.500 -5.500
v -39.500 17.500 -4.500
v -39.500 20.500 -4.500
v -39.500 20.500 -5.500
v -39.500 21.500 -5.500
v -39.500 21.500 -4.500
v -39.500 15.500 -4.500
v -39.500 13.500 2.500
v -39.500 14.500 2.500
v -39.500 9.500 4.500
v -40.500 13.500 2.500
v -40.500 14.500 2.500
v -36.500 14.500 2.500
v -40.500 13.500 3.500
v -36.500 14.500 -0.500
v -36.500 15.500 -0.500
v -36.500 14.500 0.500
v -36.500 15.500 0.500
v -36.500 7.500 2.500
v -36.500 8.500 2.500
v -36.500 9.500 3.500
v -36.500 9.500 4.500
v -36.500 4.500 8.500
v -37.500 15.500 -6.500
v -37.500 15.500 -5.500
v -37.500 14.500 -5.500
v -37.500 14.500 -6.500
v -37.500 16.500 -5.500
v -37.500 16.500 -6.500
v -37.500 19.500 -6.500
v -37.500 19.500 -5.500
v -37.500 20.500 -5.500
v -37.500 20.500 -6.500
v -37.500 16.500 -4.500
v -37.500 19.500 -4.500
v -40.500 21.500 -4.500
v -40.500 21.500 -5.500
v -38.500 17.500 -5.500
v -40.500 17.500 -5.500
v -40.500 17.500 -6.500
v -40.500 17.500 -3.500
v -40.500 17.500 -4.500
v -38.500 19.500 -5.500
v -36.500 19.500 -4.500
v -36.500 19.500 -5.500
v -40.500 20.500 -5.500
v -38.500 20.500 -5.500
v -40.500 20.500 -6.500
v -36.500 20.500 -5.500
v -36.500 20.500 -6.500
v -40.500 20.500 -3.500
v -40.500 20.500 -4.500
v -40.500 13.500 -4.500
v -40.500 13.500 -5.500
v -40.500 14.500 -5.500
v -40.500 14.500 -4.500
v -40.500 14.500 0.500
v -40.500 14.500 1.500
v -40.500 15.500 -5.500
v -40.500 15.500 -6.500
v -36.500 15.500 -6.500
v -36.500 15.500 -5.500
v -38.500 16.500 -5.500
v -36.500 16.500 -5.500
v -36.500 16.500 -6.500
v -40.500 16.500 -4.500
v -40.500 16.500 -5.500
v -36.500 16.500 -4.500
v -40.500 12.500 -5.500
v -40.500 12.500 -6.500
v -36.500 5.500 -6.500
v -40.500 5.500 -6.500
v -39.500 17.500 -6.500
v -39.500 20.500 -6.500
v -36.500 19.500 -6.500
v -5.500 6.500 10.500
v -5.500 6.500 9.500
v -5.500 7.500 9.500
v -5.500 7.500 10.500
v -5.500 15.500 9.500
v -5.500 15.500 10.500
v -5.500 16.500 10.500
v -5.500 16.500 9.500
v -5.500 19.500 9.500
v -5.500 19.500 10.500
v -5.500 20.500 10.500
v -5.500 20.500 9.500
v -5.500 6.500 11.500
v -5.500 16.500 11.500
v -5.500 13.500 11.500
v -5.500 13.500 12.500
v -5.500 12.500 12.500
v -5.500 12.500 11.500
v -5.500 19.500 11.500
v -5.500 19.500 12.500
v -5.500 20.500 12.500
v -5.500 20.500 11.500
v -5.500 13.500 13.500
v -5.500 12.500 13.500
v -5.500 17.500 14.500
v -5.500 17.500 13.500
v -5.500 18.500 13.500
v -5.500 18.500 14.500
v -5.500 13.500 14.500
v -5.500 13.500 15.500
v -5.500 14.500 15.500
v -5.500 14.500 14.500
v -5.500 14.500 16.500
v -5.500 17.500 15.500
v -5.500 17.500 16.500
v -5.500 5.500 19.500
v -5.500 5.500 18.500
v -5.500 6.500 18.500
v -5.500 6.500 19.500
v -5.500 3.500 21.500
v -5.500 3.500 22.500
v -5.500 4.500 22.500
v -5.500 4.500 21.500
v -5.500 5.500 22.500
v -5.500 5.500 21.500
v -5.500 9.500 21.500
v -5.500 9.500 22.500
v -5.500 11.500 22.500
v -5.500 11.500 21.500
v -5.500 0.500 22.500
v -5.500 0.500 23.500
v -5.500 4.500 23.500
v -5.500 10.500 23.500
v -5.500 10.500 22.500
v -5.500 -0.500 23.500
v -5.500 -0.500 24.500
v -5.500 3.500 24.500
v -5.500 3.500 23.500
v -5.500 9.500 23.500
v -5.500 9.500 24.500
v -5.500 11.500 24.500
v -5.500 11.500 23.500
v -7.500 11.500 10.500
v -7.500 11.500 9.500
v -7.500 12.500 9.500
v -7.500 12.500 10.500
v -7.500 15.500 10.500
v -7.500 15.500 9.500
v -7.500 16.500 9.500
v -7.500 16.500 10.500
v -7.500 16.500 11.500
v -7.500 19.500 11.500
v -7.500 19.500 9.500
v -7.500 6.500 11.500
v -7.500 6.500 10.500
v -7.500 7.500 10.500
v -7.500 7.500 11.500
v -7.500 17.500 11.500
v -7.500 17.500 12.500
v -7.500 19.500 12.500
v -7.500 13.500 12.500
v -7.500 13.500 13.500
v -7.500 14.500 13.500
v -7.500 14.500 12.500
v -7.500 17.500 13.500
v -7.500 18.500 13.500
v -7.500 18.500 12.500
v -7.500 13.500 14.500
v -7.500 14.500 14.500
v -7.500 8.500 15.500
v -7.500 8.500 14.500
v -7.500 11.500 14.500
v -7.500 11.500 15.500
v -7.500 13.500 15.500
v -7.500 14.500 15.500
v -7.500 17.500 14.500
v -7.500 17.500 15.500
v -7.500 18.500 15.500
v -7.500 18.500 14.500
v -7.500 5.500 16.500
v -7.500 5.500 15.500
v -7.500 6.500 15.500
v -7.500 6.500 16.500
v -7.500 7.500 17.500
v -7.500 7.500 16.500
v -7.500 8.500 16.500
v -7.500 8.500 17.500
v -7.500 11.500 17.500
v -7.500 11.500 16.500
v -7.500 12.500 16.500
v -7.500 12.500 17.500
v -7.500 8.500 19.500
v -7.500 8.500 18.500
v -7.500 11.500 18.500
v -7.500 11.500 19.500
v -7.500 -0.500 20.500
v -7.500 -0.500 21.500
v -7.500 3.500 21.500
v -7.500 3.500 20.500
v -7.500 4.500 21.500
v -7.500 4.500 20.500
v -7.500 7.500 20.500
v -7.500 7.500 24.500
v -7.500 9.500 24.500
v -7.500 9.500 20.500
v -7.500 8.500 24.500
v -7.500 8.500 25.500
v -7.500 9.500 25.500
v -10.500 11.500 10.500
v -10.500 11.500 9.500
v -10.500 11.500 15.500
v -10.500 11.500 14.500
v -11.500 11.500 16.500
v -9.500 11.500 16.500
v -9.500 11.500 15.500
v -11.500 11.500 15.500
v -8.500 11.500 16.500
v -6.500 11.500 16.500
v -6.500 11.500 15.500
v -8.500 11.500 15.500
v -11.500 11.500 17.500
v -10.500 11.500 17.500
v -10.500 11.500 16.500
v -6.500 11.500 17.500
v -11.500 11.500 18.500
v -9.500 11.500 18.500
v -9.500 11.500 17.500
v -8.500 11.500 18.500
v -6.500 11.500 18.500
v -8.500 11.500 17.500
v -10.500 11.500 19.500
v -10.500 11.500 18.500
v -4.500 11.500 21.500
v -6.500 11.500 23.500
v -6.500 11.500 22.500
v -17.500 11.500 24.500
v -18.500 11.500 24.500
v -18.500 11.500 23.500
v -17.500 11.500 23.500
v -4.500 11.500 24.500
v -15.500 5.500 10.500
v -14.500 5.500 10.500
v -14.500 5.500 9.500
v -15.500 5.500 9.500
v -14.500 5.500 12.500
v -13.500 5.500 12.500
v -13.500 5.500 10.500
v -13.500 5.500 14.500
v -12.500 5.500 14.500
v -12.500 5.500 12.500
v -6.500 5.500 13.500
v -6.500 5.500 12.500
v -9.500 5.500 14.500
v -9.500 5.500 13.500
v -12.500 5.500 15.500
v -11.500 5.500 16.500
v -8.500 5.500 16.500
v -8.500 5.500 15.500
v -11.500 5.500 15.500
v -6.500 5.500 17.500
v -6.500 5.500 16.500
v -9.500 5.500 19.500
v -8.500 5.500 19.500
v -8.500 5.500 17.500
v -9.500 5.500 17.500
v -6.500 5.500 21.500
v -6.500 5.500 19.500
v -4.500 5.500 22.500
v -17.500 3.500 10.500
v -17.500 3.500 9.500
v -18.500 3.500 11.500
v -16.500 3.500 11.500
v -16.500 3.500 10.500
v -18.500 3.500 10.500
v -17.500 3.500 12.500
v -16.500 3.500 12.500
v -17.500 3.500 11.500
v -15.500 3.500 12.500
v -15.500 3.500 11.500
v -16.500 3.500 13.500
v -14.500 3.500 13.500
v -14.500 3.500 12.500
v -15.500 3.500 14.500
v -14.500 3.500 14.500
v -15.500 3.500 13.500
v -13.500 3.500 14.500
v -13.500 3.500 13.500
v -14.500 3.500 15.500
v -13.500 3.500 15.500
v -13.500 3.500 16.500
v -12.500 3.500 16.500
v -12.500 3.500 15.500
v -12.500 3.500 17.500
v -11.500 3.500 17.500
v -11.500 3.500 16.500
v -10.500 3.500 19.500
v -9.500 3.500 19.500
v -9.500 3.500 18.500
v -10.500 3.500 18.500
v -9.500 3.500 20.500
v -8.500 3.500 20.500
v -8.500 3.500 19.500
v -6.500 3.500 22.500
v -6.500 3.500 21.500
v -16.500 9.500 11.500
v -15.500 9.500 11.500
v -15.500 9.500 10.500
v -16.500 9.500 10.500
v -17.500 9.500 12.500
v -16.500 9.500 12.500
v -17.500 9.500 11.500
v -15.500 9.500 12.500
v -14.500 9.500 12.500
v -14.500 9.500 11.500
v -7.500 9.500 21.500
v -7.500 9.500 22.500
v -7.500 9.500 23.500
v -6.500 9.500 23.500
v -6.500 9.500 22.500
v -12.500 7.500 10.500
v -12.500 7.500 9.500
v -12.500 7.500 11.500
v -12.500 7.500 12.500
v -11.500 7.500 12.500
v -11.500 7.500 11.500
v -8.500 7.500 16.500
v -9.500 7.500 16.500
v -9.500 7.500 15.500
v -8.500 7.500 15.500
v -9.500 7.500 17.500
v -10.500 7.500 17.500
v -10.500 7.500 16.500
v -8.500 7.500 17.500
v -8.500 7.500 18.500
v -9.500 7.500 18.500
v -7.500 7.500 22.500
v -5.500 7.500 23.500
v -7.500 7.500 23.500
v -5.500 7.500 22.500
v -4.500 7.500 24.500
v -6.500 7.500 25.500
v -6.500 7.500 24.500
v -17.500 -0.500 16.500
v -17.500 0.500 16.500
v -16.500 0.500 16.500
v -14.500 0.500 16.500
v -14.500 1.500 16.500
v -16.500 1.500 16.500
v -13.500 1.500 16.500
v -13.500 2.500 16.500
v -14.500 2.500 16.500
v -12.500 2.500 16.500
v -11.500 4.500 16.500
v -12.500 4.500 16.500
v -9.500 4.500 16.500
v -9.500 5.500 16.500
v -8.500 14.500 16.500
v -8.500 17.500 16.500
v -10.500 8.500 16.500
v -9.500 8.500 16.500
v -10.500 12.500 16.500
v -9.500 12.500 16.500
v -9.500 10.500 16.500
v -8.500 10.500 16.500
v -8.500 8.500 16.500
v -8.500 12.500 16.500
v -6.500 6.500 16.500
v -18.500 6.500 9.500
v -18.500 6.500 12.500
v -18.500 8.500 12.500
v -18.500 8.500 9.500
v -18.500 2.500 10.500
v -18.500 2.500 11.500
v -18.500 1.500 12.500
v -18.500 1.500 13.500
v -18.500 2.500 13.500
v -18.500 2.500 12.500
v -18.500 0.500 14.500
v -18.500 0.500 15.500
v -18.500 1.500 15.500
v -18.500 1.500 14.500
v -18.500 10.500 24.500
v -18.500 10.500 23.500
v -18.500 12.500 24.500
v -18.500 13.500 24.500
v -14.500 -0.500 18.500
v -11.500 -0.500 18.500
v -11.500 0.500 18.500
v -14.500 0.500 18.500
v -12.500 0.500 18.500
v -11.500 1.500 18.500
v -12.500 1.500 18.500
v -10.500 1.500 18.500
v -10.500 2.500 18.500
v -11.500 2.500 18.500
v -11.500 8.500 18.500
v -10.500 8.500 18.500
v -9.500 4.500 18.500
v -10.500 4.500 18.500
v -8.500 8.500 18.500
v -9.500 8.500 18.500
v -8.500 12.500 18.500
v -9.500 12.500 18.500
v -6.500 8.500 18.500
v -4.500 6.500 18.500
v -9.500 -0.500 20.500
v -8.500 -0.500 20.500
v -8.500 1.500 20.500
v -9.500 1.500 20.500
v -7.500 1.500 20.500
v -8.500 4.500 20.500
v -6.500 4.500 20.500
v -6.500 5.500 20.500
v -8.500 5.500 20.500
v -6.500 6.500 20.500
v -8.500 6.500 20.500
v -20.500 12.500 24.500
v -20.500 14.500 24.500
v -6.500 0.500 22.500
v -6.500 8.500 24.500
v -20.500 13.500 24.500
v -19.500 13.500 24.500
v -19.500 14.500 24.500
v -17.500 10.500 24.500
v -16.500 0.500 15.500
v -16.500 1.500 15.500
v -15.500 1.500 15.500
v -14.500 1.500 15.500
v -14.500 2.500 15.500
v -15.500 2.500 15.500
v -13.500 2.500 15.500
v -12.500 4.500 15.500
v -13.500 4.500 15.500
v -11.500 4.500 15.500
v -9.500 14.500 15.500
v -8.500 14.500 15.500
v -8.500 17.500 15.500
v -9.500 17.500 15.500
v -6.500 13.500 15.500
v -6.500 14.500 15.500
v -6.500 17.500 15.500
v -6.500 18.500 15.500
v -4.500 17.500 15.500
v -10.500 8.500 15.500
v -11.500 8.500 15.500
v -9.500 8.500 15.500
v -8.500 8.500 15.500
v -9.500 12.500 15.500
v -8.500 12.500 15.500
v -8.500 6.500 15.500
v -6.500 8.500 15.500
v -14.500 6.500 10.500
v -14.500 6.500 9.500
v -14.500 8.500 11.500
v -14.500 8.500 10.500
v -14.500 10.500 10.500
v -14.500 10.500 11.500
v -14.500 4.500 10.500
v -14.500 4.500 12.500
v -14.500 8.500 12.500
v -14.500 4.500 13.500
v -14.500 2.500 14.500
v -14.500 0.500 17.500
v -14.500 1.500 17.500
v -14.500 -0.500 17.500
v -16.500 8.500 9.500
v -16.500 8.500 10.500
v -16.500 10.500 10.500
v -16.500 10.500 9.500
v -16.500 4.500 11.500
v -16.500 4.500 10.500
v -16.500 10.500 12.500
v -16.500 10.500 11.500
v -16.500 2.500 12.500
v -16.500 2.500 13.500
v -16.500 1.500 13.500
v -16.500 1.500 14.500
v -16.500 2.500 14.500
v -19.500 0.500 14.500
v -19.500 0.500 13.500
v -17.500 0.500 17.500
v -12.500 0.500 17.500
v -6.500 0.500 23.500
v -8.500 17.500 12.500
v -8.500 17.500 11.500
v -9.500 17.500 13.500
v -9.500 17.500 12.500
v -9.500 17.500 14.500
v -8.500 17.500 14.500
v -8.500 17.500 13.500
v -6.500 17.500 14.500
v -7.500 19.500 10.500
v -6.500 19.500 11.500
v -6.500 19.500 10.500
v -6.500 19.500 13.500
v -6.500 19.500 12.500
v -6.500 13.500 11.500
v -6.500 13.500 12.500
v -6.500 13.500 13.500
v -8.500 13.500 14.500
v -8.500 13.500 13.500
v -6.500 13.500 14.500
v -10.500 15.500 10.500
v -8.500 15.500 10.500
v -8.500 15.500 9.500
v -10.500 15.500 9.500
v -9.500 15.500 11.500
v -6.500 15.500 11.500
v -6.500 15.500 10.500
v -9.500 15.500 10.500
v -5.500 15.500 11.500
v -17.500 6.500 9.500
v -17.500 8.500 9.500
v -15.500 8.500 9.500
v -15.500 10.500 9.500
v -13.500 7.500 9.500
v -14.500 7.500 9.500
v -14.500 8.500 9.500
v -13.500 8.500 9.500
v -6.500 16.500 9.500
v -6.500 19.500 9.500
v -5.500 12.500 9.500
v -4.500 20.500 9.500
v -8.500 16.500 10.500
v -8.500 16.500 9.500
v -8.500 14.500 11.500
v -8.500 14.500 12.500
v -8.500 14.500 14.500
v -8.500 14.500 13.500
v -8.500 18.500 14.500
v -8.500 18.500 13.500
v -8.500 6.500 16.500
v -8.500 6.500 17.500
v -8.500 10.500 17.500
v -8.500 8.500 17.500
v -8.500 12.500 17.500
v -17.500 2.500 11.500
v -17.500 10.500 11.500
v -15.500 4.500 11.500
v -15.500 10.500 11.500
v -11.500 6.500 11.500
v -9.500 12.500 11.500
v -6.500 12.500 11.500
v -6.500 14.500 11.500
v -9.500 14.500 11.500
v -8.500 15.500 11.500
v -6.500 20.500 11.500
v -4.500 16.500 11.500
v -8.500 16.500 11.500
v -6.500 16.500 11.500
v -10.500 8.500 14.500
v -10.500 8.500 17.500
v -10.500 12.500 17.500
v -10.500 2.500 17.500
v -10.500 3.500 17.500
v -10.500 4.500 17.500
v -10.500 1.500 19.500
v -10.500 8.500 19.500
v -19.500 1.500 13.500
v -17.500 6.500 13.500
v -13.500 6.500 13.500
v -13.500 8.500 13.500
v -17.500 8.500 13.500
v -15.500 2.500 13.500
v -13.500 4.500 13.500
v -6.500 6.500 13.500
v -9.500 6.500 13.500
v -6.500 12.500 13.500
v -6.500 18.500 13.500
v -4.500 18.500 13.500
v -6.500 14.500 13.500
v -12.500 6.500 9.500
v -12.500 6.500 12.500
v -12.500 6.500 14.500
v -12.500 4.500 14.500
v -12.500 2.500 17.500
v -12.500 1.500 17.500
v -4.500 16.500 10.500
v -4.500 6.500 12.500
v -4.500 20.500 12.500
v -4.500 6.500 17.500
v -6.500 12.500 10.500
v -6.500 16.500 10.500
v -6.500 20.500 10.500
v -6.500 12.500 12.500
v -6.500 14.500 12.500
v -6.500 6.500 12.500
v -6.500 18.500 12.500
v -6.500 14.500 14.500
v -6.500 18.500 14.500
v -6.500 6.500 17.500
v -6.500 6.500 19.500
v -6.500 4.500 21.500
v -6.500 -0.500 21.500
v -6.500 -0.500 22.500
v -6.500 -0.500 23.500
v -6.500 8.500 25.500
v -15.500 10.500 10.500
v -17.500 10.500 10.500
v -15.500 10.500 12.500
v -9.500 10.500 17.500
v -20.500 10.500 24.500
v -17.500 4.375 10.500
v -17.500 4.375 9.500
v -20.500 4.375 11.500
v -16.500 4.375 11.500
v -16.500 4.375 10.500
v -15.500 4.375 12.500
v -15.500 4.375 11.500
v -14.500 4.375 13.500
v -14.500 4.375 12.500
v -20.500 4.375 15.500
v -13.500 4.375 15.500
v -13.500 4.375 13.500
v -12.500 4.375 16.500
v -12.500 4.375 15.500
v -20.500 4.375 17.500
v -11.500 4.375 17.500
v -11.500 4.375 16.500
v -10.500 4.375 18.500
v -10.500 4.375 17.500
v -20.500 4.375 19.500
v -9.500 4.375 19.500
v -9.500 4.375 18.500
v -20.500 4.375 20.500
v -8.500 4.375 20.500
v -8.500 4.375 19.500
v -7.500 4.375 21.500
v -7.500 4.375 20.500
v -20.500 4.375 23.500
v -5.500 4.375 23.500
v -5.500 4.375 21.500
v -4.500 4.375 23.500
v -17.500 4.500 10.500
v -15.500 4.500 10.500
v -15.500 4.500 9.500
v -17.500 4.500 9.500
v -15.500 4.500 12.500
v -13.500 4.500 12.500
v -13.500 4.500 14.500
v -11.500 4.500 17.500
v -9.500 4.500 17.500
v -17.500 2.500 12.500
v -15.500 2.500 14.500
v -13.500 2.500 17.500
v -11.500 2.500 17.500
v -18.500 8.500 10.500
v -15.500 8.500 10.500
v -13.500 8.500 10.500
v -17.500 8.500 12.500
v -17.500 8.500 10.500
v -13.500 8.500 12.500
v -11.500 8.500 16.500
v -6.500 8.500 16.500
v -11.500 8.500 17.500
v -6.500 8.500 17.500
v -9.500 8.500 17.500
v -18.500 6.500 10.500
v -12.500 6.500 10.500
v -16.500 6.500 11.500
v -18.500 6.500 11.500
v -16.500 6.500 10.500
v -13.500 6.500 11.500
v -15.500 6.500 11.500
v -15.500 6.500 10.500
v -13.500 6.500 10.500
v -13.500 6.500 12.500
v -11.500 6.500 12.500
v -17.500 6.500 12.500
v -12.500 6.500 13.500
v -9.500 6.500 14.500
v -8.500 6.500 18.500
v -8.500 6.500 19.500
v -17.500 -0.500 17.500
v -13.500 1.500 17.500
v -11.500 1.500 17.500
v -9.500 12.500 17.500
v -11.500 -0.500 19.500
v -9.500 -0.500 19.500
v -9.500 1.500 19.500
v -11.500 1.500 19.500
v -8.500 4.500 19.500
v -9.500 4.500 19.500
v -19.500 1.500 14.500
v -20.500 11.500 23.500
v -17.500 12.500 23.500
v -15.500 1.500 14.500
v -17.500 8.500 11.500
v -17.500 12.500 24.500
v -19.500 1.500 12.500
v -9.500 14.500 13.500
v -9.500 14.500 12.500
v -9.500 14.500 14.500
v -9.500 12.500 10.500
v -10.500 12.500 10.500
v -5.500 12.500 10.500
v -13.500 6.500 9.500
v -11.500 10.500 -19.500
v -10.500 10.500 -19.500
v -10.500 11.500 -19.500
v -11.500 11.500 -19.500
v -10.500 5.500 -19.500
v -9.500 5.500 -19.500
v -9.500 10.500 -19.500
v -9.500 9.500 -19.500
v -8.500 9.500 -19.500
v -8.500 11.500 -19.500
v -9.500 11.500 -19.500
v -17.500 9.500 -19.500
v -18.500 9.500 -19.500
v -18.500 11.500 -19.500
v -17.500 11.500 -19.500
v -16.500 5.500 -19.500
v -17.500 5.500 -19.500
v -17.500 10.500 -19.500
v -16.500 10.500 -19.500
v -15.500 10.500 -19.500
v -16.500 11.500 -19.500
v -15.500 11.500 -19.500
v -4.500 10.500 -19.500
v -6.500 10.500 -19.500
v -6.500 11.500 -19.500
v -4.500 11.500 -19.500
v -5.500 11.500 -19.500
v -6.500 12.500 -19.500
v -5.500 12.500 -19.500
v -5.500 8.500 -20.500
v -5.500 8.500 -22.500
v -5.500 10.500 -22.500
v -5.500 10.500 -20.500
v -5.500 11.500 -18.500
v -5.500 12.500 -18.500
v -5.500 5.500 -17.500
v -5.500 5.500 -18.500
v -5.500 11.500 -17.500
v -5.500 11.500 -16.500
v -5.500 12.500 -17.500
v -5.500 12.500 -16.500
v -5.500 -0.500 -10.500
v -5.500 -0.500 -11.500
v -5.500 1.500 -11.500
v -5.500 1.500 -10.500
v -5.500 -0.500 -9.500
v -5.500 0.500 -10.500
v -5.500 0.500 -9.500
v -5.500 11.500 -7.500
v -5.500 11.500 -6.500
v -5.500 12.500 -6.500
v -5.500 12.500 -7.500
v -5.500 15.500 -7.500
v -5.500 15.500 -6.500
v -5.500 16.500 -6.500
v -5.500 16.500 -7.500
v -19.500 6.500 -21.500
v -18.500 6.500 -21.500
v -18.500 7.500 -21.500
v -19.500 7.500 -21.500
v -17.500 9.500 -21.500
v -16.500 9.500 -21.500
v -16.500 10.500 -21.500
v -17.500 10.500 -21.500
v -15.500 6.500 -21.500
v -14.500 6.500 -21.500
v -14.500 7.500 -21.500
v -15.500 7.500 -21.500
v -15.500 8.500 -21.500
v -12.500 8.500 -21.500
v -12.500 10.500 -21.500
v -15.500 10.500 -21.500
v -12.500 7.500 -21.500
v -14.500 8.500 -21.500
v -9.500 11.500 -21.500
v -8.500 11.500 -21.500
v -8.500 12.500 -21.500
v -9.500 12.500 -21.500
v -8.500 5.500 -21.500
v -7.500 5.500 -21.500
v -7.500 6.500 -21.500
v -8.500 6.500 -21.500
v -7.500 11.500 -21.500
v -4.500 5.500 -21.500
v -4.500 6.500 -21.500
v -7.500 10.500 -21.500
v -6.500 10.500 -21.500
v -6.500 12.500 -21.500
v -7.500 12.500 -21.500
v -18.500 8.500 -21.500
v -19.500 8.500 -21.500
v -19.500 9.500 -21.500
v -18.500 9.500 -21.500
v -11.500 7.500 -21.500
v -12.500 9.500 -21.500
v -11.500 9.500 -21.500
v -10.500 9.500 -21.500
v -11.500 10.500 -21.500
v -10.500 10.500 -21.500
v -9.500 10.500 -21.500
v -10.500 11.500 -21.500
v -7.500 6.500 -22.500
v -7.500 11.500 -22.500
v -7.500 7.500 -17.500
v -7.500 7.500 -21.500
v -7.500 8.500 -21.500
v -7.500 8.500 -17.500
v -7.500 10.500 -20.500
v -7.500 12.500 -20.500
v -7.500 10.500 -18.500
v -7.500 10.500 -17.500
v -7.500 12.500 -17.500
v -7.500 12.500 -18.500
v -7.500 10.500 -16.500
v -7.500 11.500 -16.500
v -7.500 11.500 -17.500
v -7.500 8.500 -16.500
v -7.500 8.500 -15.500
v -7.500 10.500 -15.500
v -7.500 12.500 -7.500
v -7.500 12.500 -6.500
v -7.500 15.500 -6.500
v -7.500 15.500 -7.500
v -8.500 11.500 -22.500
v -10.500 11.500 -20.500
v -8.500 11.500 -20.500
v -16.500 11.500 -20.500
v -17.500 11.500 -20.500
v -11.500 11.500 -20.500
v -18.500 11.500 -18.500
v -15.500 11.500 -18.500
v -10.500 11.500 -18.500
v -9.500 11.500 -18.500
v -4.500 11.500 -18.500
v -17.500 11.500 -17.500
v -16.500 11.500 -17.500
v -16.500 11.500 -18.500
v -17.500 11.500 -18.500
v -6.500 11.500 -17.500
v -6.500 11.500 -18.500
v -16.500 11.500 -16.500
v -15.500 11.500 -16.500
v -15.500 11.500 -17.500
v -6.500 11.500 -16.500
v -4.500 11.500 -16.500
v -4.500 11.500 -17.500
v -15.500 11.500 -15.500
v -14.500 11.500 -15.500
v -14.500 11.500 -16.500
v -13.500 11.500 -15.500
v -9.500 11.500 -15.500
v -9.500 11.500 -16.500
v -13.500 11.500 -16.500
v -16.500 11.500 -14.500
v -15.500 11.500 -14.500
v -16.500 11.500 -15.500
v -14.500 11.500 -13.500
v -13.500 11.500 -13.500
v -10.500 11.500 -13.500
v -9.500 11.500 -13.500
v -10.500 11.500 -15.500
v -14.500 11.500 -12.500
v -12.500 11.500 -12.500
v -12.500 11.500 -13.500
v -11.500 11.500 -12.500
v -9.500 11.500 -12.500
v -11.500 11.500 -13.500
v -15.500 11.500 -11.500
v -14.500 11.500 -11.500
v -15.500 11.500 -12.500
v -13.500 11.500 -11.500
v -9.500 11.500 -11.500
v -13.500 11.500 -12.500
v -16.500 11.500 -10.500
v -15.500 11.500 -10.500
v -16.500 11.500 -11.500
v -15.500 11.500 -9.500
v -14.500 11.500 -9.500
v -14.500 11.500 -10.500
v -4.500 11.500 -7.500
v -20.500 5.500 -21.500
v -8.500 5.500 -22.500
v -20.500 5.500 -22.500
v -20.500 5.500 -20.500
v -20.500 5.500 -19.500
v -10.500 5.500 -20.500
v -9.500 5.500 -20.500
v -20.500 5.500 -18.500
v -17.500 5.500 -18.500
v -16.500 5.500 -18.500
v -20.500 5.500 -17.500
v -6.500 5.500 -17.500
v -6.500 5.500 -18.500
v -20.500 5.500 -16.500
v -20.500 5.500 -15.500
v -15.500 5.500 -15.500
v -15.500 5.500 -16.500
v -14.500 5.500 -15.500
v -14.500 5.500 -16.500
v -20.500 5.500 -14.500
v -4.500 5.500 -14.500
v -20.500 5.500 -13.500
v -12.500 5.500 -13.500
v -12.500 5.500 -14.500
v -11.500 5.500 -13.500
v -11.500 5.500 -14.500
v -19.500 5.500 -11.500
v -19.500 5.500 -13.500
v -19.500 5.500 -10.500
v -16.500 5.500 -10.500
v -16.500 5.500 -11.500
v -15.500 5.500 -10.500
v -15.500 5.500 -11.500
v -19.500 5.500 -9.500
v -20.500 5.500 -6.500
v -20.500 5.500 -9.500
v -20.500 3.500 -9.500
v -19.500 3.500 -9.500
v -19.500 3.500 -12.500
v -20.500 3.500 -12.500
v -17.500 9.500 -22.500
v -18.500 9.500 -22.500
v -15.500 9.500 -21.500
v -15.500 9.500 -22.500
v -16.500 9.500 -22.500
v -10.500 9.500 -22.500
v -11.500 9.500 -22.500
v -19.500 9.500 -20.500
v -15.500 9.500 -20.500
v -12.500 9.500 -18.500
v -11.500 9.500 -18.500
v -19.500 9.500 -19.500
v -17.500 9.500 -20.500
v -15.500 9.500 -18.500
v -14.500 9.500 -18.500
v -14.500 9.500 -20.500
v -19.500 9.500 -17.500
v -18.500 9.500 -17.500
v -9.500 9.500 -18.500
v -8.500 9.500 -18.500
v -11.500 9.500 -17.500
v -8.500 9.500 -17.500
v -18.500 9.500 -16.500
v -17.500 9.500 -16.500
v -17.500 9.500 -17.500
v -10.500 9.500 -15.500
v -12.500 9.500 -15.500
v -12.500 9.500 -16.500
v -10.500 9.500 -16.500
v -9.500 9.500 -14.500
v -12.500 9.500 -14.500
v -9.500 9.500 -15.500
v -17.500 9.500 -13.500
v -16.500 9.500 -13.500
v -16.500 9.500 -14.500
v -17.500 9.500 -14.500
v -9.500 9.500 -13.500
v -11.500 9.500 -13.500
v -11.500 9.500 -14.500
v -14.500 9.500 -12.500
v -13.500 9.500 -12.500
v -13.500 9.500 -13.500
v -14.500 9.500 -13.500
v -9.500 9.500 -12.500
v -10.500 9.500 -11.500
v -13.500 9.500 -11.500
v -10.500 9.500 -12.500
v -20.500 9.500 -6.500
v -19.500 9.500 -6.500
v -19.500 9.500 -9.500
v -20.500 9.500 -9.500
v -14.500 9.500 -8.500
v -13.500 9.500 -8.500
v -13.500 9.500 -9.500
v -14.500 9.500 -9.500
v -14.500 7.500 -22.500
v -12.500 7.500 -22.500
v -8.500 7.500 -21.500
v -11.500 7.500 -22.500
v -8.500 7.500 -22.500
v -18.500 7.500 -20.500
v -19.500 7.500 -20.500
v -14.500 7.500 -20.500
v -15.500 7.500 -20.500
v -7.500 7.500 -20.500
v -12.500 7.500 -20.500
v -14.500 7.500 -19.500
v -19.500 7.500 -19.500
v -10.500 7.500 -19.500
v -12.500 7.500 -19.500
v -10.500 7.500 -20.500
v -7.500 7.500 -19.500
v -9.500 7.500 -19.500
v -9.500 7.500 -20.500
v -17.500 7.500 -18.500
v -19.500 7.500 -18.500
v -17.500 7.500 -19.500
v -14.500 7.500 -18.500
v -16.500 7.500 -18.500
v -16.500 7.500 -19.500
v -7.500 7.500 -18.500
v -12.500 7.500 -18.500
v -14.500 7.500 -17.500
v -19.500 7.500 -17.500
v -11.500 7.500 -17.500
v -11.500 7.500 -18.500
v -15.500 7.500 -16.500
v -19.500 7.500 -16.500
v -15.500 7.500 -17.500
v -19.500 7.500 -6.500
v -20.500 7.500 -6.500
v -20.500 7.500 -7.500
v -19.500 7.500 -7.500
v -18.500 8.500 -22.500
v -18.500 6.500 -20.500
v -18.500 9.500 -18.500
v -18.500 10.500 -17.500
v -18.500 10.500 -18.500
v -18.500 8.500 -17.500
v -18.500 8.500 -16.500
v -18.500 8.500 -13.500
v -18.500 8.500 -8.500
v -18.500 10.500 -8.500
v -18.500 10.500 -13.500
v -20.500 3.500 -13.500
v -20.500 4.500 -12.500
v -20.500 4.500 -13.500
v -20.500 2.500 -12.500
v -20.500 2.500 -10.500
v -20.500 3.500 -10.500
v -20.500 4.500 -9.500
v -20.500 4.500 -8.500
v -20.500 5.500 -8.500
v -20.500 8.500 -9.500
v -20.500 8.500 -8.500
v -20.500 9.500 -8.500
v -15.500 12.500 -15.500
v -16.500 12.500 -15.500
v -14.500 10.500 -15.500
v -13.500 10.500 -15.500
v -13.500 12.500 -15.500
v -14.500 12.500 -15.500
v -4.500 8.500 -15.500
v -4.500 10.500 -15.500
v -10.500 12.500 -15.500
v -11.500 12.500 -15.500
v -12.500 12.500 -15.500
v -12.500 13.500 -15.500
v -11.500 13.500 -15.500
v -10.500 10.500 -15.500
v -9.500 10.500 -15.500
v -19.500 8.500 -17.500
v -17.500 10.500 -17.500
v -16.500 10.500 -17.500
v -14.500 8.500 -17.500
v -15.500 8.500 -17.500
v -11.500 8.500 -17.500
v -8.500 8.500 -17.500
v -6.500 12.500 -17.500
v -4.500 12.500 -17.500
v -14.500 10.500 -17.500
v -14.500 11.500 -17.500
v -15.500 12.500 -17.500
v -14.500 12.500 -17.500
v -12.500 8.500 -17.500
v -13.500 8.500 -17.500
v -13.500 10.500 -17.500
v -12.500 10.500 -17.500
v -20.500 8.500 -7.500
v -19.500 8.500 -7.500
v -6.500 12.500 -7.500
v -6.500 15.500 -7.500
v -4.500 12.500 -7.500
v -4.500 16.500 -7.500
v -14.500 6.500 -22.500
v -14.500 8.500 -20.500
v -14.500 8.500 -18.500
v -14.500 10.500 -16.500
v -14.500 12.500 -16.500
v -14.500 10.500 -14.500
v -14.500 12.500 -14.500
v -14.500 10.500 -13.500
v -14.500 10.500 -12.500
v -14.500 10.500 -11.500
v -14.500 10.500 -10.500
v -14.500 12.500 -11.500
v -14.500 12.500 -10.500
v -14.500 10.500 -9.500
v -14.500 10.500 -8.500
v -16.500 10.500 -9.500
v -16.500 11.500 -9.500
v -15.500 12.500 -9.500
v -16.500 12.500 -9.500
v -13.500 10.500 -9.500
v -19.500 4.500 -9.500
v -19.500 8.500 -9.500
v -16.500 10.500 -22.500
v -16.500 10.500 -20.500
v -16.500 10.500 -18.500
v -16.500 10.500 -16.500
v -16.500 10.500 -15.500
v -16.500 12.500 -16.500
v -16.500 10.500 -14.500
v -16.500 10.500 -13.500
v -16.500 10.500 -12.500
v -16.500 10.500 -11.500
v -16.500 12.500 -11.500
v -16.500 12.500 -12.500
v -16.500 10.500 -10.500
v -16.500 12.500 -10.500
v -10.500 10.500 -11.500
v -13.500 10.500 -11.500
v -9.500 10.500 -11.500
v -4.500 -0.500 -11.500
v -4.500 0.500 -11.500
v -5.500 0.500 -11.500
v -4.500 1.500 -11.500
v -17.500 10.500 -11.500
v -17.500 12.500 -11.500
v -15.500 12.500 -11.500
v -19.500 4.500 -13.500
v -12.500 9.500 -13.500
v -12.500 10.500 -13.500
v -13.500 8.500 -13.500
v -12.500 8.500 -13.500
v -12.500 13.500 -13.500
v -13.500 13.500 -13.500
v -11.500 12.500 -13.500
v -12.500 12.500 -13.500
v -10.500 13.500 -13.500
v -11.500 13.500 -13.500
v -17.500 8.500 -13.500
v -18.500 9.500 -13.500
v -4.500 0.500 -10.500
v -12.500 13.500 -14.500
v -11.500 13.500 -14.500
v -10.500 13.500 -14.500
v -13.500 13.500 -14.500
v -12.500 13.500 -12.500
v -11.500 13.500 -12.500
v -6.500 15.500 -8.500
v -8.500 6.500 -22.500
v -8.500 12.500 -20.500
v -8.500 10.500 -19.500
v -8.500 10.500 -20.500
v -8.500 10.500 -17.500
v -8.500 8.500 -16.500
v -8.500 10.500 -16.500
v -10.500 10.500 -22.500
v -10.500 10.500 -20.500
v -10.500 10.500 -18.500
v -10.500 10.500 -16.500
v -10.500 11.500 -14.500
v -10.500 12.500 -14.500
v -10.500 10.500 -12.500
v -12.500 10.500 -22.500
v -12.500 8.500 -14.500
v -12.500 10.500 -14.500
v -12.500 10.500 -16.500
v -12.500 12.500 -14.500
v -17.500 10.500 -18.500
v -15.500 10.500 -18.500
v -9.500 10.500 -18.500
v -11.500 10.500 -18.500
v -13.500 9.500 -18.500
v -13.500 10.500 -18.500
v -13.500 8.500 -18.500
v -6.500 10.500 -18.500
v -6.500 12.500 -18.500
v -4.500 12.500 -18.500
v -4.500 6.500 -22.500
v -4.500 10.500 -18.500
v -4.500 10.500 -17.500
v -4.500 1.500 -10.500
v -15.500 6.500 -20.500
v -17.500 10.500 -20.500
v -15.500 10.500 -20.500
v -15.500 8.500 -20.500
v -11.500 10.500 -20.500
v -9.500 10.500 -20.500
v -6.500 10.500 -22.500
v -6.500 12.500 -22.500
v -6.500 12.500 -16.500
v -6.500 12.500 -8.500
v -11.500 8.500 -22.500
v -8.500 8.500 -22.500
v -10.500 8.500 -22.500
v -8.500 10.500 -22.500
v -9.500 10.500 -22.500
v -9.500 12.500 -22.500
v -8.500 12.500 -22.500
v -7.500 5.500 -22.500
v -7.500 10.500 -22.500
v -7.500 12.500 -22.500
v -17.500 10.500 -22.500
v -15.500 10.500 -22.500
v -5.500 10.500 -21.500
v -8.500 10.500 -18.500
v -17.500 10.500 -14.500
v -12.500 10.500 -15.500
v -13.500 10.500 -16.500
v -9.500 10.500 -16.500
v -18.500 10.500 -12.500
v -18.500 10.500 -11.500
v -13.500 10.500 -12.500
v -9.500 10.500 -12.500
v -18.500 10.500 -10.500
v -17.500 10.500 -10.500
v -18.500 10.500 -9.500
v -19.500 4.500 -12.500
v -19.500 8.500 -22.500
v -7.500 8.500 -20.500
v -7.500 8.500 -22.500
v -4.500 8.500 -18.500
v -7.500 8.500 -18.500
v -6.500 8.500 -17.500
v -6.500 8.500 -18.500
v -4.500 8.500 -17.500
v -5.500 8.500 -17.500
v -5.500 8.500 -18.500
v -19.500 8.500 -16.500
v -12.500 8.500 -16.500
v -15.500 8.500 -16.500
v -15.500 8.500 -15.500
v -17.500 8.500 -15.500
v -17.500 8.500 -16.500
v -12.500 8.500 -15.500
v -14.500 8.500 -15.500
v -14.500 8.500 -16.500
v -13.500 8.500 -11.500
v -18.500 8.500 -11.500
v -16.500 8.500 -10.500
v -18.500 8.500 -10.500
v -16.500 8.500 -11.500
v -13.500 8.500 -10.500
v -15.500 8.500 -10.500
v -15.500 8.500 -11.500
v -13.500 8.500 -8.500
v -19.500 6.500 -22.500
v -19.500 9.500 -7.500
v -14.500 11.500 -14.500
v -15.500 12.500 -14.500
v -13.500 12.500 -14.500
v -11.500 12.500 -14.500
v -15.500 12.500 -16.500
v -13.500 12.500 -16.500
v -15.500 9.500 -19.500
v -15.500 12.500 -12.500
v -15.500 12.500 -10.500
v -18.500 9.500 -8.500
v -17.500 10.500 -16.500
v -17.500 8.500 -14.500
v -17.500 12.500 -10.500
v -16.500 11.500 -12.500
v -11.500 9.500 -20.500
v -11.500 9.500 -19.500
v -13.500 11.500 -14.500
v -13.500 8.500 -12.500
v -13.500 8.500 -9.500
v -19.500 8.500 -6.500
v -20.500 8.500 -6.500
v -40.500 4.500 -18.500
v -39.500 4.500 -18.500
v -39.500 5.500 -18.500
v -40.500 5.500 -18.500
v -40.500 7.500 -18.500
v -36.500 7.500 -18.500
v -36.500 8.500 -18.500
v -40.500 8.500 -18.500
v -39.500 6.500 -18.500
v -36.500 6.500 -18.500
v -39.500 7.500 -18.500
v -40.500 6.500 -19.500
v -39.500 6.500 -19.500
v -39.500 7.500 -19.500
v -40.500 7.500 -19.500
v -39.500 8.500 -19.500
v -36.500 8.500 -19.500
v -36.500 9.500 -19.500
v -39.500 9.500 -19.500
v -38.500 9.500 -19.500
v -37.500 9.500 -19.500
v -37.500 10.500 -19.500
v -38.500 10.500 -19.500
v -39.500 9.500 -20.500
v -38.500 9.500 -20.500
v -38.500 10.500 -20.500
v -39.500 10.500 -20.500
v -38.500 5.500 -20.500
v -37.500 5.500 -20.500
v -37.500 9.500 -20.500
v -36.500 9.500 -20.500
v -36.500 10.500 -20.500
v -37.500 10.500 -20.500
v -38.500 8.500 -21.500
v -39.500 8.500 -21.500
v -39.500 10.500 -21.500
v -38.500 10.500 -21.500
v -37.500 5.500 -21.500
v -38.500 5.500 -21.500
v -38.500 9.500 -21.500
v -37.500 9.500 -21.500
v -36.500 8.500 -21.500
v -37.500 8.500 -21.500
v -37.500 10.500 -21.500
v -36.500 10.500 -21.500
v -39.500 6.500 -22.500
v -40.500 6.500 -22.500
v -40.500 8.500 -22.500
v -39.500 8.500 -22.500
v -37.500 8.500 -22.500
v -38.500 8.500 -22.500
v -38.500 10.500 -22.500
v -37.500 10.500 -22.500
v -40.500 11.500 -14.500
v -37.500 11.500 -14.500
v -37.500 11.500 -15.500
v -40.500 11.500 -15.500
v -40.500 11.500 -13.500
v -39.500 11.500 -13.500
v -39.500 11.500 -14.500
v -38.500 11.500 -13.500
v -36.500 11.500 -13.500
v -36.500 11.500 -14.500
v -38.500 11.500 -14.500
v -37.500 11.500 -11.500
v -36.500 11.500 -11.500
v -37.500 11.500 -13.500
v -40.500 11.500 -11.500
v -39.500 11.500 -11.500
v -39.500 11.500 -12.500
v -40.500 11.500 -12.500
v -39.500 11.500 -10.500
v -37.500 11.500 -10.500
v -40.500 11.500 -9.500
v -39.500 11.500 -9.500
v -40.500 11.500 -10.500
v -39.500 11.500 -8.500
v -38.500 11.500 -8.500
v -38.500 11.500 -9.500
v -39.500 11.500 -7.500
v -40.500 11.500 -7.500
v -40.500 11.500 -8.500
v -37.500 10.500 -14.500
v -36.500 10.500 -14.500
v -36.500 10.500 -15.500
v -37.500 10.500 -15.500
v -37.500 10.500 -10.500
v -36.500 10.500 -10.500
v -36.500 10.500 -11.500
v -37.500 10.500 -11.500
v -38.500 10.500 -8.500
v -37.500 10.500 -8.500
v -38.500 10.500 -10.500
v -40.500 10.500 -7.500
v -38.500 10.500 -7.500
v -40.500 10.500 -8.500
v -40.500 5.500 -21.500
v -36.500 5.500 -21.500
v -36.500 5.500 -22.500
v -40.500 5.500 -22.500
v -40.500 5.500 -20.500
v -36.500 5.500 -20.500
v -36.500 5.500 -18.500
v -39.500 5.500 -13.500
v -36.500 5.500 -13.500
v -38.500 5.500 -12.500
v -36.500 5.500 -12.500
v -38.500 5.500 -13.500
v -39.500 5.500 -9.500
v -36.500 5.500 -9.500
v -39.500 5.500 -12.500
v -40.500 5.500 -9.500
v -40.500 4.500 -10.500
v -39.500 4.500 -10.500
v -36.500 9.500 -13.500
v -40.500 9.500 -13.500
v -40.500 9.500 -15.500
v -36.500 9.500 -15.500
v -39.500 9.500 -12.500
v -40.500 9.500 -12.500
v -39.500 9.500 -13.500
v -36.500 9.500 -12.500
v -38.500 9.500 -12.500
v -38.500 9.500 -13.500
v -36.500 9.500 -10.500
v -37.500 9.500 -10.500
v -37.500 9.500 -12.500
v -38.500 9.500 -7.500
v -37.500 9.500 -7.500
v -37.500 9.500 -8.500
v -38.500 9.500 -8.500
v -40.500 8.500 -21.500
v -36.500 8.500 -22.500
v -40.500 8.500 -19.500
v -37.500 8.500 -10.500
v -40.500 8.500 -10.500
v -40.500 8.500 -12.500
v -37.500 8.500 -12.500
v -37.500 8.500 -9.500
v -39.500 8.500 -9.500
v -39.500 8.500 -10.500
v -37.500 8.500 -7.500
v -40.500 8.500 -7.500
v -40.500 8.500 -9.500
v -38.500 13.500 -14.500
v -38.500 13.500 -13.500
v -38.500 12.500 -13.500
v -38.500 12.500 -12.500
v -38.500 12.500 -11.500
v -38.500 13.500 -12.500
v -38.500 13.500 -11.500
v -38.500 10.500 -9.500
v -38.500 12.500 -10.500
v -38.500 12.500 -9.500
v -38.500 12.500 -6.500
v -38.500 15.500 -9.500
v -38.500 16.500 -7.500
v -38.500 19.500 -7.500
v -36.500 6.500 -21.500
v -40.500 6.500 -21.500
v -36.500 6.500 -22.500
v -38.500 6.500 -20.500
v -40.500 6.500 -20.500
v -38.500 6.500 -21.500
v -36.500 6.500 -20.500
v -37.500 6.500 -20.500
v -37.500 6.500 -21.500
v -36.500 6.500 -19.500
v -39.500 8.500 -20.500
v -39.500 4.500 -13.500
v -39.500 13.500 -13.500
v -39.500 13.500 -14.500
v -39.500 4.500 -12.500
v -39.500 12.500 -12.500
v -39.500 12.500 -13.500
v -39.500 5.500 -10.500
v -39.500 13.500 -11.500
v -39.500 13.500 -12.500
v -39.500 12.500 -11.500
v -39.500 12.500 -10.500
v -39.500 12.500 -9.500
v -39.500 15.500 -10.500
v -39.500 15.500 -9.500
v -39.500 12.500 -8.500
v -39.500 16.500 -9.500
v -39.500 16.500 -6.500
v -39.500 12.500 -7.500
v -39.500 17.500 -7.500
v -39.500 20.500 -7.500
v -40.500 10.500 -15.500
v -40.500 9.500 -7.500
v -40.500 12.500 -7.500
v -40.500 17.500 -7.500
v -40.500 20.500 -7.500
v -37.500 16.500 -7.500
v -37.500 19.500 -7.500
v -40.500 12.500 -8.500
v -36.500 16.500 -8.500
v -37.500 16.500 -8.500
v -37.500 19.500 -8.500
v -36.500 19.500 -8.500
v -36.500 8.500 -20.500
v -36.500 7.500 -19.500
v -36.500 9.500 -14.500
v -36.500 9.500 -11.500
v -40.500 15.500 -9.500
v -40.500 16.500 -9.500
v -37.500 11.500 -12.500
v -37.500 13.500 -13.500
v -37.500 13.500 -12.500
v -37.500 12.500 -12.500
v -37.500 12.500 -11.500
v -37.500 8.500 -8.500
v -38.500 11.500 -10.500
v -40.500 12.500 -10.500
v -40.500 15.500 -10.500
v -40.500 12.500 -11.500
v -40.500 13.500 -12.500
v -39.500 8.500 -12.500
v -38.500 8.500 -12.500
v -40.500 13.500 -13.500
v -36.500 19.500 -7.500
v -40.500 16.500 -6.500
v -36.500 16.500 -7.500
v -40.500 12.500 -9.500
v -38.500 12.500 -8.500
v -38.500 12.500 -7.500
v -18.500 10.500 5.500
v -17.500 10.500 5.500
v -17.500 11.500 5.500
v -18.500 11.500 5.500
v -16.500 11.500 5.500
v -14.500 11.500 5.500
v -14.500 12.500 5.500
v -16.500 12.500 5.500
v -15.500 12.500 5.500
v -15.500 13.500 5.500
v -16.500 13.500 5.500
v -14.500 9.500 5.500
v -13.500 9.500 5.500
v -13.500 11.500 5.500
v -9.500 11.500 5.500
v -8.500 11.500 5.500
v -8.500 12.500 5.500
v -9.500 12.500 5.500
v -6.500 12.500 5.500
v -6.500 13.500 5.500
v -9.500 13.500 5.500
v -8.500 7.500 5.500
v -7.500 7.500 5.500
v -7.500 12.500 5.500
v -7.500 11.500 5.500
v -6.500 11.500 5.500
v -19.500 7.500 5.500
v -20.500 7.500 5.500
v -20.500 9.500 5.500
v -19.500 9.500 5.500
v -9.500 6.500 5.500
v -12.500 6.500 5.500
v -12.500 7.500 5.500
v -9.500 7.500 5.500
v -10.500 11.500 5.500
v -10.500 12.500 5.500
v -10.500 14.500 5.500
v -7.500 14.500 5.500
v -5.500 5.500 -6.500
v -5.500 5.500 -5.500
v -5.500 12.500 -5.500
v -5.500 10.500 -3.500
v -5.500 11.500 -3.500
v -5.500 11.500 -5.500
v -5.500 10.500 -5.500
v -5.500 15.500 -5.500
v -5.500 15.500 -4.500
v -5.500 16.500 -4.500
v -5.500 16.500 -5.500
v -5.500 8.500 -1.500
v -5.500 8.500 -4.500
v -5.500 10.500 -4.500
v -5.500 10.500 -1.500
v -5.500 10.500 -2.500
v -5.500 11.500 -2.500
v -5.500 14.500 -3.500
v -5.500 14.500 -2.500
v -5.500 15.500 -2.500
v -5.500 15.500 -3.500
v -5.500 11.500 0.500
v -5.500 11.500 -0.500
v -5.500 12.500 -0.500
v -5.500 12.500 0.500
v -5.500 6.500 1.500
v -5.500 6.500 0.500
v -5.500 11.500 1.500
v -5.500 11.500 2.500
v -5.500 12.500 1.500
v -5.500 12.500 2.500
v -5.500 10.500 3.500
v -5.500 10.500 2.500
v -5.500 11.500 3.500
v -5.500 9.500 6.500
v -5.500 9.500 3.500
v -5.500 11.500 6.500
v -5.500 10.500 7.500
v -5.500 10.500 6.500
v -5.500 11.500 7.500
v -5.500 12.500 7.500
v -5.500 15.500 7.500
v -5.500 6.500 8.500
v -5.500 7.500 8.500
v -5.500 15.500 8.500
v -5.500 16.500 8.500
v -7.500 10.500 1.500
v -6.500 10.500 1.500
v -6.500 12.500 1.500
v -7.500 12.500 1.500
v -6.500 6.500 1.500
v -6.500 11.500 1.500
v -4.500 11.500 1.500
v -4.500 12.500 1.500
v -14.500 9.500 1.500
v -18.500 9.500 1.500
v -18.500 10.500 1.500
v -14.500 10.500 1.500
v -13.500 10.500 1.500
v -17.500 10.500 1.500
v -17.500 11.500 1.500
v -13.500 11.500 1.500
v -11.500 5.500 1.500
v -12.500 5.500 1.500
v -12.500 6.500 1.500
v -11.500 6.500 1.500
v -7.500 12.500 -5.500
v -7.500 15.500 -5.500
v -7.500 11.500 -5.500
v -7.500 11.500 -4.500
v -7.500 15.500 -4.500
v -7.500 11.500 -3.500
v -7.500 14.500 -3.500
v -7.500 14.500 -4.500
v -7.500 12.500 -3.500
v -7.500 12.500 -2.500
v -7.500 14.500 -2.500
v -7.500 5.500 -1.500
v -7.500 5.500 -2.500
v -7.500 11.500 -2.500
v -7.500 11.500 -1.500
v -7.500 11.500 -0.500
v -7.500 12.500 -1.500
v -7.500 12.500 -0.500
v -7.500 10.500 -0.500
v -7.500 10.500 0.500
v -7.500 11.500 0.500
v -7.500 12.500 0.500
v -7.500 9.500 3.500
v -7.500 9.500 2.500
v -7.500 10.500 2.500
v -7.500 10.500 3.500
v -7.500 11.500 4.500
v -7.500 11.500 3.500
v -7.500 13.500 3.500
v -7.500 13.500 4.500
v -7.500 7.500 4.500
v -7.500 12.500 4.500
v -7.500 11.500 6.500
v -7.500 14.500 6.500
v -7.500 10.500 8.500
v -7.500 10.500 7.500
v -7.500 11.500 7.500
v -7.500 11.500 8.500
v -7.500 15.500 8.500
v -7.500 15.500 7.500
v -7.500 16.500 7.500
v -7.500 16.500 8.500
v -7.500 7.500 9.500
v -7.500 7.500 8.500
v -7.500 13.500 8.500
v -7.500 13.500 9.500
v -10.500 9.500 -0.500
v -9.500 9.500 -0.500
v -9.500 10.500 -0.500
v -10.500 10.500 -0.500
v -8.500 10.500 -0.500
v -8.500 12.500 -0.500
v -14.500 5.500 -0.500
v -15.500 5.500 -0.500
v -15.500 6.500 -0.500
v -14.500 6.500 -0.500
v -4.500 10.500 -0.500
v -6.500 10.500 -0.500
v -6.500 11.500 -0.500
v -4.500 11.500 -0.500
v -6.500 12.500 -0.500
v -20.500 10.500 -2.500
v -17.500 10.500 -2.500
v -17.500 11.500 -2.500
v -20.500 11.500 -2.500
v -19.500 11.500 -2.500
v -18.500 11.500 -2.500
v -18.500 12.500 -2.500
v -19.500 12.500 -2.500
v -6.500 12.500 -2.500
v -6.500 14.500 -2.500
v -4.500 10.500 -2.500
v -4.500 15.500 -2.500
v -17.500 5.500 -2.500
v -18.500 5.500 -2.500
v -18.500 6.500 -2.500
v -17.500 6.500 -2.500
v -8.500 10.500 -2.500
v -9.500 10.500 -2.500
v -9.500 12.500 -2.500
v -8.500 12.500 -2.500
v -8.500 5.500 -2.500
v -8.500 11.500 -2.500
v -6.500 11.500 -5.500
v -6.500 11.500 -6.500
v -20.500 11.500 -4.500
v -19.500 11.500 -4.500
v -19.500 11.500 -5.500
v -20.500 11.500 -5.500
v -5.500 11.500 -4.500
v -19.500 11.500 -3.500
v -18.500 11.500 -3.500
v -18.500 11.500 -4.500
v -6.500 11.500 -3.500
v -6.500 11.500 -4.500
v -20.500 11.500 -3.500
v -17.500 11.500 -3.500
v -6.500 11.500 -2.500
v -8.500 11.500 -1.500
v -6.500 11.500 -1.500
v -6.500 11.500 0.500
v -4.500 11.500 0.500
v -17.500 11.500 2.500
v -13.500 11.500 2.500
v -4.500 11.500 2.500
v -18.500 11.500 3.500
v -16.500 11.500 3.500
v -16.500 11.500 2.500
v -18.500 11.500 2.500
v -14.500 11.500 2.500
v -9.500 11.500 3.500
v -9.500 11.500 2.500
v -18.500 11.500 4.500
v -17.500 11.500 4.500
v -17.500 11.500 3.500
v -10.500 11.500 3.500
v -5.500 11.500 4.500
v -16.500 11.500 4.500
v -5.500 11.500 5.500
v -6.500 11.500 4.500
v -17.500 11.500 6.500
v -14.500 11.500 6.500
v -10.500 11.500 6.500
v -9.500 11.500 7.500
v -11.500 11.500 7.500
v -11.500 11.500 6.500
v -9.500 11.500 6.500
v -10.500 11.500 7.500
v -8.500 11.500 7.500
v -8.500 11.500 6.500
v -6.500 11.500 7.500
v -6.500 11.500 6.500
v -10.500 11.500 8.500
v -11.500 11.500 8.500
v -9.500 11.500 8.500
v -8.500 11.500 8.500
v -6.500 11.500 9.500
v -9.500 11.500 9.500
v -11.500 11.500 9.500
v -20.500 5.500 -5.500
v -20.500 5.500 -4.500
v -18.500 5.500 -4.500
v -17.500 5.500 -1.500
v -8.500 5.500 -1.500
v -15.500 5.500 -1.500
v -14.500 5.500 0.500
v -11.500 5.500 0.500
v -12.500 5.500 0.500
v -20.500 5.500 4.500
v -17.500 5.500 4.500
v -17.500 5.500 3.500
v -20.500 5.500 3.500
v -20.500 5.500 6.500
v -16.500 5.500 6.500
v -16.500 5.500 4.500
v -19.500 5.500 7.500
v -15.500 5.500 7.500
v -15.500 5.500 6.500
v -19.500 5.500 6.500
v -17.500 5.500 8.500
v -14.500 5.500 8.500
v -14.500 5.500 7.500
v -17.500 5.500 7.500
v -16.500 5.500 9.500
v -16.500 5.500 8.500
v -19.500 3.500 9.500
v -19.500 3.500 8.500
v -20.500 3.500 8.500
v -17.500 9.500 -5.500
v -16.500 9.500 -5.500
v -16.500 9.500 -6.500
v -17.500 9.500 -6.500
v -10.500 9.500 0.500
v -9.500 9.500 0.500
v -14.500 9.500 2.500
v -18.500 9.500 2.500
v -13.500 9.500 3.500
v -18.500 9.500 3.500
v -13.500 9.500 2.500
v -9.500 9.500 3.500
v -9.500 9.500 2.500
v -8.500 9.500 3.500
v -8.500 9.500 2.500
v -16.500 9.500 4.500
v -18.500 9.500 4.500
v -16.500 9.500 3.500
v -13.500 9.500 4.500
v -15.500 9.500 4.500
v -15.500 9.500 3.500
v -5.500 9.500 4.500
v -10.500 9.500 4.500
v -10.500 9.500 3.500
v -18.500 9.500 5.500
v -8.500 9.500 5.500
v -10.500 9.500 5.500
v -8.500 9.500 4.500
v -5.500 9.500 5.500
v -7.500 9.500 5.500
v -7.500 9.500 4.500
v -20.500 9.500 8.500
v -19.500 9.500 8.500
v -14.500 9.500 6.500
v -18.500 9.500 6.500
v -10.500 9.500 6.500
v -6.500 9.500 7.500
v -9.500 9.500 7.500
v -9.500 9.500 6.500
v -6.500 9.500 6.500
v -8.500 7.500 4.500
v -9.500 7.500 4.500
v -19.500 7.500 9.500
v -20.500 7.500 9.500
v -12.500 7.500 8.500
v -4.500 7.500 8.500
v -13.500 7.500 8.500
v -14.500 7.500 8.500
v -8.500 7.500 9.500
v -8.500 7.500 8.500
v -18.500 10.500 -4.500
v -18.500 10.500 -5.500
v -18.500 12.500 -5.500
v -18.500 12.500 -4.500
v -18.500 5.500 -3.500
v -18.500 6.500 -3.500
v -18.500 12.500 -3.500
v -18.500 10.500 2.500
v -18.500 10.500 6.500
v -20.500 9.500 -5.500
v -20.500 10.500 -5.500
v -20.500 10.500 -6.500
v -20.500 10.500 -4.500
v -20.500 5.500 -3.500
v -20.500 6.500 -3.500
v -20.500 6.500 -4.500
v -20.500 10.500 -3.500
v -20.500 12.500 -3.500
v -20.500 12.500 -4.500
v -20.500 8.500 -2.500
v -20.500 8.500 -1.500
v -20.500 9.500 -1.500
v -20.500 9.500 -2.500
v -20.500 5.500 2.500
v -20.500 6.500 3.500
v -20.500 6.500 2.500
v -17.500 6.500 3.500
v -8.500 8.500 3.500
v -4.500 9.500 3.500
v -17.500 13.500 3.500
v -16.500 13.500 3.500
v -15.500 6.500 3.500
v -16.500 6.500 3.500
v -16.500 12.500 3.500
v -15.500 12.500 3.500
v -14.500 12.500 3.500
v -15.500 13.500 3.500
v -14.500 13.500 3.500
v -9.500 12.500 3.500
v -7.500 12.500 3.500
v -8.500 12.500 3.500
v -8.500 13.500 3.500
v -14.500 6.500 0.500
v -14.500 10.500 2.500
v -14.500 11.500 3.500
v -14.500 12.500 2.500
v -14.500 11.500 4.500
v -14.500 13.500 4.500
v -14.500 12.500 4.500
v -14.500 6.500 7.500
v -14.500 8.500 8.500
v -16.500 8.500 -5.500
v -16.500 8.500 -6.500
v -16.500 8.500 -1.500
v -16.500 10.500 -5.500
v -16.500 10.500 -1.500
v -16.500 13.500 2.500
v -16.500 6.500 4.500
v -16.500 12.500 4.500
v -16.500 6.500 6.500
v -16.500 13.500 4.500
v -16.500 4.500 8.500
v -16.500 4.500 9.500
v -6.500 19.500 8.500
v -15.500 13.500 2.500
v -17.500 13.500 4.500
v -8.500 13.500 4.500
v -15.500 13.500 4.500
v -6.500 13.500 4.500
v -9.500 13.500 4.500
v -8.500 13.500 9.500
v -8.500 13.500 8.500
v -6.500 15.500 -5.500
v -6.500 15.500 -6.500
v -6.500 15.500 -3.500
v -6.500 15.500 -4.500
v -9.500 15.500 7.500
v -6.500 15.500 7.500
v -6.500 15.500 6.500
v -9.500 15.500 6.500
v -10.500 15.500 8.500
v -8.500 15.500 8.500
v -8.500 15.500 7.500
v -10.500 15.500 7.500
v -9.500 15.500 9.500
v -9.500 15.500 8.500
v -6.500 15.500 9.500
v -6.500 15.500 8.500
v -19.500 4.500 7.500
v -17.500 4.500 7.500
v -15.500 6.500 7.500
v -10.500 10.500 7.500
v -9.500 10.500 7.500
v -6.500 10.500 7.500
v -8.500 10.500 7.500
v -9.500 14.500 7.500
v -10.500 14.500 7.500
v -8.500 16.500 7.500
v -6.500 12.500 7.500
v -19.500 8.500 9.500
v -20.500 8.500 9.500
v -19.500 4.500 9.500
v -10.500 14.500 9.500
v -11.500 14.500 9.500
v -9.500 10.500 9.500
v -8.500 10.500 9.500
v -8.500 11.500 9.500
v -9.500 16.500 9.500
v -6.500 12.500 9.500
v -8.500 10.500 -3.500
v -8.500 12.500 -3.500
v -8.500 10.500 -1.500
v -8.500 12.500 -1.500
v -8.500 8.500 0.500
v -8.500 8.500 2.500
v -8.500 10.500 2.500
v -8.500 10.500 0.500
v -8.500 12.500 4.500
v -8.500 10.500 6.500
v -8.500 10.500 8.500
v -8.500 16.500 8.500
v -10.500 8.500 -3.500
v -10.500 8.500 -0.500
v -10.500 10.500 -3.500
v -10.500 8.500 0.500
v -10.500 14.500 6.500
v -10.500 10.500 6.500
v -10.500 10.500 8.500
v -6.500 16.500 -5.500
v -4.500 12.500 -5.500
v -18.500 11.500 -5.500
v -19.500 12.500 -5.500
v -17.500 10.500 -5.500
v -6.500 12.500 -5.500
v -12.500 6.500 0.500
v -17.500 6.500 4.500
v -15.500 6.500 4.500
v -15.500 12.500 4.500
v -8.500 6.500 4.500
v -9.500 6.500 4.500
v -9.500 12.500 4.500
v -7.500 6.500 4.500
v -4.500 16.500 -4.500
v -4.500 8.500 -1.500
v -4.500 10.500 0.500
v -4.500 10.500 1.500
v -4.500 12.500 0.500
v -4.500 10.500 2.500
v -6.500 12.500 -6.500
v -6.500 16.500 -6.500
v -6.500 10.500 -4.500
v -6.500 10.500 -3.500
v -6.500 14.500 -4.500
v -6.500 14.500 -3.500
v -6.500 12.500 -1.500
v -6.500 14.500 -1.500
v -6.500 12.500 0.500
v -6.500 6.500 0.500
v -6.500 10.500 2.500
v -6.500 12.500 2.500
v -6.500 10.500 6.500
v -6.500 16.500 8.500
v -8.500 9.500 0.500
v -9.500 10.500 0.500
v -6.500 5.500 0.500
v -11.500 6.500 0.500
v -5.500 5.500 0.500
v -20.500 10.500 -1.500
v -9.500 10.500 -1.500
v -9.500 12.500 -1.500
v -4.500 12.500 -1.500
v -17.500 6.500 -1.500
v -15.500 6.500 -1.500
v -19.500 12.500 -3.500
v -19.500 6.500 -3.500
v -17.500 12.500 -3.500
v -9.500 8.500 -3.500
v -9.500 10.500 -3.500
v -8.500 11.500 -3.500
v -17.500 10.500 -6.500
v -16.500 10.500 -4.500
v -16.500 10.500 -2.500
v -17.500 10.500 -4.500
v -9.500 10.500 -4.500
v -10.500 10.500 -2.500
v -6.500 10.500 -1.500
v -10.500 10.500 -1.500
v -8.500 10.500 1.500
v -17.500 10.500 2.500
v -13.500 10.500 2.500
v -17.500 10.500 6.500
v -9.500 10.500 6.500
v -9.500 10.500 8.500
v -19.500 4.375 9.500
v -19.500 4.375 8.500
v -20.500 4.375 8.500
v -20.500 4.500 7.500
v -19.500 4.500 6.500
v -20.500 4.500 6.500
v -20.500 4.500 8.500
v -17.500 4.500 8.500
v -19.500 4.500 8.500
v -16.500 8.500 -4.500
v -20.500 8.500 -4.500
v -19.500 8.500 -3.500
v -20.500 8.500 -3.500
v -19.500 8.500 -4.500
v -16.500 8.500 -3.500
v -18.500 8.500 -3.500
v -18.500 8.500 -4.500
v -5.500 8.500 -3.500
v -9.500 8.500 -4.500
v -5.500 8.500 -2.500
v -10.500 8.500 -2.500
v -8.500 8.500 -1.500
v -10.500 8.500 -1.500
v -8.500 8.500 -2.500
v -7.500 8.500 -1.500
v -7.500 8.500 -2.500
v -4.500 8.500 0.500
v -6.500 8.500 1.500
v -8.500 8.500 1.500
v -6.500 8.500 0.500
v -4.500 8.500 1.500
v -5.500 8.500 1.500
v -5.500 8.500 0.500
v -19.500 8.500 8.500
v -20.500 8.500 8.500
v -17.500 8.500 8.500
v -19.500 6.500 -4.500
v -20.500 6.500 -2.500
v -20.500 6.500 -1.500
v -20.500 6.500 -0.500
v -20.500 6.500 0.500
v -20.500 6.500 1.500
v -4.500 6.500 1.500
v -16.500 6.500 5.500
v -12.500 6.500 6.500
v -12.500 6.500 7.500
v -15.500 6.500 6.500
v -17.500 6.500 8.500
v -14.500 6.500 8.500
v -19.500 12.500 -4.500
v -19.500 7.500 8.500
v -6.500 11.500 2.500
v -16.500 12.500 2.500
v -15.500 12.500 2.500
v -9.500 10.500 2.500
v -17.500 10.500 -3.500
v -17.500 12.500 -4.500
v -11.500 14.500 7.500
v -9.500 14.500 6.500
v -11.500 14.500 6.500
v -9.500 16.500 8.500
v -14.500 10.500 6.500
v -6.500 14.500 6.500
v -13.500 6.500 8.500
v -17.500 7.500 8.500
v -4.500 16.500 8.500
v -9.500 11.500 4.500
v -19.500 5.500 -4.500
v -37.500 13.500 -39.500
v -36.500 13.500 -39.500
v -36.500 13.500 -40.500
v -37.500 13.500 -40.500
v -37.500 12.500 -40.500
v -37.500 12.500 -39.500
v -37.500 12.500 -38.500
v -37.500 14.500 -38.500
v -37.500 14.500 -39.500
v -38.500 10.500 -40.500
v -38.500 10.500 -38.500
v -38.500 12.500 -38.500
v -38.500 12.500 -40.500
v -36.500 14.500 -38.500
v -36.500 14.500 -39.500
v -40.500 7.500 -38.500
v -36.500 7.500 -38.500
v -36.500 7.500 -40.500
v -40.500 7.500 -40.500
v -36.500 10.500 -38.500
v -36.500 10.500 -40.500
v -37.500 13.500 -38.500
v -36.500 13.500 -38.500
v -40.500 6.500 -23.500
v -39.500 6.500 -23.500
v -39.500 8.500 -23.500
v -40.500 8.500 -23.500
v -36.500 6.500 -23.500
v -38.500 6.500 -23.500
v -38.500 8.500 -23.500
v -36.500 8.500 -23.500
v -38.500 11.500 -31.500
v -37.500 11.500 -31.500
v -37.500 11.500 -32.500
v -38.500 11.500 -32.500
v -39.500 11.500 -30.500
v -38.500 11.500 -30.500
v -39.500 11.500 -31.500
v -38.500 11.500 -29.500
v -36.500 11.500 -29.500
v -36.500 11.500 -30.500
v -39.500 11.500 -27.500
v -38.500 11.500 -27.500
v -39.500 11.500 -29.500
v -39.500 11.500 -26.500
v -37.500 11.500 -26.500
v -37.500 11.500 -27.500
v -39.500 11.500 -25.500
v -36.500 11.500 -25.500
v -36.500 11.500 -26.500
v -36.500 10.500 -36.500
v -38.500 10.500 -36.500
v -39.500 10.500 -33.500
v -36.500 10.500 -33.500
v -36.500 10.500 -34.500
v -39.500 10.500 -34.500
v -40.500 10.500 -32.500
v -38.500 10.500 -32.500
v -38.500 10.500 -33.500
v -40.500 10.500 -33.500
v -37.500 10.500 -32.500
v -36.500 10.500 -32.500
v -37.500 10.500 -33.500
v -40.500 10.500 -30.500
v -39.500 10.500 -30.500
v -39.500 10.500 -32.500
v -37.500 10.500 -30.500
v -36.500 10.500 -30.500
v -36.500 10.500 -31.500
v -37.500 10.500 -31.500
v -40.500 10.500 -29.500
v -38.500 10.500 -29.500
v -38.500 10.500 -30.500
v -40.500 10.500 -25.500
v -39.500 10.500 -25.500
v -39.500 10.500 -26.500
v -40.500 10.500 -26.500
v -40.500 5.500 -31.500
v -39.500 5.500 -31.500
v -39.500 5.500 -32.500
v -40.500 5.500 -32.500
v -40.500 5.500 -30.500
v -38.500 5.500 -30.500
v -38.500 5.500 -31.500
v -40.500 5.500 -25.500
v -37.500 5.500 -25.500
v -37.500 5.500 -30.500
v -36.500 5.500 -25.500
v -40.500 9.500 -29.500
v -39.500 9.500 -29.500
v -39.500 9.500 -34.500
v -40.500 9.500 -34.500
v -40.500 9.500 -33.500
v -39.500 9.500 -33.500
v -38.500 9.500 -29.500
v -36.500 9.500 -29.500
v -36.500 9.500 -30.500
v -38.500 9.500 -30.500
v -36.500 9.500 -28.500
v -39.500 9.500 -28.500
v -37.500 9.500 -27.500
v -39.500 9.500 -27.500
v -37.500 9.500 -28.500
v -40.500 9.500 -26.500
v -39.500 9.500 -26.500
v -40.500 9.500 -27.500
v -36.500 9.500 -25.500
v -39.500 9.500 -25.500
v -36.500 9.500 -27.500
v -40.500 9.500 -24.500
v -39.500 9.500 -24.500
v -40.500 9.500 -25.500
v -38.500 12.500 -36.500
v -38.500 12.500 -32.500
v -38.500 12.500 -33.500
v -38.500 6.500 -32.500
v -38.500 6.500 -31.500
v -38.500 6.500 -30.500
v -38.500 12.500 -30.500
v -38.500 12.500 -31.500
v -38.500 11.500 -28.500
v -38.500 12.500 -28.500
v -38.500 12.500 -29.500
v -38.500 13.500 -27.500
v -38.500 13.500 -28.500
v -38.500 6.500 -27.500
v -38.500 8.500 -27.500
v -36.500 8.500 -32.500
v -39.500 8.500 -32.500
v -39.500 8.500 -34.500
v -36.500 8.500 -34.500
v -38.500 8.500 -31.500
v -39.500 8.500 -31.500
v -38.500 8.500 -32.500
v -36.500 8.500 -31.500
v -37.500 8.500 -31.500
v -37.500 8.500 -32.500
v -36.500 8.500 -29.500
v -39.500 8.500 -29.500
v -40.500 8.500 -27.500
v -39.500 8.500 -27.500
v -39.500 8.500 -28.500
v -40.500 8.500 -28.500
v -39.500 8.500 -24.500
v -38.500 8.500 -24.500
v -40.500 8.500 -24.500
v -40.500 7.500 -33.500
v -36.500 7.500 -33.500
v -39.500 7.500 -29.500
v -40.500 7.500 -29.500
v -39.500 7.500 -33.500
v -37.500 7.500 -32.500
v -36.500 7.500 -32.500
v -37.500 7.500 -33.500
v -40.500 6.500 -32.500
v -37.500 6.500 -32.500
v -37.500 6.500 -33.500
v -40.500 6.500 -33.500
v -39.500 6.500 -31.500
v -39.500 6.500 -32.500
v -37.500 6.500 -31.500
v -36.500 6.500 -31.500
v -36.500 6.500 -32.500
v -36.500 6.500 -30.500
v -37.500 6.500 -28.500
v -36.500 6.500 -28.500
v -37.500 6.500 -30.500
v -39.500 6.500 -27.500
v -40.500 6.500 -27.500
v -40.500 6.500 -28.500
v -39.500 6.500 -28.500
v -37.500 6.500 -25.500
v -36.500 6.500 -25.500
v -36.500 6.500 -27.500
v -37.500 6.500 -27.500
v -39.500 7.500 -34.500
v -39.500 8.500 -33.500
v -39.500 10.500 -31.500
v -39.500 12.500 -31.500
v -39.500 12.500 -32.500
v -40.500 7.500 -34.500
v -37.500 12.500 -37.500
v -36.500 12.500 -37.500
v -36.500 13.500 -37.500
v -37.500 13.500 -37.500
v -36.500 12.500 -36.500
v -37.500 11.500 -30.500
v -37.500 12.500 -30.500
v -36.500 12.500 -29.500
v -37.500 12.500 -29.500
v -37.500 13.500 -29.500
v -36.500 13.500 -29.500
v -36.500 8.500 -33.500
v -36.500 9.500 -34.500
v -36.500 9.500 -33.500
v -36.500 12.500 -32.500
v -36.500 12.500 -31.500
v -36.500 8.500 -30.500
v -36.500 11.500 -28.500
v -36.500 13.500 -28.500
v -36.500 12.500 -28.500
v -36.500 12.500 -27.500
v -36.500 11.500 -27.500
v -36.500 13.500 -27.500
v -36.500 13.500 -26.500
v -36.500 7.500 -22.500
v -36.500 7.500 -23.500
v -37.500 12.500 -32.500
v -37.500 12.500 -33.500
v -37.500 12.500 -31.500
v -37.500 5.500 -28.500
v -37.500 12.500 -28.500
v -37.500 13.500 -28.500
v -37.500 5.500 -27.500
v -37.500 12.500 -27.500
v -37.500 13.500 -26.500
v -37.500 13.500 -27.500
v -38.500 12.500 -37.500
v -36.500 10.500 -25.500
v -25.523 5.500 4.523
v -26.477 5.500 5.477
v -26.477 6.500 5.477
v -25.523 6.500 4.523
v -26.477 5.500 4.523
v -25.523 5.500 5.477
v -25.523 6.500 5.477
v -26.477 6.500 4.523
v -26.477 7.500 5.477
v -25.523 7.500 4.523
v -25.523 7.500 5.477
v -26.477 7.500 4.523
v -26.500 5.500 -5.500
v -26.500 5.500 -6.500
v -26.500 6.500 -6.500
v -26.500 6.500 -5.500
v -26.500 5.500 -0.500
v -26.500 5.500 0.500
v -26.500 6.500 0.500
v -26.500 6.500 -0.500
v -26.500 8.500 1.500
v -26.500 8.500 0.500
v -26.500 10.500 0.500
v -26.500 10.500 1.500
v -26.500 5.500 2.500
v -26.500 5.500 1.500
v -26.500 9.500 1.500
v -26.500 9.500 2.500
v -26.500 8.500 3.500
v -26.500 8.500 2.500
v -26.500 10.500 2.500
v -26.500 10.500 3.500
v -26.500 8.500 8.500
v -26.500 8.500 7.500
v -26.500 10.500 7.500
v -26.500 10.500 8.500
v -26.500 4.500 9.500
v -26.500 4.500 8.500
v -26.500 9.500 8.500
v -23.500 7.500 5.500
v -24.500 7.500 5.500
v -24.500 8.500 5.500
v -23.500 8.500 5.500
v -21.500 9.500 5.500
v -23.500 9.500 5.500
v -23.500 10.500 5.500
v -21.500 10.500 5.500
v -22.500 10.500 5.500
v -22.500 11.500 5.500
v -21.500 11.500 5.500
v -34.500 9.500 1.500
v -34.500 10.500 1.500
v -35.500 10.500 1.500
v -35.500 11.500 1.500
v -34.500 11.500 1.500
v -34.500 14.500 1.500
v -35.500 14.500 1.500
v -34.500 5.500 1.500
v -33.500 5.500 1.500
v -33.500 9.500 1.500
v -32.500 9.500 1.500
v -32.500 10.500 1.500
v -33.500 10.500 1.500
v -35.500 8.500 1.500
v -35.500 9.500 1.500
v -27.500 9.500 1.500
v -28.500 9.500 1.500
v -28.500 10.500 1.500
v -27.500 10.500 1.500
v -27.500 5.500 1.500
v -25.500 8.500 1.500
v -25.500 10.500 1.500
v -35.500 8.500 -0.500
v -35.500 9.500 -0.500
v -32.500 5.500 -0.500
v -32.500 6.500 -0.500
v -32.500 10.500 -0.500
v -31.500 10.500 -0.500
v -31.500 11.500 -0.500
v -32.500 11.500 -0.500
v -30.500 11.500 -0.500
v -28.500 11.500 -0.500
v -28.500 12.500 -0.500
v -30.500 12.500 -0.500
v -29.500 12.500 -0.500
v -29.500 13.500 -0.500
v -30.500 13.500 -0.500
v -25.500 7.500 -0.500
v -20.500 7.500 -0.500
v -20.500 8.500 -0.500
v -25.500 8.500 -0.500
v -24.500 6.500 -0.500
v -24.500 7.500 -0.500
v -35.500 6.500 -0.500
v -36.500 6.500 -0.500
v -36.500 7.500 -0.500
v -35.500 7.500 -0.500
v -35.500 14.500 -0.500
v -35.500 15.500 -0.500
v -33.500 8.500 -0.500
v -33.500 9.500 -0.500
v -34.500 9.500 -0.500
v -34.500 10.500 -0.500
v -33.500 10.500 -0.500
v -29.500 6.500 -0.500
v -29.500 7.500 -0.500
v -28.500 7.500 -0.500
v -28.500 8.500 -0.500
v -35.500 10.500 -2.500
v -30.500 10.500 -2.500
v -30.500 11.500 -2.500
v -35.500 11.500 -2.500
v -34.500 9.500 -2.500
v -31.500 9.500 -2.500
v -31.500 10.500 -2.500
v -34.500 10.500 -2.500
v -24.500 9.500 -2.500
v -23.500 9.500 -2.500
v -23.500 10.500 -2.500
v -24.500 10.500 -2.500
v -23.500 6.500 -2.500
v -22.500 6.500 -2.500
v -22.500 9.500 -2.500
v -22.500 8.500 -2.500
v -21.500 9.500 -2.500
v -21.500 10.500 -2.500
v -22.500 10.500 -2.500
v -35.500 12.500 -2.500
v -35.500 14.500 -2.500
v -35.500 9.500 -2.500
v -34.500 12.500 -2.500
v -32.500 9.500 -2.500
v -32.500 10.500 -2.500
v -32.500 11.500 -2.500
v -30.500 12.500 -2.500
v -31.500 12.500 -2.500
v -31.500 13.500 -2.500
v -30.500 13.500 -2.500
v -29.500 6.500 -2.500
v -30.500 6.500 -2.500
v -29.500 12.500 -2.500
v -28.500 11.500 -2.500
v -29.500 11.500 -2.500
v -29.500 13.500 -2.500
v -28.500 13.500 -2.500
v -23.500 5.500 -2.500
v -24.500 5.500 -2.500
v -24.500 6.500 -2.500
v -35.500 11.500 -4.500
v -34.500 11.500 -4.500
v -34.500 11.500 -6.500
v -35.500 11.500 -6.500
v -31.500 11.500 -4.500
v -30.500 11.500 -4.500
v -30.500 11.500 -6.500
v -31.500 11.500 -6.500
v -35.500 11.500 -3.500
v -33.500 11.500 -3.500
v -33.500 11.500 -4.500
v -32.500 11.500 -3.500
v -30.500 11.500 -3.500
v -32.500 11.500 -4.500
v -28.500 11.500 -3.500
v -28.500 11.500 -4.500
v -31.500 11.500 -2.500
v -31.500 11.500 -3.500
v -27.500 11.500 -2.500
v -27.500 11.500 -3.500
v -29.500 11.500 -3.500
v -32.500 11.500 -1.500
v -31.500 11.500 -1.500
v -27.500 11.500 -0.500
v -30.500 11.500 -1.500
v -31.500 11.500 0.500
v -27.500 11.500 0.500
v -35.500 11.500 0.500
v -34.500 11.500 0.500
v -35.500 11.500 2.500
v -22.500 11.500 6.500
v -21.500 11.500 6.500
v -23.500 11.500 7.500
v -20.500 11.500 7.500
v -20.500 11.500 6.500
v -23.500 11.500 6.500
v -22.500 11.500 8.500
v -21.500 11.500 8.500
v -21.500 11.500 7.500
v -22.500 11.500 7.500
v -36.500 5.500 -3.500
v -35.500 5.500 -3.500
v -35.500 5.500 -5.500
v -25.500 5.500 -3.500
v -25.500 5.500 -5.500
v -36.500 5.500 -1.500
v -34.500 5.500 -1.500
v -34.500 5.500 -3.500
v -23.500 5.500 -3.500
v -24.500 5.500 -3.500
v -32.500 5.500 -1.500
v -36.500 5.500 1.500
v -34.500 5.500 0.500
v -25.500 5.500 1.500
v -25.500 5.500 0.500
v -33.500 5.500 0.500
v -27.500 5.500 2.500
v -25.500 5.500 2.500
v -36.500 5.500 6.500
v -34.500 5.500 7.500
v -27.500 5.500 7.500
v -27.500 5.500 6.500
v -34.500 5.500 6.500
v -32.500 5.500 8.500
v -27.500 5.500 8.500
v -32.500 5.500 7.500
v -31.500 5.500 9.500
v -31.500 5.500 8.500
v -30.500 5.500 9.500
v -30.500 5.500 8.500
v -24.500 3.500 8.500
v -30.500 9.500 -5.500
v -35.500 9.500 -5.500
v -35.500 9.500 -6.500
v -30.500 9.500 -6.500
v -21.500 9.500 -5.500
v -21.500 9.500 -6.500
v -33.500 9.500 -4.500
v -35.500 9.500 -4.500
v -33.500 9.500 -5.500
v -30.500 9.500 -4.500
v -32.500 9.500 -4.500
v -32.500 9.500 -5.500
v -30.500 9.500 -3.500
v -35.500 9.500 -3.500
v -27.500 9.500 -3.500
v -27.500 9.500 -4.500
v -24.500 9.500 -3.500
v -23.500 9.500 -3.500
v -23.500 9.500 -4.500
v -24.500 9.500 -4.500
v -22.500 9.500 -3.500
v -21.500 9.500 -3.500
v -21.500 9.500 -4.500
v -22.500 9.500 -4.500
v -34.500 9.500 -3.500
v -31.500 9.500 -3.500
v -27.500 9.500 -2.500
v -34.500 9.500 -1.500
v -30.500 9.500 -1.500
v -32.500 9.500 -1.500
v -30.500 9.500 -2.500
v -27.500 9.500 -1.500
v -29.500 9.500 -1.500
v -29.500 9.500 -2.500
v -24.500 9.500 -1.500
v -23.500 9.500 -1.500
v -21.500 9.500 -1.500
v -35.500 9.500 -1.500
v -27.500 9.500 0.500
v -32.500 9.500 0.500
v -33.500 9.500 0.500
v -34.500 9.500 0.500
v -28.500 9.500 0.500
v -35.500 9.500 6.500
v -35.500 9.500 2.500
v -34.500 9.500 2.500
v -33.500 9.500 2.500
v -32.500 9.500 2.500
v -27.500 9.500 2.500
v -24.500 9.500 5.500
v -20.500 9.500 4.500
v -24.500 9.500 4.500
v -24.500 9.500 8.500
v -23.500 9.500 8.500
v -21.500 9.500 6.500
v -20.500 9.500 6.500
v -21.500 9.500 8.500
v -20.500 9.500 7.500
v -21.500 9.500 7.500
v -30.500 9.500 9.500
v -30.500 9.500 8.500
v -31.500 9.500 8.500
v -27.500 9.500 8.500
v -23.500 9.500 9.500
v -20.500 9.500 9.500
v -25.500 7.500 -4.500
v -24.500 7.500 -4.500
v -24.500 7.500 -5.500
v -25.500 7.500 -5.500
v -21.500 7.500 -4.500
v -20.500 7.500 -4.500
v -20.500 7.500 -5.500
v -21.500 7.500 -5.500
v -36.500 7.500 -1.500
v -35.500 7.500 -1.500
v -25.500 7.500 -1.500
v -24.500 7.500 -1.500
v -29.500 7.500 0.500
v -28.500 7.500 0.500
v -25.500 7.500 0.500
v -24.500 7.500 0.500
v -35.500 7.500 3.500
v -35.500 7.500 2.500
v -35.500 7.500 6.500
v -28.500 7.500 4.500
v -29.500 7.500 4.500
v -29.500 7.500 3.500
v -28.500 7.500 3.500
v -25.500 7.500 4.500
v -24.500 7.500 4.500
v -24.500 7.500 3.500
v -25.500 7.500 3.500
v -23.500 7.500 4.500
v -20.500 7.500 4.500
v -20.500 7.500 6.500
v -24.500 7.500 6.500
v -29.500 7.500 7.500
v -28.500 7.500 7.500
v -28.500 7.500 6.500
v -29.500 7.500 6.500
v -22.500 7.500 7.500
v -25.500 7.500 7.500
v -25.500 7.500 6.500
v -22.500 7.500 6.500
v -20.500 7.500 7.500
v -21.500 7.500 7.500
v -21.500 7.500 6.500
v -20.500 7.500 8.500
v -24.500 7.500 8.500
v -24.500 7.500 7.500
v -23.500 7.500 9.500
v -23.500 7.500 8.500
v -20.500 6.500 -5.500
v -22.500 10.500 -4.500
v -22.500 10.500 -3.500
v -22.500 6.500 -3.500
v -22.500 8.500 -1.500
v -22.500 10.500 -1.500
v -22.500 10.500 6.500
v -22.500 4.500 6.500
v -22.500 4.500 7.500
v -22.500 10.500 7.500
v -22.500 10.500 8.500
v -24.500 8.500 -4.500
v -24.500 8.500 -5.500
v -24.500 8.500 -3.500
v -24.500 6.500 -3.500
v -24.500 8.500 -2.500
v -24.500 10.500 -3.500
v -24.500 8.500 -1.500
v -24.500 6.500 -1.500
v -24.500 6.500 0.500
v -24.500 6.500 3.500
v -24.500 8.500 0.500
v -24.500 8.500 3.500
v -24.500 6.500 4.500
v -24.500 8.500 4.500
v -24.500 9.500 6.500
v -24.500 8.500 6.500
v -24.500 8.500 8.500
v -24.500 6.500 8.500
v -24.500 6.500 7.500
v -24.500 4.500 8.500
v -36.500 6.500 3.500
v -31.500 6.500 3.500
v -31.500 7.500 3.500
v -31.500 8.500 3.500
v -35.500 8.500 3.500
v -29.500 6.500 3.500
v -28.500 6.500 3.500
v -27.500 8.500 3.500
v -27.500 10.500 3.500
v -25.500 8.500 3.500
v -34.500 19.500 -5.500
v -33.500 19.500 -5.500
v -33.500 19.500 -6.500
v -34.500 19.500 -6.500
v -35.500 19.500 -4.500
v -34.500 19.500 -4.500
v -35.500 19.500 -5.500
v -35.500 19.500 -3.500
v -33.500 13.500 -5.500
v -32.500 13.500 -5.500
v -32.500 13.500 -6.500
v -33.500 13.500 -6.500
v -34.500 13.500 -4.500
v -31.500 13.500 -4.500
v -31.500 13.500 -5.500
v -34.500 13.500 -5.500
v -33.500 13.500 -3.500
v -32.500 13.500 -3.500
v -32.500 13.500 -4.500
v -33.500 13.500 -4.500
v -29.500 13.500 -3.500
v -30.500 13.500 -3.500
v -31.500 13.500 -1.500
v -28.500 13.500 -1.500
v -29.500 13.500 -1.500
v -30.500 13.500 -1.500
v -35.500 15.500 -6.500
v -35.500 15.500 -5.500
v -34.500 15.500 -5.500
v -34.500 15.500 -6.500
v -35.500 15.500 -4.500
v -36.500 15.500 -4.500
v -35.500 15.500 0.500
v -29.500 6.500 -1.500
v -29.500 12.500 -1.500
v -29.500 6.500 0.500
v -29.500 8.500 3.500
v -29.500 8.500 0.500
v -29.500 8.500 4.500
v -29.500 8.500 6.500
v -29.500 8.500 7.500
v -29.500 8.500 9.500
v -29.500 8.500 8.500
v -29.500 10.500 8.500
v -29.500 10.500 9.500
v -34.500 4.500 7.500
v -32.500 4.500 7.500
v -23.500 10.500 7.500
v -21.500 4.500 7.500
v -21.500 10.500 7.500
v -30.500 8.500 7.500
v -31.500 8.500 7.500
v -31.500 10.500 7.500
v -30.500 10.500 7.500
v -28.500 8.500 7.500
v -27.500 8.500 7.500
v -27.500 10.500 7.500
v -25.500 6.500 7.500
v -31.500 11.500 -5.500
v -31.500 12.500 -6.500
v -31.500 12.500 -5.500
v -31.500 10.500 -3.500
v -31.500 12.500 -3.500
v -31.500 6.500 -1.500
v -31.500 8.500 -1.500
v -31.500 10.500 0.500
v -31.500 8.500 8.500
v -31.500 10.500 8.500
v -32.500 10.500 9.500
v -28.500 10.500 9.500
v -25.500 10.500 9.500
v -35.500 16.500 -6.500
v -35.500 16.500 -5.500
v -35.500 16.500 -4.500
v -35.500 20.500 -5.500
v -35.500 20.500 -4.500
v -35.500 6.500 -3.500
v -35.500 6.500 -5.500
v -35.500 18.500 -3.500
v -35.500 18.500 -4.500
v -35.500 12.500 -3.500
v -35.500 10.500 -3.500
v -35.500 12.500 -1.500
v -35.500 14.500 -1.500
v -35.500 8.500 -1.500
v -35.500 6.500 -1.500
v -35.500 14.500 0.500
v -35.500 8.500 2.500
v -35.500 10.500 0.500
v -35.500 14.500 2.500
v -34.500 16.500 -5.500
v -34.500 20.500 -5.500
v -34.500 18.500 -5.500
v -33.500 18.500 -5.500
v -33.500 12.500 -5.500
v -34.500 12.500 -5.500
v -32.500 6.500 -5.500
v -33.500 6.500 -5.500
v -32.500 12.500 -5.500
v -25.500 6.500 -5.500
v -21.500 8.500 -5.500
v -21.500 10.500 -5.500
v -33.500 16.500 -5.500
v -33.500 16.500 -6.500
v -33.500 12.500 -6.500
v -33.500 16.500 -4.500
v -33.500 18.500 -4.500
v -33.500 6.500 -4.500
v -33.500 12.500 -4.500
v -33.500 8.500 0.500
v -33.500 10.500 0.500
v -33.500 10.500 2.500
v -33.500 6.500 6.500
v -33.500 8.500 6.500
v -25.500 8.500 4.500
v -28.500 6.500 4.500
v -20.500 8.500 4.500
v -23.500 8.500 4.500
v -25.500 6.500 -3.500
v -25.500 6.500 -4.500
v -25.500 6.500 -1.500
v -25.500 8.500 -1.500
v -25.500 8.500 -4.500
v -25.500 8.500 0.500
v -25.500 6.500 2.500
v -25.500 6.500 0.500
v -25.500 8.500 2.500
v -25.500 10.500 2.500
v -25.500 6.500 6.500
v -25.500 8.500 8.500
v -25.500 10.500 8.500
v -27.500 10.500 -4.500
v -27.500 10.500 -3.500
v -27.500 10.500 0.500
v -27.500 8.500 2.500
v -27.500 10.500 2.500
v -27.500 4.500 8.500
v -27.500 4.500 6.500
v -27.500 8.500 8.500
v -27.500 10.500 8.500
v -34.500 10.500 0.500
v -32.500 10.500 0.500
v -32.500 8.500 0.500
v -28.500 8.500 0.500
v -26.500 9.500 0.500
v -32.500 6.500 -1.500
v -34.500 6.500 -1.500
v -30.500 6.500 -1.500
v -30.500 12.500 -1.500
v -28.500 12.500 -1.500
v -22.500 9.500 -1.500
v -23.500 10.500 -1.500
v -21.500 10.500 -1.500
v -31.500 7.500 -1.500
v -34.500 12.500 -1.500
v -34.500 14.500 -1.500
v -34.500 16.500 -3.500
v -34.500 18.500 -3.500
v -36.500 18.500 -3.500
v -34.500 6.500 -3.500
v -34.500 10.500 -3.500
v -30.500 10.500 -3.500
v -29.500 12.500 -3.500
v -30.500 12.500 -3.500
v -28.500 10.500 -3.500
v -23.500 10.500 -3.500
v -22.500 5.500 -3.500
v -21.500 10.500 -3.500
v -28.500 10.500 -4.500
v -23.500 10.500 -4.500
v -34.500 10.500 2.500
v -28.500 10.500 2.500
v -23.500 10.500 6.500
v -21.500 10.500 6.500
v -30.500 10.500 8.500
v -23.500 10.500 8.500
v -32.500 10.500 8.500
v -28.500 10.500 8.500
v -24.500 4.375 8.500
v -34.500 4.500 6.500
v -27.500 4.500 7.500
v -21.500 4.500 6.500
v -32.500 4.500 8.500
v -21.500 8.500 -4.500
v -21.500 8.500 -6.500
v -31.500 8.500 -0.500
v -31.500 8.500 0.500
v -32.500 8.500 2.500
v -31.500 8.500 2.500
v -29.500 8.500 2.500
v -28.500 8.500 2.500
v -24.500 8.500 1.500
v -24.500 8.500 2.500
v -33.500 8.500 7.500
v -24.500 8.500 7.500
v -28.500 8.500 6.500
v -33.500 8.500 8.500
v -30.500 8.500 8.500
v -32.500 8.500 8.500
v -28.500 8.500 8.500
v -35.500 6.500 -4.500
v -32.500 6.500 -4.500
v -34.500 6.500 -2.500
v -23.500 6.500 -3.500
v -31.500 6.500 0.500
v -36.500 6.500 0.500
v -31.500 6.500 -0.500
v -34.500 6.500 1.500
v -36.500 6.500 1.500
v -34.500 6.500 0.500
v -31.500 6.500 1.500
v -33.500 6.500 1.500
v -33.500 6.500 0.500
v -25.500 6.500 1.500
v -29.500 6.500 1.500
v -27.500 6.500 2.500
v -29.500 6.500 2.500
v -27.500 6.500 1.500
v -26.500 6.500 2.500
v -26.500 6.500 1.500
v -24.500 6.500 2.500
v -33.500 6.500 7.500
v -33.500 6.500 8.500
v -31.500 6.500 9.500
v -31.500 6.500 8.500
v -27.500 6.500 9.500
v -30.500 6.500 9.500
v -30.500 6.500 8.500
v -27.500 6.500 8.500
v -26.500 6.500 9.500
v -26.500 6.500 8.500
v -21.500 10.500 -4.500
v -23.500 9.500 6.500
v -23.500 9.500 7.500
v -36.500 20.500 -4.500
v -36.500 6.500 2.500
v -36.500 8.500 0.500
v -34.500 18.500 -4.500
v -34.500 20.500 -6.500
v -34.500 14.500 -0.500
v -34.500 14.500 0.500
v -34.500 16.500 -6.500
v -34.500 16.500 -4.500
v -22.500 5.500 6.500
v -21.500 5.500 6.500
v -33.500 7.500 6.500
v -28.500 11.500 -1.500
v -28.500 8.500 1.500
v -21.500 10.500 8.500
v -34.500 11.500 -5.500
v -34.500 12.500 -6.500
v -32.500 12.500 -6.500
v -32.500 12.500 -4.500
v -30.500 10.500 -4.500
v -32.500 9.500 -0.500
v -32.500 8.500 1.500
v -34.500 10.500 -6.500
v -35.500 10.500 -6.500
v -35.500 19.500 -6.500
v -35.500 20.500 -6.500
v -33.500 18.500 -6.500
v -34.500 18.500 -6.500
v -14.500 6.500 -40.500
v -14.500 6.500 -39.500
v -14.500 7.500 -39.500
v -14.500 7.500 -40.500
v -17.500 8.500 -38.500
v -17.500 8.500 -40.500
v -17.500 10.500 -40.500
v -17.500 10.500 -38.500
v -17.500 5.500 -39.500
v -17.500 5.500 -38.500
v -17.500 6.500 -38.500
v -17.500 6.500 -39.500
v -5.500 11.500 -38.500
v -5.500 11.500 -40.500
v -5.500 12.500 -40.500
v -5.500 12.500 -38.500
v -6.500 12.500 -39.500
v -6.500 12.500 -40.500
v -6.500 14.500 -40.500
v -6.500 14.500 -39.500
v -6.500 9.500 -40.500
v -6.500 9.500 -38.500
v -6.500 10.500 -38.500
v -6.500 10.500 -40.500
v -7.500 7.500 -39.500
v -7.500 7.500 -40.500
v -7.500 13.500 -40.500
v -7.500 13.500 -39.500
v -7.500 12.500 -38.500
v -7.500 12.500 -39.500
v -7.500 14.500 -39.500
v -7.500 14.500 -38.500
v -4.500 11.500 -38.500
v -4.500 11.500 -40.500
v -20.500 11.500 -38.500
v -19.500 11.500 -38.500
v -19.500 11.500 -39.500
v -20.500 11.500 -39.500
v -19.500 10.500 -39.500
v -17.500 10.500 -39.500
v -19.500 10.500 -40.500
v -8.500 10.500 -39.500
v -10.500 10.500 -39.500
v -10.500 10.500 -40.500
v -8.500 10.500 -40.500
v -6.500 10.500 -39.500
v -7.500 10.500 -39.500
v -7.500 10.500 -40.500
v -18.500 10.500 -38.500
v -18.500 10.500 -39.500
v -10.500 10.500 -38.500
v -19.500 5.500 -38.500
v -19.500 5.500 -39.500
v -8.500 13.500 -39.500
v -8.500 13.500 -40.500
v -9.500 13.500 -38.500
v -8.500 13.500 -38.500
v -9.500 13.500 -39.500
v -4.500 9.500 -38.500
v -4.500 9.500 -40.500
v -17.500 8.500 -39.500
v -20.500 8.500 -39.500
v -20.500 8.500 -40.500
v -19.500 8.500 -38.500
v -19.500 8.500 -39.500
v -9.500 14.500 -39.500
v -9.500 14.500 -40.500
v -8.500 14.500 -38.500
v -8.500 14.500 -39.500
v -8.500 7.500 -39.500
v -8.500 7.500 -40.500
v -4.500 7.500 -39.500
v -4.500 7.500 -40.500
v -13.500 7.500 -38.500
v -4.500 7.500 -38.500
v -13.500 7.500 -39.500
v -20.500 6.500 -39.500
v -20.500 6.500 -40.500
v -13.500 6.500 -38.500
v -13.500 6.500 -39.500
v -18.500 12.500 -39.500
v -18.500 12.500 -38.500
v -20.500 5.500 -40.500
v -20.500 5.500 -39.500
v -20.500 11.500 -40.500
v -20.500 12.500 -39.500
v -20.500 12.500 -40.500
v -20.500 5.500 -38.500
v -9.500 12.500 -40.500
v -9.500 12.500 -39.500
v -9.500 12.500 -38.500
v -19.500 12.500 -40.500
v -19.500 12.500 -39.500
v -10.500 12.500 -38.500
v -10.500 12.500 -40.500
v -5.500 12.500 -39.500
v -20.500 12.500 -38.500
v -19.500 6.500 -39.500
v -19.500 10.500 -38.500
v -19.500 12.500 -38.500
v -15.500 5.500 -38.500
v -15.500 6.500 -38.500
v -9.500 10.500 -38.500
v -9.500 11.500 -38.500
v -10.500 11.500 -38.500
v -7.500 13.500 -38.500
v -4.500 10.500 -38.500
v -5.500 10.500 -38.500
v -3.500 12.500 -39.500
v -3.500 12.500 -40.500
v -3.500 13.500 -40.500
v -3.500 13.500 -39.500
v -4.500 11.500 -39.500
v -4.500 13.500 -39.500
v -4.500 13.500 -40.500
v -2.500 11.500 -39.500
v -1.500 11.500 -39.500
v -1.500 11.500 -40.500
v -2.500 11.500 -40.500
v 1.500 11.500 -39.500
v 2.500 11.500 -39.500
v 2.500 11.500 -40.500
v 1.500 11.500 -40.500
v 5.500 11.500 -39.500
v 6.500 11.500 -39.500
v 6.500 11.500 -40.500
v 5.500 11.500 -40.500
v -1.500 11.500 -38.500
v 0.500 11.500 -38.500
v 3.500 11.500 -38.500
v 3.500 11.500 -39.500
v 0.500 11.500 -39.500
v 4.500 11.500 -38.500
v 5.500 11.500 -38.500
v 4.500 11.500 -39.500
v 10.500 11.500 -38.500
v 10.500 11.500 -39.500
v 0.500 10.500 -39.500
v 1.500 10.500 -39.500
v 1.500 10.500 -40.500
v 0.500 10.500 -40.500
v 2.500 10.500 -39.500
v 4.500 10.500 -39.500
v 4.500 10.500 -40.500
v 2.500 10.500 -40.500
v 7.500 10.500 -39.500
v 8.500 10.500 -39.500
v 8.500 10.500 -40.500
v 7.500 10.500 -40.500
v 10.500 10.500 -39.500
v 10.500 10.500 -40.500
v -1.500 10.500 -38.500
v -2.500 10.500 -38.500
v -2.500 10.500 -39.500
v -1.500 10.500 -39.500
v 1.500 10.500 -38.500
v 2.500 10.500 -38.500
v 3.500 10.500 -38.500
v 4.500 10.500 -38.500
v 3.500 10.500 -39.500
v 6.500 10.500 -38.500
v 8.500 10.500 -38.500
v 6.500 10.500 -39.500
v 9.500 10.500 -38.500
v 10.500 10.500 -38.500
v 9.500 10.500 -39.500
v 3.500 5.500 -39.500
v 5.500 5.500 -39.500
v 5.500 5.500 -40.500
v 3.500 5.500 -40.500
v 6.500 5.500 -39.500
v 6.500 5.500 -40.500
v 4.500 5.500 -38.500
v 4.500 5.500 -39.500
v -1.500 9.500 -39.500
v -4.500 9.500 -39.500
v -1.500 9.500 -40.500
v -0.500 9.500 -38.500
v 0.500 9.500 -38.500
v 0.500 9.500 -40.500
v -0.500 9.500 -40.500
v 9.500 9.500 -39.500
v 10.500 9.500 -39.500
v 10.500 9.500 -40.500
v 9.500 9.500 -40.500
v -2.500 9.500 -38.500
v -2.500 9.500 -39.500
v 5.500 8.500 -39.500
v 4.500 8.500 -39.500
v 4.500 8.500 -40.500
v 5.500 8.500 -40.500
v 8.500 8.500 -39.500
v 6.500 8.500 -39.500
v 6.500 8.500 -40.500
v 8.500 8.500 -40.500
v 9.500 8.500 -38.500
v 9.500 8.500 -40.500
v 8.500 8.500 -38.500
v 4.500 8.500 -38.500
v 0.500 7.500 -38.500
v 0.500 7.500 -40.500
v 4.500 7.500 -39.500
v 0.500 7.500 -39.500
v 4.500 7.500 -40.500
v 1.500 7.500 -38.500
v 1.500 7.500 -39.500
v 4.500 7.500 -38.500
v 2.500 7.500 -38.500
v 2.500 7.500 -39.500
v 0.500 6.500 -39.500
v 3.500 6.500 -39.500
v 3.500 6.500 -40.500
v 0.500 6.500 -40.500
v 0.500 6.500 -38.500
v 1.500 6.500 -38.500
v 1.500 6.500 -39.500
v 2.500 6.500 -38.500
v 4.500 6.500 -38.500
v 4.500 6.500 -39.500
v 2.500 6.500 -39.500
v 0.500 9.500 -39.500
v -0.500 7.500 -40.500
v -0.500 7.500 -38.500
v -2.500 12.500 -39.500
v -4.500 12.500 -39.500
v 5.500 12.500 -39.500
v 4.500 12.500 -39.500
v 7.500 12.500 -39.500
v 6.500 12.500 -39.500
v -2.500 12.500 -40.500
v 0.500 10.500 -38.500
v 1.500 11.500 -38.500
v 2.500 11.500 -38.500
v 6.500 11.500 -38.500
v 6.500 12.500 -38.500
v 5.500 12.500 -38.500
v 7.500 8.500 -38.500
v 7.500 10.500 -38.500
v 7.500 12.500 -40.500
v 9.500 8.500 -39.500
v 4.500 12.500 -40.500
v -22.523 5.500 -40.477
v -23.477 5.500 -39.523
v -23.477 6.500 -39.523
v -22.523 6.500 -40.477
v -23.477 5.500 -40.477
v -22.523 5.500 -39.523
v -22.523 6.500 -39.523
v -23.477 6.500 -40.477
v -23.477 7.500 -39.523
v -22.523 7.500 -40.477
v -22.523 7.500 -39.523
v -23.477 7.500 -40.477
v -22.523 5.500 -39.477
v -23.477 5.500 -38.523
v -23.477 6.500 -38.523
v -22.523 6.500 -39.477
v -23.477 5.500 -39.477
v -22.523 5.500 -38.523
v -22.523 6.500 -38.523
v -23.477 6.500 -39.477
v -23.477 7.500 -38.523
v -22.523 7.500 -39.477
v -22.523 7.500 -38.523
v -23.477 7.500 -39.477
v -26.500 8.500 -39.500
v -26.500 8.500 -40.500
v -26.500 10.500 -40.500
v -26.500 10.500 -39.500
v -26.500 9.500 -39.500
v -26.500 9.500 -38.500
v -26.500 11.500 -38.500
v -26.500 11.500 -39.500
v -25.500 9.500 -40.500
v -25.500 9.500 -39.500
v -25.500 11.500 -39.500
v -25.500 11.500 -40.500
v -25.500 7.500 -38.500
v -25.500 7.500 -39.500
v -25.500 8.500 -39.500
v -25.500 8.500 -38.500
v -27.500 8.500 -40.500
v -27.500 8.500 -39.500
v -27.500 10.500 -39.500
v -27.500 10.500 -40.500
v -22.500 11.500 -39.500
v -22.500 11.500 -40.500
v -21.500 11.500 -39.500
v -21.500 11.500 -40.500
v -24.500 11.500 -38.500
v -24.500 11.500 -39.500
v -23.500 11.500 -38.500
v -21.500 11.500 -38.500
v -23.500 11.500 -39.500
v -33.500 10.500 -39.500
v -36.500 10.500 -39.500
v -33.500 10.500 -40.500
v -22.500 10.500 -39.500
v -21.500 10.500 -39.500
v -21.500 10.500 -40.500
v -22.500 10.500 -40.500
v -33.500 10.500 -38.500
v -35.500 10.500 -38.500
v -35.500 10.500 -39.500
v -29.500 5.500 -39.500
v -29.500 5.500 -40.500
v -30.500 5.500 -38.500
v -30.500 5.500 -39.500
v -21.500 9.500 -39.500
v -21.500 9.500 -40.500
v -22.500 9.500 -38.500
v -21.500 9.500 -38.500
v -22.500 9.500 -40.500
v -29.500 8.500 -39.500
v -29.500 8.500 -40.500
v -24.500 8.500 -39.500
v -24.500 8.500 -40.500
v -20.500 8.500 -38.500
v -22.500 8.500 -38.500
v -22.500 8.500 -40.500
v -28.500 8.500 -38.500
v -28.500 8.500 -39.500
v -36.500 7.500 -39.500
v -31.500 7.500 -39.500
v -31.500 7.500 -40.500
v -35.500 7.500 -38.500
v -31.500 7.500 -38.500
v -35.500 7.500 -39.500
v -24.500 7.500 -38.500
v -24.500 7.500 -39.500
v -31.500 6.500 -39.500
v -29.500 6.500 -39.500
v -29.500 6.500 -40.500
v -31.500 6.500 -40.500
v -24.500 6.500 -39.500
v -24.500 6.500 -40.500
v -31.500 6.500 -38.500
v -30.500 6.500 -38.500
v -30.500 6.500 -39.500
v -24.500 6.500 -38.500
v -28.500 6.500 -38.500
v -28.500 6.500 -39.500
v -21.500 12.500 -38.500
v -21.500 12.500 -39.500
v -35.500 13.500 -39.500
v -34.500 13.500 -39.500
v -35.500 14.500 -39.500
v -34.500 14.500 -39.500
v -24.500 13.500 -39.500
v -23.500 13.500 -39.500
v -24.500 13.500 -38.500
v -35.500 13.500 -38.500
v -34.500 13.500 -38.500
v -34.500 14.500 -38.500
v -35.500 14.500 -38.500
v -28.500 7.500 -38.500
v -23.500 13.500 -38.500
v -36.500 14.500 -40.500
v -34.500 13.500 -40.500
v -35.500 13.500 -40.500
v -35.500 14.500 -40.500
v -34.500 12.500 -39.500
v -34.500 12.500 -40.500
v -34.500 12.500 -38.500
v -33.500 12.500 -38.500
v -33.500 12.500 -40.500
v -26.500 10.500 -17.500
v -26.500 10.500 -18.500
v -26.500 11.500 -18.500
v -26.500 11.500 -17.500
v -26.500 5.500 -16.500
v -26.500 5.500 -17.500
v -26.500 10.500 -16.500
v -26.500 9.500 -15.500
v -26.500 9.500 -16.500
v -26.500 11.500 -16.500
v -26.500 11.500 -15.500
v -26.500 10.500 -14.500
v -26.500 10.500 -13.500
v -26.500 11.500 -13.500
v -26.500 11.500 -14.500
v -26.500 5.500 -13.500
v -26.500 5.500 -12.500
v -26.500 10.500 -12.500
v -26.500 9.500 -12.500
v -26.500 9.500 -11.500
v -26.500 11.500 -11.500
v -26.500 11.500 -12.500
v -26.500 10.500 -10.500
v -26.500 10.500 -11.500
v -26.500 11.500 -10.500
v -26.500 5.500 -9.500
v -26.500 5.500 -10.500
v -26.500 10.500 -9.500
v -26.500 9.500 -8.500
v -26.500 9.500 -9.500
v -26.500 11.500 -9.500
v -26.500 11.500 -8.500
v -26.500 5.500 -7.500
v -26.500 6.500 -7.500
v -35.500 6.500 -19.500
v -35.500 7.500 -19.500
v -30.500 10.500 -19.500
v -31.500 10.500 -19.500
v -31.500 11.500 -19.500
v -30.500 11.500 -19.500
v -29.500 5.500 -19.500
v -30.500 5.500 -19.500
v -29.500 10.500 -19.500
v -28.500 10.500 -19.500
v -29.500 11.500 -19.500
v -28.500 11.500 -19.500
v -24.500 7.500 -19.500
v -27.500 7.500 -19.500
v -27.500 8.500 -19.500
v -24.500 8.500 -19.500
v -25.500 8.500 -19.500
v -27.500 9.500 -19.500
v -25.500 9.500 -19.500
v -22.500 10.500 -19.500
v -23.500 10.500 -19.500
v -23.500 12.500 -19.500
v -22.500 12.500 -19.500
v -20.500 8.500 -19.500
v -21.500 8.500 -19.500
v -21.500 9.500 -19.500
v -20.500 9.500 -19.500
v -28.500 8.500 -21.500
v -32.500 8.500 -21.500
v -32.500 9.500 -21.500
v -28.500 9.500 -21.500
v -27.500 7.500 -21.500
v -31.500 7.500 -21.500
v -31.500 8.500 -21.500
v -27.500 8.500 -21.500
v -29.500 11.500 -20.500
v -30.500 11.500 -20.500
v -31.500 11.500 -18.500
v -28.500 11.500 -18.500
v -30.500 11.500 -17.500
v -29.500 11.500 -17.500
v -29.500 11.500 -18.500
v -30.500 11.500 -18.500
v -27.500 11.500 -17.500
v -27.500 11.500 -18.500
v -23.500 11.500 -17.500
v -22.500 11.500 -17.500
v -22.500 11.500 -18.500
v -23.500 11.500 -18.500
v -28.500 11.500 -16.500
v -25.500 11.500 -16.500
v -25.500 11.500 -17.500
v -28.500 11.500 -17.500
v -24.500 11.500 -16.500
v -23.500 11.500 -16.500
v -24.500 11.500 -17.500
v -22.500 11.500 -16.500
v -21.500 11.500 -16.500
v -21.500 11.500 -17.500
v -27.500 11.500 -15.500
v -27.500 11.500 -16.500
v -30.500 11.500 -14.500
v -29.500 11.500 -14.500
v -29.500 11.500 -15.500
v -30.500 11.500 -15.500
v -25.500 11.500 -13.500
v -25.500 11.500 -14.500
v -27.500 11.500 -12.500
v -24.500 11.500 -12.500
v -24.500 11.500 -13.500
v -27.500 11.500 -13.500
v -25.500 11.500 -11.500
v -25.500 11.500 -12.500
v -27.500 11.500 -10.500
v -27.500 11.500 -11.500
v -28.500 11.500 -9.500
v -25.500 11.500 -9.500
v -25.500 11.500 -10.500
v -28.500 11.500 -10.500
v -22.500 11.500 -9.500
v -21.500 11.500 -9.500
v -21.500 11.500 -10.500
v -22.500 11.500 -10.500
v -27.500 11.500 -8.500
v -27.500 11.500 -9.500
v -23.500 11.500 -8.500
v -20.500 11.500 -8.500
v -20.500 11.500 -9.500
v -23.500 11.500 -9.500
v -22.500 11.500 -7.500
v -21.500 11.500 -7.500
v -21.500 11.500 -8.500
v -22.500 11.500 -8.500
v -30.500 11.500 -7.500
v -34.500 11.500 -7.500
v -31.500 5.500 -19.500
v -31.500 5.500 -22.500
v -31.500 5.500 -18.500
v -30.500 5.500 -18.500
v -29.500 5.500 -18.500
v -32.500 5.500 -17.500
v -23.500 5.500 -17.500
v -23.500 5.500 -18.500
v -32.500 5.500 -18.500
v -22.500 5.500 -17.500
v -22.500 5.500 -18.500
v -32.500 5.500 -16.500
v -27.500 5.500 -16.500
v -27.500 5.500 -17.500
v -31.500 5.500 -15.500
v -31.500 5.500 -16.500
v -36.500 5.500 -14.500
v -33.500 5.500 -14.500
v -33.500 5.500 -15.500
v -36.500 5.500 -15.500
v -31.500 5.500 -14.500
v -30.500 5.500 -14.500
v -30.500 5.500 -15.500
v -29.500 5.500 -14.500
v -29.500 5.500 -15.500
v -32.500 5.500 -12.500
v -32.500 5.500 -14.500
v -31.500 5.500 -13.500
v -31.500 5.500 -12.500
v -25.500 5.500 -12.500
v -23.500 5.500 -12.500
v -23.500 5.500 -13.500
v -25.500 5.500 -13.500
v -36.500 5.500 -10.500
v -33.500 5.500 -10.500
v -33.500 5.500 -12.500
v -31.500 5.500 -10.500
v -24.500 5.500 -10.500
v -24.500 5.500 -12.500
v -32.500 5.500 -9.500
v -27.500 5.500 -9.500
v -27.500 5.500 -10.500
v -32.500 5.500 -10.500
v -23.500 5.500 -9.500
v -23.500 5.500 -10.500
v -30.500 5.500 -8.500
v -22.500 5.500 -8.500
v -22.500 5.500 -9.500
v -30.500 5.500 -9.500
v -27.500 5.500 -7.500
v -20.500 5.500 -7.500
v -27.500 5.500 -8.500
v -23.500 3.500 -12.500
v -23.500 3.500 -13.500
v -23.500 3.500 -10.500
v -22.500 3.500 -10.500
v -22.500 3.500 -12.500
v -23.500 3.500 -9.500
v -32.500 9.500 -20.500
v -28.500 9.500 -20.500
v -32.500 9.500 -17.500
v -31.500 9.500 -17.500
v -31.500 9.500 -20.500
v -28.500 9.500 -17.500
v -27.500 9.500 -17.500
v -27.500 9.500 -20.500
v -21.500 9.500 -20.500
v -20.500 9.500 -20.500
v -27.500 9.500 -18.500
v -25.500 9.500 -18.500
v -28.500 9.500 -18.500
v -31.500 9.500 -16.500
v -28.500 9.500 -16.500
v -29.500 9.500 -15.500
v -30.500 9.500 -15.500
v -30.500 9.500 -16.500
v -29.500 9.500 -16.500
v -28.500 9.500 -15.500
v -24.500 9.500 -15.500
v -24.500 9.500 -16.500
v -21.500 9.500 -15.500
v -20.500 9.500 -15.500
v -20.500 9.500 -16.500
v -21.500 9.500 -16.500
v -30.500 9.500 -14.500
v -32.500 9.500 -14.500
v -32.500 9.500 -15.500
v -28.500 9.500 -14.500
v -24.500 9.500 -14.500
v -31.500 9.500 -13.500
v -33.500 9.500 -13.500
v -33.500 9.500 -14.500
v -31.500 9.500 -14.500
v -30.500 9.500 -13.500
v -29.500 9.500 -13.500
v -29.500 9.500 -14.500
v -28.500 9.500 -12.500
v -29.500 9.500 -12.500
v -27.500 9.500 -12.500
v -27.500 9.500 -14.500
v -24.500 9.500 -12.500
v -23.500 9.500 -12.500
v -23.500 9.500 -14.500
v -32.500 9.500 -12.500
v -33.500 9.500 -12.500
v -32.500 9.500 -13.500
v -31.500 9.500 -12.500
v -30.500 9.500 -12.500
v -31.500 9.500 -11.500
v -33.500 9.500 -11.500
v -28.500 9.500 -11.500
v -30.500 9.500 -11.500
v -29.500 9.500 -11.500
v -29.500 9.500 -10.500
v -32.500 9.500 -10.500
v -32.500 9.500 -11.500
v -29.500 9.500 -8.500
v -28.500 9.500 -8.500
v -25.500 9.500 -9.500
v -24.500 9.500 -9.500
v -24.500 9.500 -11.500
v -25.500 9.500 -11.500
v -21.500 9.500 -9.500
v -22.500 9.500 -9.500
v -22.500 9.500 -10.500
v -21.500 9.500 -10.500
v -24.500 9.500 -8.500
v -23.500 9.500 -8.500
v -23.500 9.500 -9.500
v -21.500 9.500 -8.500
v -28.500 9.500 -7.500
v -24.500 9.500 -7.500
v -22.500 9.500 -7.500
v -22.500 9.500 -8.500
v -21.500 9.500 -7.500
v -20.500 9.500 -7.500
v -35.500 9.500 -7.500
v -30.500 9.500 -7.500
v -23.500 9.500 -6.500
v -23.500 9.500 -7.500
v -27.500 7.500 -20.500
v -31.500 7.500 -20.500
v -32.500 7.500 -19.500
v -32.500 7.500 -20.500
v -35.500 7.500 -18.500
v -30.500 7.500 -18.500
v -32.500 7.500 -18.500
v -30.500 7.500 -19.500
v -27.500 7.500 -18.500
v -29.500 7.500 -18.500
v -29.500 7.500 -19.500
v -24.500 7.500 -17.500
v -27.500 7.500 -17.500
v -32.500 7.500 -17.500
v -27.500 7.500 -16.500
v -31.500 7.500 -16.500
v -31.500 7.500 -17.500
v -24.500 7.500 -16.500
v -26.500 7.500 -16.500
v -26.500 7.500 -17.500
v -24.500 7.500 -15.500
v -29.500 7.500 -15.500
v -29.500 7.500 -16.500
v -24.500 7.500 -13.500
v -28.500 7.500 -13.500
v -28.500 7.500 -15.500
v -26.500 7.500 -12.500
v -28.500 7.500 -12.500
v -26.500 7.500 -13.500
v -25.500 7.500 -11.500
v -28.500 7.500 -11.500
v -25.500 7.500 -12.500
v -25.500 7.500 -10.500
v -29.500 7.500 -10.500
v -29.500 7.500 -11.500
v -27.500 7.500 -9.500
v -29.500 7.500 -9.500
v -27.500 7.500 -10.500
v -25.500 7.500 -9.500
v -26.500 7.500 -9.500
v -26.500 7.500 -10.500
v -25.500 7.500 -7.500
v -29.500 7.500 -7.500
v -22.500 7.500 -7.500
v -22.500 7.500 -8.500
v -20.500 7.500 -8.500
v -24.500 7.500 -6.500
v -24.500 7.500 -7.500
v -20.500 10.500 -20.500
v -20.500 10.500 -19.500
v -20.500 8.500 -16.500
v -20.500 10.500 -16.500
v -20.500 8.500 -15.500
v -22.500 10.500 -18.500
v -22.500 12.500 -18.500
v -22.500 12.500 -17.500
v -22.500 12.500 -16.500
v -22.500 2.500 -10.500
v -22.500 2.500 -12.500
v -22.500 8.500 -9.500
v -22.500 8.500 -10.500
v -22.500 10.500 -10.500
v -22.500 10.500 -9.500
v -22.500 4.500 -8.500
v -22.500 4.500 -9.500
v -22.500 8.500 -8.500
v -22.500 10.500 -8.500
v -22.500 8.500 -7.500
v -33.500 6.500 -15.500
v -36.500 6.500 -15.500
v -24.500 8.500 -15.500
v -29.500 8.500 -15.500
v -28.500 8.500 -15.500
v -26.500 10.500 -15.500
v -28.500 10.500 -15.500
v -27.500 10.500 -15.500
v -21.500 10.500 -15.500
v -24.500 10.500 -15.500
v -32.500 10.500 -15.500
v -30.500 10.500 -15.500
v -30.500 13.500 -15.500
v -31.500 13.500 -15.500
v -31.500 14.500 -15.500
v -30.500 14.500 -15.500
v -29.500 10.500 -15.500
v -28.500 13.500 -15.500
v -29.500 13.500 -15.500
v -29.500 14.500 -15.500
v -28.500 14.500 -15.500
v -24.500 10.500 -18.500
v -24.500 10.500 -17.500
v -24.500 12.500 -17.500
v -24.500 12.500 -18.500
v -24.500 10.500 -16.500
v -24.500 7.500 -14.500
v -24.500 8.500 -14.500
v -24.500 8.500 -13.500
v -24.500 9.500 -13.500
v -24.500 10.500 -14.500
v -24.500 10.500 -13.500
v -24.500 4.500 -10.500
v -24.500 4.500 -12.500
v -24.500 8.500 -11.500
v -24.500 8.500 -12.500
v -24.500 10.500 -12.500
v -24.500 10.500 -11.500
v -24.500 8.500 -7.500
v -24.500 8.500 -9.500
v -24.500 8.500 -6.500
v -28.500 10.500 -17.500
v -31.500 10.500 -17.500
v -30.500 10.500 -17.500
v -29.500 10.500 -17.500
v -28.500 8.500 -17.500
v -27.500 8.500 -17.500
v -23.500 12.500 -17.500
v -21.500 12.500 -17.500
v -27.500 10.500 -17.500
v -31.500 11.500 -17.500
v -31.500 13.500 -17.500
v -28.500 13.500 -17.500
v -25.500 10.500 -17.500
v -25.500 8.500 -7.500
v -29.500 8.500 -7.500
v -28.500 8.500 -7.500
v -23.500 8.500 -7.500
v -35.500 15.500 -7.500
v -36.500 15.500 -7.500
v -35.500 16.500 -7.500
v -35.500 19.500 -7.500
v -36.500 20.500 -7.500
v -35.500 20.500 -7.500
v -35.500 10.500 -7.500
v -30.500 10.500 -7.500
v -34.500 18.500 -7.500
v -35.500 18.500 -7.500
v -34.500 19.500 -7.500
v -34.500 10.500 -7.500
v -33.500 16.500 -7.500
v -34.500 16.500 -7.500
v -33.500 18.500 -7.500
v -27.500 6.500 -7.500
v -28.500 10.500 -9.500
v -27.500 10.500 -9.500
v -32.500 6.500 -9.500
v -30.500 6.500 -9.500
v -23.500 8.500 -9.500
v -23.500 4.500 -9.500
v -23.500 10.500 -9.500
v -21.500 8.500 -9.500
v -21.500 10.500 -9.500
v -32.500 12.500 -11.500
v -33.500 12.500 -11.500
v -31.500 8.500 -11.500
v -30.500 8.500 -11.500
v -31.500 12.500 -11.500
v -30.500 12.500 -11.500
v -30.500 13.500 -11.500
v -31.500 13.500 -11.500
v -28.500 12.500 -11.500
v -29.500 12.500 -11.500
v -25.500 10.500 -11.500
v -29.500 8.500 -11.500
v -28.500 8.500 -11.500
v -28.500 10.500 -11.500
v -27.500 10.500 -11.500
v -30.500 8.500 -13.500
v -29.500 8.500 -13.500
v -30.500 13.500 -13.500
v -29.500 13.500 -13.500
v -29.500 14.500 -13.500
v -30.500 14.500 -13.500
v -28.500 10.500 -13.500
v -27.500 10.500 -13.500
v -27.500 13.500 -13.500
v -28.500 13.500 -13.500
v -25.500 7.500 -13.500
v -25.500 8.500 -13.500
v -23.500 4.500 -13.500
v -31.500 8.500 -13.500
v -32.500 8.500 -13.500
v -25.500 10.500 -13.500
v -35.500 19.500 -8.500
v -31.500 13.500 -16.500
v -28.500 13.500 -16.500
v -32.500 13.500 -15.500
v -30.500 13.500 -16.500
v -32.500 13.500 -16.500
v -27.500 13.500 -15.500
v -27.500 13.500 -16.500
v -29.500 13.500 -16.500
v -32.500 13.500 -14.500
v -31.500 13.500 -14.500
v -28.500 13.500 -14.500
v -27.500 13.500 -14.500
v -32.500 13.500 -13.500
v -30.500 13.500 -14.500
v -29.500 13.500 -14.500
v -32.500 13.500 -12.500
v -28.500 13.500 -12.500
v -30.500 13.500 -12.500
v -31.500 13.500 -12.500
v -29.500 10.500 -20.500
v -29.500 10.500 -18.500
v -29.500 10.500 -16.500
v -29.500 14.500 -16.500
v -29.500 8.500 -14.500
v -29.500 14.500 -14.500
v -29.500 8.500 -12.500
v -29.500 12.500 -10.500
v -29.500 7.500 -8.500
v -29.500 8.500 -8.500
v -31.500 6.500 -22.500
v -31.500 6.500 -18.500
v -31.500 8.500 -20.500
v -31.500 9.500 -19.500
v -31.500 10.500 -20.500
v -31.500 9.500 -18.500
v -31.500 10.500 -18.500
v -31.500 10.500 -16.500
v -31.500 6.500 -16.500
v -31.500 6.500 -10.500
v -31.500 14.500 -14.500
v -31.500 8.500 -14.500
v -31.500 8.500 -12.500
v -31.500 12.500 -12.500
v -35.500 6.500 -22.500
v -35.500 8.500 -22.500
v -35.500 8.500 -19.500
v -35.500 8.500 -18.500
v -35.500 18.500 -8.500
v -33.500 6.500 -14.500
v -33.500 12.500 -14.500
v -33.500 6.500 -10.500
v -33.500 6.500 -12.500
v -32.500 6.500 -18.500
v -30.500 10.500 -18.500
v -28.500 10.500 -18.500
v -25.500 10.500 -18.500
v -27.500 10.500 -18.500
v -23.500 10.500 -18.500
v -23.500 12.500 -18.500
v -21.500 10.500 -18.500
v -21.500 12.500 -18.500
v -25.500 8.500 -20.500
v -25.500 10.500 -19.500
v -25.500 10.500 -20.500
v -25.500 10.500 -16.500
v -25.500 10.500 -14.500
v -25.500 10.500 -12.500
v -25.500 8.500 -12.500
v -25.500 9.500 -10.500
v -25.500 10.500 -10.500
v -32.500 8.500 -20.500
v -28.500 10.500 -20.500
v -30.500 10.500 -20.500
v -27.500 8.500 -20.500
v -28.500 8.500 -20.500
v -21.500 8.500 -20.500
v -25.500 9.500 -20.500
v -27.500 10.500 -16.500
v -27.500 9.500 -13.500
v -27.500 10.500 -14.500
v -27.500 10.500 -10.500
v -27.500 10.500 -8.500
v -27.500 6.500 -8.500
v -35.500 7.500 -22.500
v -20.500 10.500 -18.500
v -21.500 10.500 -16.500
v -28.500 10.500 -16.500
v -32.500 10.500 -16.500
v -30.500 10.500 -16.500
v -28.500 10.500 -10.500
v -23.500 10.500 -10.500
v -28.500 10.500 -8.500
v -21.500 10.500 -8.500
v -23.500 4.500 -10.500
v -23.500 4.500 -12.500
v -20.500 8.500 -18.500
v -24.500 8.500 -18.500
v -23.500 8.500 -17.500
v -24.500 8.500 -17.500
v -23.500 8.500 -18.500
v -20.500 8.500 -17.500
v -22.500 8.500 -17.500
v -22.500 8.500 -18.500
v -28.500 8.500 -16.500
v -27.500 8.500 -16.500
v -28.500 8.500 -14.500
v -30.500 8.500 -14.500
v -23.500 8.500 -13.500
v -23.500 8.500 -14.500
v -32.500 8.500 -12.500
v -30.500 8.500 -12.500
v -23.500 8.500 -12.500
v -28.500 8.500 -12.500
v -23.500 8.500 -10.500
v -21.500 8.500 -8.500
v -28.500 8.500 -8.500
v -23.500 8.500 -6.500
v -36.500 6.500 -16.500
v -32.500 6.500 -16.500
v -31.500 6.500 -15.500
v -31.500 6.500 -14.500
v -32.500 6.500 -12.500
v -31.500 6.500 -12.500
v -32.500 6.500 -14.500
v -36.500 6.500 -9.500
v -32.500 6.500 -10.500
v -36.500 6.500 -10.500
v -36.500 6.500 -8.500
v -30.500 6.500 -8.500
v -36.500 6.500 -7.500
v -30.500 14.500 -14.500
v -28.500 14.500 -14.500
v -32.500 12.500 -14.500
v -21.500 10.500 -17.500
v -31.500 8.500 -16.500
v -23.500 12.500 -16.500
v -30.500 14.500 -16.500
v -29.500 8.500 -16.500
v -26.500 10.500 -8.500
v -34.500 16.500 -8.500
v -36.500 18.500 -8.500
v -34.500 18.500 -8.500
v -32.500 12.500 -10.500
v -23.500 9.500 -10.500
v -21.500 10.500 -10.500
v -32.500 12.500 -12.500
v -30.500 12.500 -12.500
v -28.500 12.500 -12.500
v -28.500 9.500 -19.500
v -28.500 10.500 -14.500
v -28.500 9.500 -13.500
v -28.500 9.500 -10.500
v -28.500 9.500 -9.500
v -33.500 12.500 -12.500
v -4.500 12.500 -32.500
v -4.500 12.500 -33.500
v -4.500 14.500 -33.500
v -4.500 14.500 -32.500
v -5.500 10.500 -37.500
v -5.500 12.500 -37.500
v -5.500 12.500 -33.500
v -5.500 12.500 -34.500
v -5.500 14.500 -34.500
v -5.500 14.500 -33.500
v -5.500 7.500 -32.500
v -5.500 7.500 -33.500
v -5.500 13.500 -33.500
v -5.500 13.500 -32.500
v -5.500 12.500 -31.500
v -5.500 12.500 -32.500
v -5.500 14.500 -32.500
v -5.500 14.500 -31.500
v -5.500 6.500 -31.500
v -5.500 6.500 -30.500
v -5.500 7.500 -30.500
v -5.500 7.500 -31.500
v -5.500 10.500 -30.500
v -5.500 10.500 -29.500
v -5.500 13.500 -29.500
v -5.500 13.500 -30.500
v -5.500 10.500 -27.500
v -5.500 15.500 -27.500
v -5.500 15.500 -29.500
v -5.500 14.500 -27.500
v -5.500 14.500 -25.500
v -5.500 15.500 -25.500
v -5.500 10.500 -26.500
v -5.500 10.500 -25.500
v -5.500 11.500 -25.500
v -5.500 11.500 -26.500
v -5.500 8.500 -23.500
v -5.500 8.500 -24.500
v -5.500 9.500 -24.500
v -5.500 9.500 -23.500
v -5.500 11.500 -24.500
v -5.500 11.500 -23.500
v -5.500 14.500 -23.500
v -5.500 14.500 -24.500
v -5.500 10.500 -23.500
v -6.500 13.500 -34.500
v -6.500 13.500 -33.500
v -6.500 14.500 -33.500
v -6.500 14.500 -34.500
v -6.500 7.500 -33.500
v -6.500 7.500 -32.500
v -6.500 13.500 -32.500
v -6.500 13.500 -31.500
v -6.500 14.500 -31.500
v -6.500 14.500 -32.500
v -6.500 5.500 -27.500
v -6.500 5.500 -26.500
v -6.500 6.500 -26.500
v -6.500 6.500 -27.500
v -6.500 11.500 -27.500
v -6.500 11.500 -24.500
v -6.500 14.500 -24.500
v -6.500 14.500 -27.500
v -6.500 9.500 -23.500
v -6.500 9.500 -24.500
v -6.500 10.500 -24.500
v -6.500 10.500 -23.500
v -7.500 10.500 -35.500
v -7.500 10.500 -36.500
v -7.500 12.500 -36.500
v -7.500 12.500 -35.500
v -7.500 12.500 -34.500
v -7.500 12.500 -33.500
v -7.500 13.500 -33.500
v -7.500 13.500 -34.500
v -7.500 12.500 -32.500
v -7.500 14.500 -32.500
v -7.500 14.500 -33.500
v -7.500 6.500 -32.500
v -7.500 6.500 -31.500
v -7.500 7.500 -31.500
v -7.500 7.500 -32.500
v -7.500 12.500 -31.500
v -7.500 13.500 -31.500
v -7.500 13.500 -32.500
v -7.500 5.500 -28.500
v -7.500 5.500 -27.500
v -7.500 6.500 -27.500
v -7.500 6.500 -28.500
v -7.500 10.500 -23.500
v -7.500 12.500 -23.500
v -18.500 10.500 -22.500
v -17.500 5.500 -22.500
v -16.500 5.500 -22.500
v -13.500 6.500 -22.500
v -13.500 7.500 -22.500
v -14.500 10.500 -22.500
v -13.500 10.500 -22.500
v -13.500 11.500 -22.500
v -14.500 11.500 -22.500
v -11.500 10.500 -22.500
v -15.500 10.500 -23.500
v -14.500 10.500 -23.500
v -14.500 11.500 -23.500
v -15.500 11.500 -23.500
v -14.500 5.500 -23.500
v -13.500 5.500 -23.500
v -13.500 9.500 -23.500
v -14.500 9.500 -23.500
v -13.500 6.500 -23.500
v -12.500 6.500 -23.500
v -12.500 7.500 -23.500
v -13.500 7.500 -23.500
v -13.500 10.500 -23.500
v -12.500 10.500 -23.500
v -12.500 11.500 -23.500
v -13.500 11.500 -23.500
v -4.500 11.500 -23.500
v -4.500 14.500 -23.500
v -17.500 8.500 -23.500
v -18.500 8.500 -23.500
v -18.500 10.500 -23.500
v -17.500 10.500 -23.500
v -16.500 5.500 -23.500
v -17.500 5.500 -23.500
v -17.500 9.500 -23.500
v -16.500 9.500 -23.500
v -9.500 9.500 -23.500
v -10.500 9.500 -23.500
v -10.500 10.500 -23.500
v -9.500 10.500 -23.500
v -8.500 10.500 -23.500
v -8.500 12.500 -23.500
v -14.500 11.500 -37.500
v -10.500 11.500 -37.500
v -14.500 11.500 -38.500
v -9.500 11.500 -37.500
v -14.500 11.500 -35.500
v -13.500 11.500 -35.500
v -13.500 11.500 -37.500
v -11.500 11.500 -36.500
v -9.500 11.500 -36.500
v -11.500 11.500 -37.500
v -14.500 11.500 -34.500
v -12.500 11.500 -34.500
v -12.500 11.500 -35.500
v -13.500 11.500 -33.500
v -12.500 11.500 -33.500
v -13.500 11.500 -34.500
v -12.500 11.500 -31.500
v -11.500 11.500 -31.500
v -11.500 11.500 -32.500
v -12.500 11.500 -32.500
v -17.500 11.500 -29.500
v -16.500 11.500 -29.500
v -16.500 11.500 -30.500
v -17.500 11.500 -30.500
v -16.500 11.500 -28.500
v -15.500 11.500 -28.500
v -15.500 11.500 -29.500
v -4.500 11.500 -26.500
v -6.500 11.500 -26.500
v -4.500 11.500 -27.500
v -6.500 11.500 -25.500
v -14.500 11.500 -24.500
v -13.500 11.500 -24.500
v -13.500 11.500 -25.500
v -14.500 11.500 -25.500
v -4.500 11.500 -24.500
v -4.500 11.500 -25.500
v -12.500 11.500 -24.500
v -15.500 11.500 -24.500
v -19.500 10.500 -37.500
v -17.500 10.500 -37.500
v -10.500 10.500 -37.500
v -9.500 10.500 -37.500
v -20.500 10.500 -36.500
v -18.500 10.500 -36.500
v -18.500 10.500 -37.500
v -20.500 10.500 -37.500
v -11.500 10.500 -35.500
v -9.500 10.500 -35.500
v -9.500 10.500 -36.500
v -11.500 10.500 -36.500
v -20.500 10.500 -32.500
v -19.500 10.500 -32.500
v -19.500 10.500 -35.500
v -20.500 10.500 -35.500
v -12.500 10.500 -34.500
v -9.500 10.500 -34.500
v -12.500 10.500 -35.500
v -4.500 10.500 -34.500
v -4.500 10.500 -35.500
v -14.500 10.500 -33.500
v -13.500 10.500 -33.500
v -13.500 10.500 -34.500
v -14.500 10.500 -34.500
v -12.500 10.500 -33.500
v -10.500 10.500 -33.500
v -10.500 10.500 -34.500
v -4.500 10.500 -33.500
v -9.500 10.500 -33.500
v -6.500 10.500 -32.500
v -12.500 10.500 -32.500
v -6.500 10.500 -33.500
v -4.500 10.500 -32.500
v -5.500 10.500 -32.500
v -5.500 10.500 -33.500
v -4.500 10.500 -31.500
v -12.500 10.500 -31.500
v -18.500 10.500 -30.500
v -13.500 10.500 -30.500
v -13.500 10.500 -31.500
v -18.500 10.500 -31.500
v -4.500 10.500 -30.500
v -8.500 10.500 -30.500
v -8.500 10.500 -31.500
v -18.500 10.500 -29.500
v -17.500 10.500 -29.500
v -17.500 10.500 -30.500
v -15.500 10.500 -29.500
v -13.500 10.500 -29.500
v -15.500 10.500 -30.500
v -4.500 10.500 -27.500
v -19.500 10.500 -28.500
v -17.500 10.500 -28.500
v -19.500 10.500 -29.500
v -14.500 10.500 -28.500
v -13.500 10.500 -28.500
v -14.500 10.500 -29.500
v -20.500 10.500 -27.500
v -16.500 10.500 -27.500
v -16.500 10.500 -28.500
v -20.500 10.500 -28.500
v -15.500 10.500 -27.500
v -13.500 10.500 -27.500
v -15.500 10.500 -28.500
v -19.500 10.500 -26.500
v -13.500 10.500 -26.500
v -19.500 10.500 -27.500
v -15.500 10.500 -25.500
v -12.500 10.500 -25.500
v -12.500 10.500 -26.500
v -15.500 10.500 -26.500
v -4.500 10.500 -25.500
v -4.500 10.500 -26.500
v -16.500 10.500 -24.500
v -14.500 10.500 -24.500
v -14.500 10.500 -25.500
v -16.500 10.500 -25.500
v -13.500 10.500 -24.500
v -11.500 10.500 -24.500
v -11.500 10.500 -25.500
v -13.500 10.500 -25.500
v -15.500 10.500 -24.500
v -17.500 10.500 -24.500
v -11.500 10.500 -23.500
v -12.500 10.500 -24.500
v -9.500 10.500 -24.500
v -20.500 5.500 -37.500
v -15.500 5.500 -37.500
v -20.500 5.500 -35.500
v -14.500 5.500 -35.500
v -14.500 5.500 -37.500
v -20.500 5.500 -33.500
v -13.500 5.500 -33.500
v -13.500 5.500 -35.500
v -20.500 5.500 -32.500
v -12.500 5.500 -32.500
v -12.500 5.500 -33.500
v -20.500 5.500 -31.500
v -11.500 5.500 -31.500
v -11.500 5.500 -32.500
v -20.500 5.500 -30.500
v -9.500 5.500 -30.500
v -9.500 5.500 -31.500
v -20.500 5.500 -29.500
v -8.500 5.500 -29.500
v -8.500 5.500 -30.500
v -20.500 5.500 -28.500
v -16.500 5.500 -28.500
v -16.500 5.500 -29.500
v -15.500 5.500 -28.500
v -8.500 5.500 -28.500
v -15.500 5.500 -29.500
v -20.500 5.500 -27.500
v -19.500 5.500 -27.500
v -19.500 5.500 -28.500
v -18.500 5.500 -27.500
v -18.500 5.500 -28.500
v -20.500 5.500 -26.500
v -20.500 5.500 -24.500
v -4.500 5.500 -24.500
v -4.500 5.500 -26.500
v -20.500 5.500 -23.500
v -14.500 5.500 -24.500
v -4.500 5.500 -23.500
v -13.500 5.500 -24.500
v -9.500 9.500 -36.500
v -14.500 9.500 -36.500
v -14.500 9.500 -38.500
v -9.500 9.500 -38.500
v -18.500 9.500 -36.500
v -17.500 9.500 -36.500
v -17.500 9.500 -37.500
v -18.500 9.500 -37.500
v -12.500 9.500 -35.500
v -14.500 9.500 -35.500
v -12.500 9.500 -36.500
v -9.500 9.500 -35.500
v -11.500 9.500 -35.500
v -11.500 9.500 -36.500
v -9.500 9.500 -34.500
v -14.500 9.500 -34.500
v -10.500 9.500 -33.500
v -14.500 9.500 -33.500
v -10.500 9.500 -34.500
v -17.500 9.500 -30.500
v -18.500 9.500 -30.500
v -18.500 9.500 -31.500
v -17.500 9.500 -31.500
v -13.500 9.500 -30.500
v -14.500 9.500 -30.500
v -14.500 9.500 -31.500
v -13.500 9.500 -31.500
v -20.500 9.500 -28.500
v -19.500 9.500 -28.500
v -19.500 9.500 -30.500
v -20.500 9.500 -30.500
v -19.500 9.500 -27.500
v -18.500 9.500 -27.500
v -18.500 9.500 -28.500
v -17.500 9.500 -26.500
v -18.500 9.500 -26.500
v -17.500 9.500 -27.500
v -13.500 9.500 -24.500
v -14.500 9.500 -24.500
v -9.500 9.500 -24.500
v -10.500 9.500 -24.500
v -17.500 8.500 -36.500
v -20.500 8.500 -36.500
v -14.500 8.500 -30.500
v -17.500 8.500 -30.500
v -17.500 8.500 -31.500
v -14.500 8.500 -31.500
v -19.500 8.500 -29.500
v -18.500 8.500 -29.500
v -18.500 8.500 -30.500
v -19.500 8.500 -30.500
v -13.500 8.500 -29.500
v -17.500 8.500 -29.500
v -13.500 8.500 -30.500
v -13.500 8.500 -28.500
v -15.500 8.500 -28.500
v -15.500 8.500 -29.500
v -13.500 8.500 -26.500
v -16.500 8.500 -26.500
v -16.500 8.500 -28.500
v -20.500 8.500 -26.500
v -19.500 8.500 -26.500
v -19.500 8.500 -27.500
v -20.500 8.500 -27.500
v -18.500 8.500 -26.500
v -17.500 8.500 -26.500
v -17.500 8.500 -27.500
v -18.500 8.500 -27.500
v -20.500 8.500 -25.500
v -17.500 8.500 -25.500
v -18.500 8.500 -24.500
v -16.500 8.500 -24.500
v -16.500 8.500 -25.500
v -18.500 8.500 -25.500
v -19.500 8.500 -23.500
v -17.500 8.500 -24.500
v -19.500 8.500 -24.500
v -10.500 8.500 -24.500
v -13.500 7.500 -37.500
v -4.500 7.500 -37.500
v -12.500 7.500 -36.500
v -4.500 7.500 -36.500
v -12.500 7.500 -37.500
v -11.500 7.500 -35.500
v -4.500 7.500 -35.500
v -11.500 7.500 -36.500
v -19.500 7.500 -32.500
v -20.500 7.500 -32.500
v -20.500 7.500 -35.500
v -19.500 7.500 -35.500
v -12.500 7.500 -34.500
v -4.500 7.500 -34.500
v -12.500 7.500 -35.500
v -12.500 7.500 -33.500
v -10.500 7.500 -33.500
v -10.500 7.500 -34.500
v -9.500 7.500 -33.500
v -4.500 7.500 -33.500
v -9.500 7.500 -34.500
v -9.500 7.500 -32.500
v -4.500 7.500 -32.500
v -4.500 7.500 -31.500
v -4.500 7.500 -30.500
v -17.500 7.500 -29.500
v -16.500 7.500 -29.500
v -16.500 7.500 -30.500
v -17.500 7.500 -30.500
v -12.500 7.500 -25.500
v -15.500 7.500 -25.500
v -15.500 7.500 -26.500
v -12.500 7.500 -26.500
v -11.500 7.500 -24.500
v -13.500 7.500 -24.500
v -13.500 7.500 -25.500
v -11.500 7.500 -25.500
v -11.500 7.500 -23.500
v -12.500 7.500 -24.500
v -15.500 6.500 -37.500
v -13.500 6.500 -37.500
v -14.500 6.500 -35.500
v -12.500 6.500 -35.500
v -12.500 6.500 -37.500
v -14.500 6.500 -37.500
v -13.500 6.500 -33.500
v -12.500 6.500 -33.500
v -13.500 6.500 -35.500
v -12.500 6.500 -32.500
v -9.500 6.500 -32.500
v -9.500 6.500 -33.500
v -11.500 6.500 -31.500
v -11.500 6.500 -32.500
v -9.500 6.500 -30.500
v -9.500 6.500 -31.500
v -16.500 6.500 -28.500
v -20.500 6.500 -28.500
v -20.500 6.500 -30.500
v -16.500 6.500 -30.500
v -8.500 6.500 -28.500
v -4.500 6.500 -28.500
v -4.500 6.500 -30.500
v -8.500 6.500 -30.500
v -19.500 6.500 -27.500
v -20.500 6.500 -27.500
v -19.500 6.500 -28.500
v -16.500 6.500 -27.500
v -18.500 6.500 -27.500
v -18.500 6.500 -28.500
v -4.500 6.500 -27.500
v -16.500 6.500 -26.500
v -20.500 6.500 -26.500
v -4.500 6.500 -26.500
v -17.500 6.500 -25.500
v -20.500 6.500 -25.500
v -17.500 6.500 -26.500
v -13.500 6.500 -24.500
v -18.500 6.500 -24.500
v -18.500 6.500 -25.500
v -13.500 6.500 -25.500
v -14.500 6.500 -23.500
v -19.500 6.500 -23.500
v -19.500 6.500 -24.500
v -14.500 6.500 -24.500
v -12.500 6.500 -24.500
v -17.500 6.500 -22.500
v -17.500 6.500 -23.500
v -16.500 6.500 -22.500
v -16.500 6.500 -23.500
v -20.500 11.500 -37.500
v -20.500 12.500 -37.500
v -12.500 13.500 -35.500
v -13.500 13.500 -35.500
v -11.500 12.500 -35.500
v -12.500 12.500 -35.500
v -10.500 12.500 -35.500
v -10.500 13.500 -35.500
v -11.500 13.500 -35.500
v -8.500 12.500 -35.500
v -8.500 13.500 -35.500
v -9.500 13.500 -35.500
v -10.500 14.500 -35.500
v -9.500 14.500 -35.500
v -4.500 12.500 -35.500
v -19.500 12.500 -37.500
v -19.500 9.500 -29.500
v -12.500 12.500 -34.500
v -11.500 12.500 -34.500
v -11.500 13.500 -34.500
v -12.500 13.500 -34.500
v -10.500 12.500 -34.500
v -11.500 14.500 -34.500
v -10.500 14.500 -34.500
v -10.500 13.500 -34.500
v -9.500 13.500 -34.500
v -8.500 13.500 -34.500
v -9.500 14.500 -34.500
v -8.500 14.500 -34.500
v -5.500 13.500 -34.500
v -5.500 11.500 -37.500
v -10.500 12.500 -37.500
v -13.500 12.500 -37.500
v -11.500 12.500 -37.500
v -12.500 12.500 -37.500
v -12.500 13.500 -37.500
v -11.500 13.500 -37.500
v -20.500 9.500 -36.500
v -12.500 12.500 -36.500
v -13.500 12.500 -36.500
v -13.500 13.500 -36.500
v -12.500 13.500 -36.500
v -11.500 12.500 -36.500
v -10.500 12.500 -36.500
v -11.500 13.500 -36.500
v -10.500 13.500 -36.500
v -14.500 10.500 -38.500
v -15.500 12.500 -30.500
v -15.500 12.500 -29.500
v -15.500 12.500 -28.500
v -15.500 12.500 -27.500
v -5.500 12.500 -30.500
v -8.500 12.500 -30.500
v -20.500 7.500 -30.500
v -20.500 8.500 -30.500
v -15.500 11.500 -30.500
v -16.500 12.500 -30.500
v -4.500 12.500 -30.500
v -4.500 13.500 -30.500
v -14.500 12.500 -29.500
v -14.500 12.500 -28.500
v -16.500 8.500 -29.500
v -17.500 12.500 -29.500
v -16.500 12.500 -29.500
v -4.500 13.500 -29.500
v -4.500 15.500 -29.500
v -17.500 8.500 -37.500
v -17.500 12.500 -28.500
v -11.500 12.500 -32.500
v -12.500 12.500 -32.500
v -8.500 12.500 -32.500
v -8.500 13.500 -32.500
v -11.500 13.500 -32.500
v -10.500 13.500 -32.500
v -9.500 13.500 -32.500
v -9.500 14.500 -32.500
v -10.500 14.500 -32.500
v -8.500 11.500 -31.500
v -8.500 12.500 -31.500
v -11.500 12.500 -31.500
v -5.500 13.500 -31.500
v -16.500 6.500 -29.500
v -16.500 12.500 -27.500
v -16.500 12.500 -28.500
v -10.500 6.500 -33.500
v -11.500 13.500 -33.500
v -10.500 13.500 -33.500
v -10.500 14.500 -33.500
v -11.500 14.500 -33.500
v -9.500 13.500 -33.500
v -8.500 13.500 -33.500
v -8.500 14.500 -33.500
v -9.500 14.500 -33.500
v -6.500 14.500 -25.500
v -4.500 14.500 -24.500
v -4.500 14.500 -25.500
v -4.500 15.500 -25.500
v -9.500 9.500 -37.500
v -8.500 12.500 -34.500
v -8.500 12.500 -33.500
v -4.500 12.500 -34.500
v -4.500 12.500 -31.500
v -11.500 12.500 -33.500
v -19.500 9.500 -26.500
v -15.500 9.500 -26.500
v -15.500 8.500 -26.500
v -12.500 8.500 -26.500
v -10.500 8.500 -23.500
v -17.500 7.500 -25.500
v -15.500 8.500 -25.500
v -13.500 11.500 -36.500
v -12.500 6.500 -36.500
v -5.500 11.500 -27.500
v -3.500 10.500 -36.500
v -3.500 10.500 -35.500
v -3.500 12.500 -35.500
v -3.500 12.500 -36.500
v -3.500 10.500 -31.500
v -3.500 10.500 -32.500
v -3.500 11.500 -32.500
v -3.500 11.500 -31.500
v -3.500 9.500 -30.500
v -3.500 9.500 -29.500
v -3.500 10.500 -29.500
v -3.500 10.500 -30.500
v -3.500 9.500 -28.500
v -3.500 10.500 -28.500
v -3.500 15.500 -29.500
v -3.500 15.500 -28.500
v -3.500 16.500 -28.500
v -3.500 16.500 -29.500
v -3.500 6.500 -28.500
v -3.500 6.500 -27.500
v -3.500 13.500 -27.500
v -3.500 13.500 -28.500
v -3.500 10.500 -26.500
v -3.500 11.500 -26.500
v -3.500 11.500 -27.500
v -3.500 10.500 -27.500
v -3.500 15.500 -27.500
v -3.500 15.500 -26.500
v -3.500 16.500 -26.500
v -3.500 16.500 -27.500
v -3.500 11.500 -25.500
v -3.500 10.500 -25.500
v -3.500 5.500 -24.500
v -3.500 5.500 -25.500
v -3.500 6.500 -25.500
v -3.500 6.500 -24.500
v -3.500 10.500 -24.500
v -3.500 11.500 -24.500
v -3.500 14.500 -24.500
v -3.500 14.500 -25.500
v -3.500 15.500 -25.500
v -3.500 15.500 -24.500
v -2.500 11.500 -23.500
v -2.500 14.500 -23.500
v 8.500 5.500 -23.500
v 10.500 5.500 -23.500
v 10.500 6.500 -23.500
v 8.500 6.500 -23.500
v 10.500 9.500 -23.500
v 9.500 9.500 -23.500
v 9.500 11.500 -23.500
v 10.500 11.500 -23.500
v 10.500 10.500 -23.500
v 10.500 12.500 -23.500
v 1.500 11.500 -37.500
v 2.500 11.500 -37.500
v 10.500 11.500 -36.500
v 10.500 11.500 -37.500
v 9.500 11.500 -33.500
v 10.500 11.500 -33.500
v 10.500 11.500 -34.500
v 9.500 11.500 -34.500
v 8.500 11.500 -32.500
v 11.500 11.500 -32.500
v 11.500 11.500 -33.500
v 8.500 11.500 -33.500
v -2.500 11.500 -31.500
v -2.500 11.500 -32.500
v 6.500 11.500 -31.500
v 7.500 11.500 -31.500
v 7.500 11.500 -32.500
v 6.500 11.500 -32.500
v 11.500 11.500 -31.500
v 10.500 11.500 -31.500
v 10.500 11.500 -32.500
v -0.500 11.500 -29.500
v 0.500 11.500 -29.500
v 0.500 11.500 -30.500
v -0.500 11.500 -30.500
v 0.500 11.500 -28.500
v 1.500 11.500 -28.500
v 1.500 11.500 -29.500
v -0.500 11.500 -27.500
v 0.500 11.500 -27.500
v -0.500 11.500 -28.500
v 6.500 11.500 -25.500
v 7.500 11.500 -25.500
v 7.500 11.500 -28.500
v 6.500 11.500 -28.500
v 10.500 11.500 -26.500
v 11.500 11.500 -26.500
v 11.500 11.500 -28.500
v 10.500 11.500 -28.500
v 11.500 11.500 -27.500
v 10.500 11.500 -27.500
v -2.500 11.500 -26.500
v -2.500 11.500 -27.500
v -1.500 11.500 -25.500
v -2.500 11.500 -25.500
v -1.500 11.500 -26.500
v 9.500 11.500 -25.500
v 11.500 11.500 -25.500
v 9.500 11.500 -26.500
v -1.500 11.500 -24.500
v 6.500 11.500 -24.500
v 11.500 11.500 -24.500
v -2.500 11.500 -24.500
v 10.500 11.500 -24.500
v 9.500 11.500 -22.500
v 4.500 5.500 -37.500
v 5.500 5.500 -36.500
v 10.500 5.500 -36.500
v 10.500 5.500 -37.500
v 5.500 5.500 -37.500
v 7.500 5.500 -35.500
v 9.500 5.500 -35.500
v 9.500 5.500 -36.500
v 7.500 5.500 -36.500
v 5.500 5.500 -32.500
v 6.500 5.500 -32.500
v 6.500 5.500 -34.500
v 5.500 5.500 -34.500
v 1.500 5.500 -24.500
v 1.500 5.500 -25.500
v 8.500 5.500 -24.500
v 10.500 5.500 -22.500
v 7.500 3.500 -33.500
v 8.500 3.500 -33.500
v 8.500 3.500 -35.500
v 7.500 3.500 -35.500
v 10.500 3.500 -34.500
v 10.500 3.500 -35.500
v -0.500 9.500 -37.500
v 0.500 9.500 -37.500
v 0.500 9.500 -36.500
v 3.500 9.500 -36.500
v 3.500 9.500 -37.500
v 9.500 9.500 -35.500
v 10.500 9.500 -35.500
v 10.500 9.500 -36.500
v 9.500 9.500 -36.500
v 7.500 9.500 -34.500
v 7.500 9.500 -35.500
v 7.500 9.500 -33.500
v 9.500 9.500 -33.500
v 9.500 9.500 -34.500
v 7.500 9.500 -31.500
v 8.500 9.500 -31.500
v 8.500 9.500 -33.500
v -1.500 9.500 -30.500
v -0.500 9.500 -30.500
v -0.500 9.500 -31.500
v -1.500 9.500 -31.500
v 3.500 9.500 -30.500
v 2.500 9.500 -30.500
v 2.500 9.500 -31.500
v 3.500 9.500 -31.500
v 7.500 9.500 -30.500
v -2.500 9.500 -29.500
v -2.500 9.500 -30.500
v -4.500 9.500 -28.500
v -4.500 9.500 -29.500
v -2.500 9.500 -28.500
v -1.500 9.500 -28.500
v -1.500 9.500 -29.500
v 10.500 9.500 -28.500
v 7.500 9.500 -28.500
v 7.500 9.500 -29.500
v 10.500 9.500 -29.500
v 6.500 9.500 -27.500
v 6.500 9.500 -28.500
v 2.500 9.500 -26.500
v 3.500 9.500 -26.500
v 3.500 9.500 -27.500
v 2.500 9.500 -27.500
v 8.500 9.500 -26.500
v 6.500 9.500 -26.500
v 8.500 9.500 -27.500
v 11.500 9.500 -26.500
v 9.500 9.500 -26.500
v 9.500 9.500 -27.500
v 6.500 9.500 -25.500
v 9.500 9.500 -24.500
v 7.500 9.500 -24.500
v 7.500 9.500 -25.500
v 9.500 9.500 -25.500
v 8.500 9.500 -23.500
v 10.500 9.500 -24.500
v 8.500 9.500 -24.500
v 9.500 9.500 -22.500
v 0.500 7.500 -36.500
v 4.500 7.500 -36.500
v 10.500 7.500 -35.500
v 10.500 7.500 -37.500
v 1.500 7.500 -35.500
v 1.500 7.500 -36.500
v 3.500 7.500 -34.500
v 3.500 7.500 -35.500
v 8.500 7.500 -34.500
v 8.500 7.500 -35.500
v -1.500 7.500 -33.500
v -1.500 7.500 -34.500
v -0.500 7.500 -33.500
v 5.500 7.500 -33.500
v 5.500 7.500 -34.500
v -0.500 7.500 -34.500
v 9.500 7.500 -33.500
v 7.500 7.500 -33.500
v 7.500 7.500 -34.500
v 9.500 7.500 -34.500
v 10.500 7.500 -33.500
v 10.500 7.500 -34.500
v 10.500 7.500 -32.500
v 4.500 7.500 -31.500
v 4.500 7.500 -33.500
v 7.500 7.500 -32.500
v 9.500 7.500 -32.500
v 5.500 7.500 -31.500
v 8.500 7.500 -31.500
v 8.500 7.500 -32.500
v 5.500 7.500 -32.500
v 8.500 7.500 -30.500
v 7.500 7.500 -30.500
v 7.500 7.500 -31.500
v -4.500 7.500 -29.500
v 6.500 7.500 -29.500
v 6.500 7.500 -30.500
v 9.500 7.500 -24.500
v 9.500 7.500 -25.500
v 11.500 7.500 -23.500
v 8.500 7.500 -23.500
v 8.500 7.500 -24.500
v 10.500 7.500 -22.500
v 10.500 7.500 -23.500
v 7.500 5.500 -34.500
v 7.500 6.500 -34.500
v 5.500 6.500 -34.500
v 6.500 4.500 -34.500
v 7.500 4.500 -34.500
v -1.500 12.500 -34.500
v -2.500 12.500 -34.500
v -2.500 14.500 -34.500
v -1.500 14.500 -34.500
v -1.500 13.500 -34.500
v -0.500 13.500 -34.500
v 0.500 13.500 -34.500
v -0.500 14.500 -34.500
v 0.500 14.500 -34.500
v 3.500 6.500 -34.500
v 7.500 8.500 -34.500
v 8.500 8.500 -34.500
v 10.500 1.500 -34.500
v 9.500 1.500 -34.500
v 9.500 2.500 -34.500
v 10.500 2.500 -34.500
v 11.500 2.500 -34.500
v 9.500 3.500 -34.500
v 9.500 6.500 -34.500
v 10.500 6.500 -34.500
v 9.500 10.500 -34.500
v 11.500 10.500 -34.500
v 10.500 10.500 -34.500
v 0.500 6.500 -36.500
v 0.500 10.500 -37.500
v 0.500 7.500 -37.500
v 0.500 10.500 -35.500
v 0.500 10.500 -36.500
v 0.500 12.500 -36.500
v 0.500 12.500 -35.500
v 0.500 12.500 -34.500
v 0.500 13.500 -35.500
v 0.500 12.500 -33.500
v 0.500 14.500 -33.500
v 0.500 12.500 -29.500
v 0.500 12.500 -30.500
v 0.500 6.500 -29.500
v 0.500 6.500 -28.500
v 0.500 12.500 -27.500
v 0.500 12.500 -28.500
v 4.500 8.500 -36.500
v 0.500 8.500 -36.500
v 3.500 8.500 -36.500
v 9.500 1.500 -36.500
v 10.500 1.500 -36.500
v 10.500 4.500 -36.500
v 9.500 4.500 -36.500
v 10.500 10.500 -36.500
v 9.500 10.500 -36.500
v 1.500 6.500 -36.500
v 5.500 6.500 -36.500
v 7.500 6.500 -36.500
v -1.500 12.500 -35.500
v -1.500 14.500 -35.500
v -1.500 13.500 -33.500
v -1.500 13.500 -32.500
v -1.500 14.500 -32.500
v -1.500 14.500 -33.500
v -1.500 10.500 -30.500
v -1.500 10.500 -31.500
v -1.500 13.500 -31.500
v -1.500 13.500 -30.500
v -1.500 8.500 -31.500
v -1.500 8.500 -30.500
v -1.500 13.500 -29.500
v -1.500 15.500 -30.500
v -1.500 15.500 -29.500
v -1.500 8.500 -29.500
v -1.500 10.500 -29.500
v -1.500 8.500 -28.500
v -1.500 15.500 -27.500
v -1.500 15.500 -28.500
v -1.500 16.500 -28.500
v -1.500 16.500 -27.500
v -1.500 8.500 -26.500
v -1.500 10.500 -26.500
v -1.500 10.500 -28.500
v -1.500 10.500 -27.500
v -1.500 12.500 -27.500
v -1.500 12.500 -26.500
v -1.500 15.500 -26.500
v -1.500 15.500 -25.500
v -1.500 14.500 -25.500
v -1.500 14.500 -24.500
v 10.500 12.500 -38.500
v 6.500 6.500 -30.500
v 7.500 6.500 -30.500
v 7.500 8.500 -30.500
v 8.500 8.500 -30.500
v 8.500 9.500 -30.500
v 9.500 7.500 -30.500
v 9.500 9.500 -30.500
v -4.500 15.500 -30.500
v -2.500 10.500 -30.500
v -0.500 10.500 -30.500
v 1.500 10.500 -30.500
v -1.500 11.500 -30.500
v 1.500 11.500 -30.500
v -0.500 13.500 -30.500
v 1.500 12.500 -30.500
v 3.500 8.500 -30.500
v 2.500 8.500 -30.500
v 8.500 13.500 -30.500
v 7.500 13.500 -30.500
v 7.500 14.500 -30.500
v 8.500 14.500 -30.500
v 9.500 6.500 -30.500
v 8.500 6.500 -30.500
v 9.500 13.500 -30.500
v 10.500 13.500 -30.500
v 9.500 14.500 -30.500
v 10.500 14.500 -30.500
v -2.500 10.500 -32.500
v -2.500 12.500 -32.500
v -0.500 12.500 -32.500
v -0.500 13.500 -32.500
v -2.500 13.500 -32.500
v -0.500 14.500 -32.500
v 8.500 6.500 -32.500
v 9.500 6.500 -32.500
v 8.500 10.500 -32.500
v 11.500 10.500 -32.500
v 10.500 6.500 -32.500
v 10.500 10.500 -32.500
v 9.500 10.500 -32.500
v 7.500 5.500 -32.500
v 5.500 6.500 -32.500
v 7.500 6.500 -32.500
v 7.500 4.500 -32.500
v 6.500 4.500 -32.500
v 6.500 10.500 -32.500
v 7.500 12.500 -32.500
v 11.500 12.500 -32.500
v 10.500 10.500 -37.500
v 10.500 12.500 -37.500
v 10.500 1.500 -37.500
v 10.500 4.500 -37.500
v 10.500 8.500 -35.500
v 10.500 8.500 -37.500
v 10.500 10.500 -35.500
v 10.500 5.500 -34.500
v 10.500 5.500 -35.500
v 10.500 6.500 -35.500
v 10.500 6.500 -33.500
v 10.500 10.500 -33.500
v 10.500 10.500 -31.500
v 10.500 12.500 -30.500
v 10.500 12.500 -31.500
v 10.500 13.500 -31.500
v 10.500 12.500 -29.500
v 10.500 14.500 -29.500
v 10.500 10.500 -29.500
v 10.500 10.500 -28.500
v 10.500 10.500 -27.500
v 10.500 13.500 -27.500
v 10.500 13.500 -26.500
v 10.500 6.500 -22.500
v -0.500 13.500 -35.500
v -0.500 13.500 -33.500
v -2.500 13.500 -33.500
v -4.500 13.500 -31.500
v 8.500 13.500 -31.500
v 7.500 13.500 -31.500
v 9.500 13.500 -31.500
v -0.500 13.500 -29.500
v 8.500 13.500 -29.500
v 9.500 13.500 -29.500
v 7.500 13.500 -28.500
v 8.500 13.500 -28.500
v 7.500 13.500 -29.500
v -2.500 13.500 -27.500
v -2.500 13.500 -28.500
v 8.500 13.500 -27.500
v 9.500 13.500 -27.500
v 9.500 13.500 -28.500
v 7.500 13.500 -26.500
v 7.500 13.500 -27.500
v 8.500 13.500 -25.500
v 9.500 13.500 -25.500
v 9.500 13.500 -26.500
v 8.500 13.500 -26.500
v 6.500 10.500 -31.500
v 6.500 10.500 -28.500
v 6.500 12.500 -28.500
v 6.500 12.500 -31.500
v 6.500 6.500 -29.500
v 6.500 10.500 -25.500
v 6.500 10.500 -24.500
v -4.500 15.500 -28.500
v -2.500 15.500 -28.500
v -0.500 15.500 -28.500
v -0.500 15.500 -29.500
v -2.500 15.500 -29.500
v -0.500 15.500 -27.500
v -4.500 15.500 -26.500
v -4.500 15.500 -27.500
v -2.500 15.500 -26.500
v -0.500 15.500 -26.500
v -2.500 15.500 -27.500
v -4.500 15.500 -24.500
v 8.500 2.500 -33.500
v 8.500 2.500 -35.500
v 8.500 8.500 -35.500
v 8.500 9.500 -32.500
v 8.500 6.500 -31.500
v 8.500 10.500 -31.500
v 8.500 8.500 -31.500
v 8.500 14.500 -31.500
v 8.500 6.500 -29.500
v 8.500 14.500 -28.500
v 8.500 14.500 -29.500
v 8.500 12.500 -28.500
v 8.500 12.500 -27.500
v 8.500 6.500 -27.500
v 8.500 6.500 -26.500
v 8.500 12.500 -26.500
v 8.500 12.500 -25.500
v 8.500 6.500 -24.500
v 2.500 10.500 -37.500
v 2.500 8.500 -31.500
v 2.500 10.500 -28.500
v 2.500 10.500 -29.500
v 2.500 12.500 -29.500
v 2.500 12.500 -28.500
v 2.500 10.500 -27.500
v 2.500 10.500 -26.500
v -4.500 6.500 -24.500
v -4.500 10.500 -24.500
v -2.500 14.500 -24.500
v 1.500 6.500 -24.500
v 10.500 10.500 -24.500
v 7.500 10.500 -24.500
v 4.500 6.500 -37.500
v 4.500 6.500 -31.500
v 4.500 6.500 -33.500
v -2.500 10.500 -26.500
v -2.500 16.500 -26.500
v 3.500 8.500 -26.500
v -1.500 9.500 -26.500
v -0.500 12.500 -26.500
v 7.500 12.500 -26.500
v 9.500 6.500 -26.500
v 9.500 12.500 -26.500
v -4.500 10.500 -28.500
v -2.500 10.500 -28.500
v -0.500 12.500 -28.500
v 1.500 6.500 -28.500
v 1.500 10.500 -28.500
v 1.500 12.500 -28.500
v 7.500 10.500 -28.500
v 7.500 12.500 -28.500
v 9.500 12.500 -28.500
v 9.500 14.500 -28.500
v 11.500 10.500 -28.500
v -4.500 16.500 -28.500
v -2.500 6.500 -28.500
v -2.500 16.500 -28.500
v -4.500 6.500 -29.500
v -4.500 10.500 -29.500
v -4.500 16.500 -27.500
v 9.500 10.500 -22.500
v 1.500 10.500 -37.500
v 7.500 10.500 -37.500
v 1.500 10.500 -34.500
v 1.500 10.500 -35.500
v -1.500 10.500 -33.500
v -1.500 10.500 -34.500
v 1.500 10.500 -33.500
v -0.500 10.500 -33.500
v -0.500 10.500 -34.500
v 11.500 10.500 -33.500
v 1.500 10.500 -32.500
v 9.500 10.500 -33.500
v 1.500 10.500 -31.500
v -2.500 10.500 -31.500
v 11.500 10.500 -31.500
v 3.500 10.500 -30.500
v 3.500 10.500 -31.500
v -0.500 10.500 -31.500
v 11.500 10.500 -30.500
v 6.500 10.500 -30.500
v -2.500 10.500 -29.500
v 1.500 10.500 -29.500
v 3.500 10.500 -29.500
v 8.500 10.500 -29.500
v 6.500 10.500 -29.500
v 8.500 10.500 -30.500
v 11.500 10.500 -29.500
v 9.500 10.500 -29.500
v 9.500 10.500 -30.500
v 3.500 10.500 -28.500
v 7.500 10.500 -27.500
v 7.500 10.500 -29.500
v 1.500 10.500 -27.500
v 3.500 10.500 -27.500
v -2.500 10.500 -27.500
v -2.500 10.500 -25.500
v 7.500 10.500 -25.500
v 9.500 2.500 -33.500
v 9.500 2.500 -35.500
v 7.500 8.500 -37.500
v 4.500 8.500 -37.500
v 11.500 8.500 -37.500
v 9.500 8.500 -37.500
v 3.500 8.500 -37.500
v 9.500 8.500 -35.500
v 7.500 8.500 -35.500
v 7.500 8.500 -31.500
v 3.500 8.500 -29.500
v 0.500 8.500 -28.500
v 0.500 8.500 -29.500
v 3.500 8.500 -28.500
v 1.500 8.500 -28.500
v 1.500 8.500 -29.500
v 0.500 6.500 -37.500
v 5.500 6.500 -37.500
v 1.500 6.500 -35.500
v 7.500 6.500 -35.500
v 3.500 6.500 -35.500
v 5.500 6.500 -31.500
v 5.500 6.500 -33.500
v 7.500 6.500 -31.500
v 9.500 6.500 -29.500
v 1.500 6.500 -29.500
v -2.500 6.500 -27.500
v 11.500 6.500 -27.500
v 11.500 6.500 -26.500
v 9.500 6.500 -27.500
v -4.500 6.500 -25.500
v 11.500 6.500 -24.500
v 1.500 6.500 -25.500
v 9.500 3.500 -35.500
v 9.500 4.500 -35.500
v 7.500 4.500 -35.500
v -1.500 13.500 -35.500
v -0.500 14.500 -35.500
v 1.500 12.500 -35.500
v 1.500 12.500 -31.500
v 1.500 12.500 -29.500
v 1.500 12.500 -27.500
v -0.500 7.500 -37.500
v 7.500 9.500 -37.500
v 11.500 1.500 -37.500
v 11.500 4.500 -37.500
v -0.500 12.500 -33.500
v -0.500 14.500 -33.500
v -0.500 12.500 -29.500
v -0.500 12.500 -27.500
v -2.500 12.500 -33.500
v -2.500 14.500 -33.500
v -2.500 16.500 -29.500
v -2.500 16.500 -27.500
v 0.500 7.500 -29.500
v 1.500 7.500 -29.500
v 7.500 14.500 -29.500
v 9.500 12.500 -29.500
v 9.500 14.500 -29.500
v 8.500 9.500 -29.500
v 9.500 9.500 -29.500
v -1.500 12.500 -31.500
v 7.500 12.500 -31.500
v 9.500 14.500 -31.500
v 9.500 3.500 -33.500
v 7.500 6.500 -33.500
v 9.500 6.500 -33.500
v 11.500 1.500 -36.500
v 11.500 12.500 -31.500
v 11.500 12.500 -28.500
v 11.500 12.500 -27.500
v 7.500 3.500 -34.500
v 7.500 4.500 -33.500
v 7.500 12.500 -30.500
v 7.500 12.500 -29.500
v 7.500 11.500 -27.500
v 7.500 12.500 -27.500
v 7.500 11.500 -26.500
v 7.500 12.500 -25.500
v 9.500 8.500 -36.500
v 9.500 1.500 -35.500
v 9.500 12.500 -27.500
v 3.500 8.500 -27.500
v 5.500 5.500 -33.500
v 1.500 12.500 -33.500
v 1.500 12.500 -32.500
v 11.500 12.500 -29.500
v 9.500 12.500 -25.500
v 1.500 11.500 -27.500
v -1.500 11.500 -27.500
v 8.500 10.500 -27.500
v 9.500 10.500 -27.500
v 9.500 11.500 -27.500
v -20.523 5.500 -37.477
v -21.477 5.500 -36.523
v -21.477 6.500 -36.523
v -20.523 6.500 -37.477
v -21.477 5.500 -37.477
v -20.523 5.500 -36.523
v -20.523 6.500 -36.523
v -21.477 6.500 -37.477
v -21.477 7.500 -36.523
v -20.523 7.500 -37.477
v -20.523 7.500 -36.523
v -21.477 7.500 -37.477
v -26.500 9.500 -36.500
v -26.500 11.500 -36.500
v -26.500 9.500 -35.500
v -26.500 10.500 -35.500
v -26.500 10.500 -36.500
v -26.500 6.500 -34.500
v -26.500 6.500 -33.500
v -26.500 7.500 -33.500
v -26.500 7.500 -34.500
v -26.500 16.500 -34.500
v -26.500 16.500 -33.500
v -26.500 19.500 -33.500
v -26.500 19.500 -34.500
v -26.500 6.500 -30.500
v -26.500 8.500 -30.500
v -26.500 8.500 -33.500
v -26.500 13.500 -32.500
v -26.500 13.500 -31.500
v -26.500 16.500 -31.500
v -26.500 16.500 -32.500
v -26.500 19.500 -32.500
v -26.500 19.500 -31.500
v -26.500 20.500 -31.500
v -26.500 20.500 -32.500
v -26.500 15.500 -31.500
v -26.500 15.500 -30.500
v -26.500 14.500 -30.500
v -26.500 14.500 -31.500
v -26.500 19.500 -29.500
v -26.500 20.500 -29.500
v -26.500 16.500 -30.500
v -26.500 12.500 -30.500
v -26.500 12.500 -29.500
v -26.500 11.500 -29.500
v -26.500 11.500 -30.500
v -26.500 13.500 -29.500
v -26.500 13.500 -30.500
v -26.500 16.500 -29.500
v -26.500 17.500 -29.500
v -26.500 17.500 -30.500
v -26.500 14.500 -29.500
v -26.500 14.500 -28.500
v -26.500 13.500 -28.500
v -26.500 18.500 -28.500
v -26.500 18.500 -29.500
v -26.500 20.500 -28.500
v -26.500 11.500 -28.500
v -26.500 11.500 -27.500
v -26.500 10.500 -27.500
v -26.500 10.500 -28.500
v -26.500 12.500 -27.500
v -26.500 12.500 -28.500
v -26.500 15.500 -27.500
v -26.500 15.500 -28.500
v -26.500 14.500 -27.500
v -26.500 18.500 -27.500
v -26.500 19.500 -27.500
v -26.500 19.500 -28.500
v -26.500 12.500 -26.500
v -26.500 11.500 -26.500
v -26.500 11.500 -25.500
v -26.500 12.500 -25.500
v -26.500 17.500 -26.500
v -26.500 17.500 -25.500
v -26.500 18.500 -25.500
v -26.500 18.500 -26.500
v -26.500 17.500 -24.500
v -26.500 18.500 -24.500
v -26.500 14.500 -22.500
v -26.500 14.500 -23.500
v -26.500 17.500 -23.500
v -26.500 17.500 -22.500
v -30.500 14.500 -23.500
v -29.500 14.500 -23.500
v -29.500 17.500 -23.500
v -30.500 17.500 -23.500
v -28.500 13.500 -23.500
v -27.500 13.500 -23.500
v -27.500 14.500 -23.500
v -28.500 14.500 -23.500
v -28.500 17.500 -23.500
v -27.500 17.500 -23.500
v -27.500 18.500 -23.500
v -28.500 18.500 -23.500
v -25.500 14.500 -23.500
v -25.500 17.500 -23.500
v -35.500 6.500 -23.500
v -35.500 7.500 -23.500
v -25.500 11.500 -36.500
v -25.500 11.500 -38.500
v -22.500 11.500 -36.500
v -21.500 11.500 -36.500
v -22.500 11.500 -38.500
v -21.500 11.500 -37.500
v -34.500 11.500 -36.500
v -33.500 11.500 -36.500
v -33.500 11.500 -37.500
v -34.500 11.500 -37.500
v -25.500 11.500 -35.500
v -22.500 11.500 -35.500
v -32.500 11.500 -34.500
v -31.500 11.500 -34.500
v -31.500 11.500 -35.500
v -32.500 11.500 -35.500
v -22.500 11.500 -34.500
v -21.500 11.500 -34.500
v -21.500 11.500 -35.500
v -23.500 11.500 -33.500
v -20.500 11.500 -33.500
v -20.500 11.500 -34.500
v -23.500 11.500 -34.500
v -22.500 11.500 -32.500
v -21.500 11.500 -32.500
v -21.500 11.500 -33.500
v -22.500 11.500 -33.500
v -35.500 11.500 -29.500
v -35.500 11.500 -30.500
v -28.500 11.500 -29.500
v -28.500 11.500 -30.500
v -22.500 11.500 -29.500
v -21.500 11.500 -29.500
v -21.500 11.500 -30.500
v -22.500 11.500 -30.500
v -34.500 11.500 -28.500
v -34.500 11.500 -29.500
v -28.500 11.500 -28.500
v -29.500 11.500 -28.500
v -29.500 11.500 -29.500
v -27.500 11.500 -28.500
v -27.500 11.500 -29.500
v -23.500 11.500 -28.500
v -20.500 11.500 -28.500
v -20.500 11.500 -29.500
v -23.500 11.500 -29.500
v -35.500 11.500 -27.500
v -34.500 11.500 -27.500
v -35.500 11.500 -28.500
v -27.500 11.500 -27.500
v -25.500 11.500 -27.500
v -25.500 11.500 -28.500
v -22.500 11.500 -27.500
v -21.500 11.500 -27.500
v -21.500 11.500 -28.500
v -22.500 11.500 -28.500
v -34.500 11.500 -25.500
v -27.500 11.500 -26.500
v -25.500 11.500 -26.500
v -24.500 11.500 -26.500
v -24.500 11.500 -27.500
v -25.500 11.500 -25.500
v -30.500 5.500 -37.500
v -24.500 5.500 -37.500
v -24.500 5.500 -38.500
v -23.500 5.500 -37.500
v -23.500 5.500 -38.500
v -30.500 5.500 -36.500
v -20.500 5.500 -36.500
v -29.500 5.500 -34.500
v -20.500 5.500 -34.500
v -29.500 5.500 -36.500
v -28.500 5.500 -33.500
v -22.500 5.500 -33.500
v -22.500 5.500 -34.500
v -28.500 5.500 -34.500
v -21.500 5.500 -33.500
v -21.500 5.500 -34.500
v -29.500 5.500 -32.500
v -29.500 5.500 -33.500
v -30.500 5.500 -31.500
v -24.500 5.500 -31.500
v -24.500 5.500 -32.500
v -30.500 5.500 -32.500
v -23.500 5.500 -31.500
v -23.500 5.500 -32.500
v -30.500 5.500 -30.500
v -30.500 5.500 -29.500
v -29.500 5.500 -29.500
v -29.500 5.500 -30.500
v -28.500 5.500 -29.500
v -28.500 5.500 -30.500
v -31.500 5.500 -28.500
v -22.500 5.500 -28.500
v -22.500 5.500 -29.500
v -31.500 5.500 -29.500
v -21.500 5.500 -28.500
v -21.500 5.500 -29.500
v -24.500 9.500 -37.500
v -26.500 9.500 -37.500
v -24.500 9.500 -38.500
v -21.500 9.500 -37.500
v -23.500 9.500 -37.500
v -23.500 9.500 -38.500
v -22.500 9.500 -37.500
v -30.500 9.500 -36.500
v -29.500 9.500 -36.500
v -29.500 9.500 -37.500
v -30.500 9.500 -37.500
v -21.500 9.500 -35.500
v -23.500 9.500 -35.500
v -21.500 9.500 -36.500
v -23.500 9.500 -36.500
v -35.500 9.500 -33.500
v -35.500 9.500 -34.500
v -22.500 9.500 -33.500
v -21.500 9.500 -33.500
v -21.500 9.500 -34.500
v -22.500 9.500 -34.500
v -33.500 9.500 -32.500
v -34.500 9.500 -32.500
v -34.500 9.500 -33.500
v -33.500 9.500 -33.500
v -30.500 9.500 -32.500
v -29.500 9.500 -32.500
v -29.500 9.500 -33.500
v -30.500 9.500 -33.500
v -24.500 9.500 -31.500
v -23.500 9.500 -31.500
v -23.500 9.500 -32.500
v -24.500 9.500 -32.500
v -23.500 9.500 -30.500
v -20.500 9.500 -31.500
v -35.500 9.500 -29.500
v -35.500 9.500 -30.500
v -24.500 9.500 -29.500
v -22.500 9.500 -29.500
v -22.500 9.500 -30.500
v -24.500 9.500 -30.500
v -34.500 9.500 -25.500
v -34.500 9.500 -29.500
v -24.500 9.500 -27.500
v -23.500 9.500 -27.500
v -23.500 9.500 -29.500
v -24.500 9.500 -26.500
v -20.500 9.500 -26.500
v -20.500 9.500 -27.500
v -36.500 7.500 -35.500
v -31.500 7.500 -35.500
v -23.500 7.500 -35.500
v -23.500 7.500 -36.500
v -20.500 7.500 -36.500
v -36.500 7.500 -34.500
v -32.500 7.500 -34.500
v -32.500 7.500 -35.500
v -22.500 7.500 -34.500
v -24.500 7.500 -34.500
v -24.500 7.500 -35.500
v -22.500 7.500 -35.500
v -20.500 7.500 -34.500
v -21.500 7.500 -34.500
v -21.500 7.500 -35.500
v -31.500 7.500 -32.500
v -31.500 7.500 -34.500
v -25.500 7.500 -33.500
v -25.500 7.500 -34.500
v -21.500 7.500 -30.500
v -21.500 7.500 -33.500
v -20.500 7.500 -33.500
v -36.500 7.500 -31.500
v -32.500 7.500 -31.500
v -32.500 7.500 -32.500
v -36.500 7.500 -30.500
v -34.500 7.500 -30.500
v -34.500 7.500 -31.500
v -22.500 7.500 -28.500
v -24.500 7.500 -28.500
v -24.500 7.500 -29.500
v -22.500 7.500 -29.500
v -21.500 7.500 -26.500
v -24.500 7.500 -26.500
v -21.500 7.500 -28.500
v -20.500 6.500 -33.500
v -20.500 6.500 -34.500
v -20.500 10.500 -33.500
v -20.500 10.500 -34.500
v -20.500 7.500 -31.500
v -20.500 10.500 -31.500
v -20.500 9.500 -29.500
v -20.500 10.500 -30.500
v -20.500 10.500 -29.500
v -33.500 10.500 -34.500
v -32.500 10.500 -34.500
v -32.500 12.500 -34.500
v -33.500 12.500 -34.500
v -31.500 10.500 -34.500
v -30.500 10.500 -34.500
v -30.500 12.500 -34.500
v -31.500 12.500 -34.500
v -35.500 10.500 -34.500
v -29.500 6.500 -34.500
v -28.500 6.500 -34.500
v -22.500 6.500 -34.500
v -23.500 16.500 -34.500
v -23.500 19.500 -34.500
v -25.500 8.500 -34.500
v -24.500 8.500 -34.500
v -22.500 10.500 -34.500
v -23.500 10.500 -34.500
v -21.500 6.500 -34.500
v -21.500 10.500 -34.500
v -22.500 11.500 -37.500
v -22.500 13.500 -38.500
v -22.500 13.500 -37.500
v -22.500 8.500 -37.500
v -22.500 12.500 -37.500
v -22.500 12.500 -36.500
v -22.500 10.500 -35.500
v -22.500 10.500 -36.500
v -22.500 6.500 -35.500
v -22.500 16.500 -31.500
v -22.500 16.500 -33.500
v -22.500 19.500 -33.500
v -22.500 19.500 -31.500
v -22.500 10.500 -33.500
v -22.500 10.500 -32.500
v -22.500 13.500 -30.500
v -22.500 13.500 -31.500
v -22.500 19.500 -30.500
v -22.500 13.500 -29.500
v -22.500 16.500 -30.500
v -22.500 16.500 -29.500
v -22.500 13.500 -28.500
v -22.500 18.500 -29.500
v -22.500 18.500 -28.500
v -22.500 10.500 -28.500
v -22.500 10.500 -29.500
v -22.500 15.500 -26.500
v -22.500 15.500 -28.500
v -22.500 18.500 -26.500
v -22.500 10.500 -27.500
v -33.500 10.500 -36.500
v -36.500 11.500 -36.500
v -34.500 12.500 -36.500
v -25.500 10.500 -36.500
v -25.500 12.500 -36.500
v -24.500 12.500 -36.500
v -23.500 12.500 -36.500
v -23.500 13.500 -36.500
v -24.500 13.500 -36.500
v -21.500 10.500 -36.500
v -33.500 8.500 -36.500
v -34.500 8.500 -36.500
v -34.500 10.500 -36.500
v -31.500 10.500 -36.500
v -32.500 10.500 -36.500
v -32.500 12.500 -36.500
v -31.500 12.500 -36.500
v -30.500 6.500 -36.500
v -29.500 6.500 -36.500
v -30.500 10.500 -36.500
v -29.500 10.500 -36.500
v -23.500 8.500 -36.500
v -21.500 8.500 -36.500
v -24.500 12.500 -37.500
v -24.500 12.500 -38.500
v -24.500 13.500 -37.500
v -24.500 10.500 -34.500
v -24.500 10.500 -35.500
v -24.500 8.500 -32.500
v -24.500 10.500 -32.500
v -24.500 15.500 -32.500
v -24.500 15.500 -33.500
v -24.500 16.500 -33.500
v -24.500 16.500 -32.500
v -24.500 19.500 -32.500
v -24.500 19.500 -33.500
v -24.500 20.500 -33.500
v -24.500 20.500 -32.500
v -24.500 16.500 -31.500
v -24.500 15.500 -31.500
v -24.500 12.500 -30.500
v -24.500 12.500 -31.500
v -24.500 13.500 -31.500
v -24.500 13.500 -30.500
v -24.500 19.500 -30.500
v -24.500 19.500 -31.500
v -24.500 20.500 -31.500
v -24.500 20.500 -30.500
v -24.500 8.500 -31.500
v -24.500 8.500 -30.500
v -24.500 10.500 -30.500
v -24.500 10.500 -31.500
v -24.500 13.500 -29.500
v -24.500 12.500 -29.500
v -24.500 8.500 -29.500
v -24.500 12.500 -28.500
v -24.500 13.500 -28.500
v -24.500 18.500 -28.500
v -24.500 18.500 -29.500
v -24.500 19.500 -29.500
v -24.500 19.500 -28.500
v -24.500 15.500 -28.500
v -24.500 15.500 -27.500
v -24.500 14.500 -27.500
v -24.500 14.500 -28.500
v -24.500 12.500 -27.500
v -24.500 12.500 -26.500
v -24.500 18.500 -26.500
v -24.500 18.500 -27.500
v -24.500 19.500 -27.500
v -24.500 19.500 -26.500
v -24.500 12.500 -24.500
v -24.500 12.500 -25.500
v -24.500 15.500 -25.500
v -24.500 15.500 -24.500
v -25.500 13.500 -38.500
v -23.500 12.500 -38.500
v -34.500 6.500 -30.500
v -35.500 8.500 -30.500
v -35.500 10.500 -30.500
v -27.500 15.500 -30.500
v -27.500 14.500 -30.500
v -27.500 16.500 -30.500
v -27.500 17.500 -30.500
v -25.500 6.500 -30.500
v -25.500 8.500 -30.500
v -25.500 15.500 -30.500
v -25.500 16.500 -30.500
v -25.500 19.500 -30.500
v -25.500 20.500 -30.500
v -23.500 10.500 -30.500
v -23.500 16.500 -30.500
v -23.500 19.500 -30.500
v -29.500 16.500 -30.500
v -30.500 16.500 -30.500
v -30.500 17.500 -30.500
v -29.500 17.500 -30.500
v -29.500 20.500 -30.500
v -30.500 20.500 -30.500
v -30.500 21.500 -30.500
v -29.500 21.500 -30.500
v -28.500 17.500 -30.500
v -28.500 12.500 -30.500
v -28.500 14.500 -30.500
v -28.500 15.500 -30.500
v -28.500 16.500 -30.500
v -27.500 20.500 -30.500
v -28.500 20.500 -30.500
v -28.500 21.500 -30.500
v -27.500 21.500 -30.500
v -23.500 12.500 -30.500
v -23.500 13.500 -30.500
v -22.500 10.500 -30.500
v -21.500 10.500 -30.500
v -21.500 6.500 -30.500
v -30.500 10.500 -32.500
v -34.500 10.500 -32.500
v -33.500 8.500 -32.500
v -29.500 8.500 -32.500
v -32.500 6.500 -32.500
v -31.500 6.500 -32.500
v -29.500 6.500 -32.500
v -30.500 6.500 -32.500
v -21.500 10.500 -32.500
v -27.500 17.500 -32.500
v -30.500 17.500 -32.500
v -30.500 20.500 -32.500
v -27.500 20.500 -32.500
v -23.500 13.500 -32.500
v -26.500 15.500 -32.500
v -23.500 15.500 -32.500
v -25.500 15.500 -32.500
v -25.500 16.500 -32.500
v -25.500 19.500 -32.500
v -25.500 20.500 -32.500
v -25.500 8.500 -32.500
v -25.500 10.500 -32.500
v -23.500 16.500 -32.500
v -23.500 19.500 -32.500
v -23.500 20.500 -32.500
v -28.500 21.500 -31.500
v -29.500 21.500 -31.500
v -30.500 21.500 -29.500
v -27.500 21.500 -29.500
v -29.500 21.500 -28.500
v -28.500 21.500 -28.500
v -28.500 21.500 -29.500
v -29.500 21.500 -29.500
v -27.500 17.500 -31.500
v -30.500 17.500 -31.500
v -31.500 17.500 -30.500
v -31.500 17.500 -31.500
v -29.500 17.500 -31.500
v -28.500 17.500 -31.500
v -30.500 17.500 -29.500
v -31.500 17.500 -29.500
v -29.500 17.500 -29.500
v -28.500 17.500 -29.500
v -27.500 17.500 -29.500
v -29.500 17.500 -28.500
v -31.500 17.500 -28.500
v -27.500 17.500 -28.500
v -28.500 17.500 -28.500
v -27.500 17.500 -27.500
v -30.500 17.500 -27.500
v -30.500 17.500 -28.500
v -29.500 17.500 -26.500
v -27.500 17.500 -26.500
v -29.500 17.500 -27.500
v -30.500 17.500 -25.500
v -28.500 17.500 -25.500
v -28.500 17.500 -26.500
v -30.500 17.500 -26.500
v -27.500 17.500 -25.500
v -30.500 17.500 -24.500
v -29.500 17.500 -24.500
v -29.500 17.500 -25.500
v -25.500 17.500 -24.500
v -25.500 17.500 -25.500
v -28.500 17.500 -24.500
v -27.500 17.500 -24.500
v -29.500 17.500 -22.500
v -23.500 19.500 -33.500
v -27.500 19.500 -32.500
v -25.500 19.500 -33.500
v -27.500 19.500 -33.500
v -22.500 19.500 -32.500
v -27.500 19.500 -31.500
v -23.500 19.500 -31.500
v -26.500 19.500 -30.500
v -25.500 19.500 -31.500
v -23.500 19.500 -29.500
v -25.500 19.500 -28.500
v -25.500 19.500 -29.500
v -23.500 19.500 -27.500
v -23.500 19.500 -28.500
v -25.500 19.500 -26.500
v -25.500 19.500 -27.500
v -35.500 13.500 -37.500
v -34.500 13.500 -37.500
v -25.500 13.500 -37.500
v -23.500 13.500 -37.500
v -23.500 13.500 -31.500
v -25.500 13.500 -30.500
v -27.500 13.500 -30.500
v -27.500 13.500 -31.500
v -25.500 13.500 -31.500
v -27.500 13.500 -29.500
v -23.500 13.500 -29.500
v -28.500 13.500 -28.500
v -28.500 13.500 -29.500
v -35.500 13.500 -27.500
v -35.500 13.500 -28.500
v -29.500 13.500 -27.500
v -28.500 13.500 -27.500
v -29.500 13.500 -28.500
v -28.500 13.500 -26.500
v -27.500 13.500 -26.500
v -27.500 13.500 -27.500
v -27.500 13.500 -24.500
v -28.500 13.500 -24.500
v -29.500 13.500 -24.500
v -29.500 13.500 -25.500
v -28.500 13.500 -25.500
v -25.500 15.500 -33.500
v -25.500 15.500 -31.500
v -27.500 15.500 -31.500
v -28.500 15.500 -29.500
v -27.500 15.500 -29.500
v -28.500 15.500 -27.500
v -27.500 15.500 -27.500
v -27.500 15.500 -28.500
v -28.500 15.500 -28.500
v -23.500 15.500 -26.500
v -23.500 15.500 -28.500
v -25.500 15.500 -24.500
v -25.500 15.500 -25.500
v -29.500 8.500 -36.500
v -29.500 8.500 -37.500
v -29.500 8.500 -33.500
v -29.500 10.500 -33.500
v -29.500 6.500 -33.500
v -29.500 16.500 -31.500
v -29.500 20.500 -31.500
v -29.500 12.500 -28.500
v -29.500 12.500 -29.500
v -29.500 16.500 -29.500
v -29.500 16.500 -28.500
v -29.500 20.500 -29.500
v -29.500 20.500 -28.500
v -29.500 12.500 -27.500
v -29.500 14.500 -27.500
v -29.500 14.500 -26.500
v -29.500 14.500 -24.500
v -29.500 14.500 -25.500
v -29.500 18.500 -24.500
v -29.500 18.500 -25.500
v -29.500 14.500 -22.500
v -31.500 6.500 -35.500
v -31.500 10.500 -35.500
v -31.500 12.500 -35.500
v -31.500 6.500 -34.500
v -31.500 10.500 -33.500
v -31.500 12.500 -33.500
v -31.500 20.500 -28.500
v -31.500 20.500 -31.500
v -31.500 6.500 -29.500
v -28.500 14.500 -24.500
v -28.500 18.500 -24.500
v -27.500 14.500 -24.500
v -27.500 12.500 -24.500
v -24.500 14.500 -24.500
v -27.500 18.500 -24.500
v -25.500 14.500 -24.500
v -28.500 12.500 -26.500
v -27.500 12.500 -26.500
v -27.500 18.500 -26.500
v -25.500 12.500 -26.500
v -25.500 18.500 -26.500
v -21.500 8.500 -26.500
v -24.500 8.500 -26.500
v -23.500 18.500 -26.500
v -30.500 14.500 -26.500
v -28.500 14.500 -26.500
v -27.500 14.500 -26.500
v -28.500 18.500 -26.500
v -35.500 14.500 -37.500
v -35.500 10.500 -33.500
v -35.500 8.500 -33.500
v -30.500 20.500 -28.500
v -28.500 12.500 -28.500
v -28.500 16.500 -28.500
v -28.500 20.500 -28.500
v -28.500 10.500 -28.500
v -27.500 10.500 -28.500
v -28.500 14.500 -28.500
v -27.500 18.500 -28.500
v -27.500 20.500 -28.500
v -23.500 10.500 -28.500
v -23.500 13.500 -28.500
v -21.500 10.500 -28.500
v -27.500 12.500 -28.500
v -27.500 13.500 -28.500
v -27.500 14.500 -28.500
v -25.500 12.500 -28.500
v -25.500 18.500 -28.500
v -23.500 12.500 -28.500
v -23.500 18.500 -28.500
v -33.500 10.500 -37.500
v -33.500 12.500 -37.500
v -33.500 8.500 -37.500
v -33.500 10.500 -35.500
v -33.500 12.500 -35.500
v -33.500 8.500 -33.500
v -25.500 11.500 -37.500
v -25.500 12.500 -37.500
v -25.500 10.500 -35.500
v -25.500 8.500 -33.500
v -25.500 16.500 -33.500
v -25.500 20.500 -33.500
v -25.500 8.500 -31.500
v -25.500 10.500 -31.500
v -25.500 16.500 -31.500
v -25.500 12.500 -31.500
v -25.500 12.500 -30.500
v -25.500 20.500 -31.500
v -25.500 6.500 -29.500
v -25.500 8.500 -29.500
v -25.500 18.500 -29.500
v -25.500 12.500 -27.500
v -25.500 18.500 -27.500
v -25.500 12.500 -25.500
v -27.500 16.500 -33.500
v -27.500 16.500 -32.500
v -27.500 20.500 -31.500
v -27.500 16.500 -31.500
v -27.500 14.500 -29.500
v -27.500 14.500 -31.500
v -27.500 16.500 -29.500
v -27.500 20.500 -29.500
v -27.500 10.500 -29.500
v -27.500 12.500 -29.500
v -27.500 18.500 -27.500
v -27.500 20.500 -27.500
v -27.500 10.500 -27.500
v -27.500 12.500 -27.500
v -27.500 18.500 -25.500
v -27.500 12.500 -25.500
v -27.500 13.500 -25.500
v -30.500 10.500 -37.500
v -21.500 10.500 -37.500
v -34.500 10.500 -35.500
v -32.500 10.500 -35.500
v -29.500 10.500 -35.500
v -21.500 10.500 -35.500
v -34.500 10.500 -34.500
v -29.500 10.500 -34.500
v -30.500 10.500 -35.500
v -34.500 10.500 -33.500
v -32.500 10.500 -33.500
v -24.500 10.500 -33.500
v -23.500 10.500 -33.500
v -30.500 10.500 -33.500
v -21.500 10.500 -33.500
v -23.500 10.500 -31.500
v -21.500 10.500 -29.500
v -28.500 10.500 -29.500
v -23.500 10.500 -27.500
v -21.500 10.500 -27.500
v -20.500 8.500 -37.500
v -21.500 8.500 -37.500
v -29.500 8.500 -35.500
v -34.500 8.500 -35.500
v -32.500 8.500 -34.500
v -34.500 8.500 -34.500
v -32.500 8.500 -35.500
v -29.500 8.500 -34.500
v -31.500 8.500 -34.500
v -31.500 8.500 -35.500
v -34.500 8.500 -33.500
v -24.500 8.500 -33.500
v -26.500 8.500 -32.500
v -26.500 8.500 -31.500
v -21.500 8.500 -25.500
v -31.500 6.500 -36.500
v -21.500 6.500 -35.500
v -31.500 6.500 -33.500
v -28.500 6.500 -33.500
v -22.500 6.500 -33.500
v -21.500 6.500 -33.500
v -21.500 6.500 -32.500
v -26.500 6.500 -32.500
v -32.500 6.500 -31.500
v -30.500 6.500 -31.500
v -24.500 6.500 -31.500
v -26.500 6.500 -31.500
v -24.500 6.500 -32.500
v -21.500 6.500 -31.500
v -23.500 6.500 -31.500
v -23.500 6.500 -32.500
v -30.500 6.500 -30.500
v -34.500 6.500 -31.500
v -36.500 6.500 -29.500
v -30.500 6.500 -29.500
v -20.500 6.500 -29.500
v -21.500 6.500 -25.500
v -21.500 6.500 -29.500
v -32.500 12.500 -35.500
v -30.500 12.500 -35.500
v -24.500 9.500 -35.500
v -34.500 12.500 -37.500
v -36.500 14.500 -37.500
v -23.500 12.500 -37.500
v -33.500 9.500 -37.500
v -21.500 6.500 -28.500
v -21.500 6.500 -26.500
v -23.500 16.500 -33.500
v -23.500 16.500 -31.500
v -23.500 20.500 -31.500
v -23.500 12.500 -29.500
v -23.500 16.500 -29.500
v -23.500 9.500 -28.500
v -23.500 12.500 -26.500
v -23.500 18.500 -27.500
v -23.500 12.500 -25.500
v -23.500 18.500 -25.500
v -30.500 16.500 -29.500
v -30.500 20.500 -29.500
v -28.500 12.500 -29.500
v -28.500 14.500 -29.500
v -28.500 16.500 -29.500
v -28.500 20.500 -29.500
v -22.500 6.500 -29.500
v -25.500 7.500 -29.500
v -23.500 18.500 -29.500
v -30.500 20.500 -31.500
v -28.500 16.500 -31.500
v -28.500 20.500 -31.500
v -32.500 12.500 -33.500
v -22.500 18.500 -27.500
v -28.500 18.500 -25.500
v -31.500 20.500 -30.500
v -26.500 20.500 -30.500
v -31.500 20.500 -29.500
v -30.500 20.500 -27.500
v -28.500 14.500 -27.500
v -28.500 14.500 -25.500
v -30.500 14.500 -25.500
v -30.500 14.500 -24.500
v -22.500 16.500 -32.500
v -28.500 12.500 -27.500
v -28.500 12.500 -25.500
v -23.500 12.500 -27.500
v -23.500 17.500 -25.500
v -23.500 15.500 -25.500
v -29.500 15.500 -27.500

usemtl minecraft_block-diorite

f 117/1 118/2 119/7 120/8
f 139/1 140/2 141/7 142/8
f 166/1 167/2 168/7 169/8
f 179/1 166/2 169/7 180/8
f 118/1 139/2 142/7 119/8
f 140/1 3985/2 3768/7 141/8

usemtl minecraft_block-stone

f 178/1 179/2 180/7 181/8
f 885/1 886/2 887/7 803/8
f 888/1 889/2 890/3 887/4
f 828/1 831/5 830/9 890/8
f 831/1 841/2 895/3 896/4
f 850/1 863/10 897/11 895/8
f 931/1 932/5 933/9 934/8
f 935/1 940/10 941/61 942/4
f 1093/22 1090/2 1092/7 1094/40
f 895/59 833/2 1091/7 896/67
f 1095/32 843/2 837/7 895/33
f 897/68 861/55 844/7 1095/40
f 803/1 804/2 791/7 874/8
f 1216/1 888/2 886/7 1217/8
f 889/1 931/2 934/7 828/8
f 817/1 1229/2 1089/7 1086/8
f 1236/1 823/2 1094/7 1087/8
f 829/1 830/2 896/7 1093/8
f 833/1 837/5 1063/9 1062/8
f 841/1 842/2 942/7 850/8
f 843/1 844/2 1065/7 1060/8
f 890/48 817/55 804/7 803/8
f 1261/22 1236/2 1229/7 890/40
f 830/1 829/2 823/7 1261/8
f 941/50 863/72 850/7 942/8
f 1217/1 886/2 885/7 1262/8
f 842/50 841/72 828/7 934/8
f 837/1 843/2 1060/7 1063/8
f 1229/1 1236/2 1087/7 1089/8
f 844/1 861/5 1064/9 1065/8
f 804/1 817/5 1086/9 791/8
f 823/1 829/2 1093/7 1094/8
f 863/1 3028/14 3027/15 897/8
f 3053/1 3050/2 3106/7 3034/8
f 3070/1 3068/2 3110/7 3050/8
f 3115/1 3116/2 3117/7 3068/8
f 940/1 3181/21 3182/36 941/4
f 3005/1 3030/21 3029/20 3182/8
f 3030/1 3037/2 3189/3 3190/4
f 3037/1 3054/2 3198/7 3052/8
f 3201/1 3202/2 3203/7 3054/8
f 3206/1 3207/46 3208/47 3209/8
f 3254/68 2975/55 861/7 897/40
f 3255/81 3008/82 2976/7 3254/8
f 3116/59 3324/2 3325/7 3117/67
f 3077/22 3325/2 3326/7 3327/40
f 3063/32 3074/2 3257/7 3256/33
f 3068/32 3080/2 3076/7 3110/33
f 3202/1 3115/2 3068/7 3203/8
f 3029/101 3028/102 863/7 941/8
f 3198/1 3050/2 3053/7 3052/8
f 3110/22 3063/2 3066/7 3050/40
f 3327/22 3326/2 3074/7 3076/40
f 3208/103 3054/104 3005/7 3209/8
f 3203/1 3068/2 3070/7 3054/8
f 3117/32 3077/2 3080/7 3068/33
f 3080/1 3077/2 3327/7 3076/8
f 861/1 2975/5 3245/9 1064/8
f 3066/1 3063/2 3256/7 3045/8
f 2976/1 3008/21 3467/20 3247/8
f 2975/1 2976/2 3247/7 3245/8
f 3181/1 3206/2 3209/7 3005/8
f 3052/1 3053/2 3034/7 3189/8
f 3028/1 3029/2 3190/7 3027/8
f 3050/22 3066/2 3045/7 3106/40
f 3054/1 3070/2 3050/7 3198/8
f 3207/1 3201/2 3054/7 3208/8
f 4066/1 4065/2 4280/7 4281/8
f 4967/1 4968/2 5146/7 4970/8
f 5182/22 5183/2 5184/3 5185/23
f 5018/22 5005/2 5185/7 5194/40
f 5308/1 5309/5 4948/9 5310/8
f 4968/1 4952/10 4954/11 5146/8
f 4954/1 4955/2 5312/7 4979/8
f 4988/1 833/2 1062/7 5160/8
f 4946/1 4945/2 5301/7 1218/8
f 4952/22 4948/2 5370/7 4953/40
f 4967/1 4966/2 5310/7 4968/8
f 5018/48 5017/55 5371/7 5005/8
f 4946/1 1218/2 5419/7 5420/8
f 5309/1 5501/2 5370/7 4948/8
f 4971/1 4972/2 5311/7 4974/8
f 5509/1 5308/2 5310/7 4966/8
f 4982/1 4983/2 5510/7 5511/8
f 4978/22 4974/2 5311/7 4979/40
f 833/1 4988/2 4980/7 1091/8
f 5522/22 5523/2 5371/7 5017/40
f 5501/1 5580/46 4945/47 5370/8
f 4953/1 4946/12 5420/13 5581/8
f 5183/1 5509/2 4966/7 5582/8
f 5582/1 4967/5 4970/9 5184/8
f 4983/1 4971/5 4974/9 5510/8
f 4974/1 4978/5 5157/9 5162/8
f 5523/1 5182/2 5005/7 5371/8
f 5017/1 5018/2 5194/7 5594/8
f 4955/1 4954/2 5581/7 5599/8
f 4971/1 4970/2 5146/7 4972/8
f 4982/1 5600/2 5184/7 4983/8
f 4952/1 4953/2 5581/7 4954/8
f 4978/1 4979/2 5158/7 5157/8
f 5580/1 5300/2 5301/7 4945/8
f 4980/1 4988/2 5160/7 5156/8
f 5789/59 5739/2 5976/7 5977/67
f 5720/1 5194/2 5198/7 6020/8
f 5745/22 5727/2 6021/7 6022/40
f 5839/1 5841/2 6090/7 6091/8
f 3324/59 6129/2 5873/7 3325/67
f 5854/1 5873/2 6126/7 6130/8
f 3325/22 5858/2 6131/7 3326/40
f 6135/22 6136/2 6137/7 5742/40
f 5774/32 5742/2 6138/7 6139/33
f 6216/22 6217/2 6218/7 6219/40
f 5841/22 5811/2 6223/7 6090/40
f 5743/48 5742/55 6137/7 5734/8
f 5774/50 5773/72 6260/7 5742/8
f 5793/48 6219/55 6218/7 5773/8
f 5841/50 5839/72 6261/7 6219/8
f 6266/22 6267/2 5865/7 5878/40
f 6217/1 6357/2 5773/7 6218/8
f 5773/1 5774/2 6139/7 6360/8
f 6368/1 6216/2 6219/7 6261/8
f 6381/22 6368/2 6261/7 6264/40
f 6388/1 6389/2 5865/7 6267/8
f 6423/1 6020/2 5198/7 6424/8
f 5747/22 6022/2 6425/7 5739/40
f 6426/1 6427/2 6428/7 6022/8
f 5763/1 6429/2 6430/7 5747/8
f 5770/32 6431/2 6427/7 5763/33
f 5789/48 6435/55 6434/7 5770/8
f 6436/1 6437/2 6433/7 6438/8
f 6441/22 6439/2 6436/7 5789/40
f 6443/32 6442/2 5799/7 5805/33
f 6030/1 6444/2 6440/7 6439/8
f 6447/22 6448/2 6446/7 6442/40
f 6451/1 6449/2 6450/7 6452/8
f 6458/22 5522/2 5594/3 6459/23
f 5743/22 5734/2 6459/7 5744/40
f 5787/42 5744/2 6428/7 6437/71
f 6491/1 6381/2 6264/7 6263/8
f 5828/1 5851/2 6495/7 6455/8
f 3074/22 5863/2 6497/7 3257/40
f 6357/32 6498/2 6260/7 5773/33
f 5793/22 5773/2 6360/7 6502/40
f 6389/1 6518/2 6262/7 5865/8
f 5878/22 5865/2 6386/7 6520/40
f 5720/1 6523/2 5594/7 5194/8
f 5745/48 5744/55 6459/7 5727/8
f 5776/50 6139/72 6138/7 5744/8
f 5787/22 6524/2 6360/7 5776/40
f 6525/1 6502/2 6524/7 6526/8
f 6520/50 6527/72 6223/7 6505/8
f 6293/1 5828/2 5831/7 5830/8
f 6126/1 6529/2 5851/7 5828/8
f 3326/22 6131/2 5863/7 3074/40
f 5831/1 5828/2 6455/7 6451/8
f 6129/1 6521/2 6265/7 5873/8
f 6136/1 6458/2 5734/7 6137/8
f 6498/1 6135/2 5742/7 6260/8
f 5742/1 5743/2 5744/7 6138/8
f 5744/1 5745/2 6022/7 6428/8
f 5805/32 5799/2 6546/7 6547/33
f 5830/1 5831/2 6451/7 6550/8
f 6745/1 6744/2 6746/7 6747/8
f 7320/1 7321/2 7322/7 7323/8
f 7747/1 7748/2 7749/7 7745/8
f 7790/22 7791/2 7792/7 7793/40
f 7799/1 7747/2 7745/7 7800/8
f 7800/1 7745/2 7744/7 7836/8
f 7966/1 7799/2 7800/7 7836/8
f 7967/1 7790/2 7793/7 7968/8
f 7748/1 7967/2 7968/7 7749/8
f 7975/1 7966/5 7836/9 7976/8
f 9011/1 9012/2 9013/3 8888/4
f 9014/1 9015/2 9016/7 9017/8
f 9076/1 8893/2 8896/7 9077/8
f 9146/1 9014/2 9017/7 9075/8
f 9012/1 9251/2 9252/3 9013/4
f 8896/1 8893/2 9253/7 9252/8
f 9400/1 9401/2 9402/3 9403/4
f 9401/1 9471/2 9472/3 9402/4
f 9251/1 9487/2 9077/7 8896/8
f 9015/1 6491/2 6263/7 9016/8
f 9487/1 9524/2 9076/7 9077/8
f 9408/1 9557/2 9558/7 9559/8
f 9471/1 9011/2 8888/3 9472/4
f 9557/1 9400/2 9569/7 9558/8
f 10217/1 10006/2 10220/3 10218/4
f 10549/1 10550/2 10551/3 10552/4
f 10553/1 10549/2 10554/7 10555/8
f 7791/1 10553/2 10555/7 7792/8
f 10550/1 10921/2 10922/7 10923/8
f 10921/1 7975/2 7976/7 10922/8
f 14533/1 14534/2 14535/7 14536/8

usemtl minecraft_block-water_still

f 537/1 538/10 539/11 540/8
f 541/1 542/44 543/45 544/8
f 545/1 546/46 547/47 541/8
f 548/48 549/49 546/45 550/8
f 791/1 792/2 793/7 794/8
f 795/1 796/2 797/7 798/8
f 796/1 799/2 800/7 797/8
f 801/1 802/2 803/7 804/8
f 805/1 806/2 807/7 808/8
f 809/1 810/2 811/7 812/8
f 810/1 813/2 814/7 811/8
f 813/1 815/2 816/7 814/8
f 817/1 818/2 802/7 801/8
f 819/1 820/2 809/7 821/8
f 820/1 822/2 810/7 809/8
f 823/1 824/2 818/7 817/8
f 825/1 826/2 827/7 828/8
f 829/1 830/2 824/7 823/8
f 831/1 832/2 826/7 825/8
f 833/1 834/2 835/7 836/8
f 834/1 837/2 838/7 835/8
f 837/1 839/2 840/7 838/8
f 841/1 842/2 832/7 831/8
f 843/1 844/2 839/7 837/8
f 844/1 845/2 846/7 839/8
f 847/1 848/2 849/7 850/8
f 851/1 852/2 845/7 844/8
f 853/1 854/2 848/7 847/8
f 855/1 856/2 857/7 858/8
f 856/1 859/2 860/7 857/8
f 861/1 862/2 852/7 851/8
f 863/1 864/2 854/7 853/8
f 983/48 984/63 549/15 985/8
f 986/48 987/64 984/25 988/8
f 989/1 990/24 991/25 992/8
f 993/1 994/14 995/15 989/8
f 996/1 997/46 998/47 993/8
f 999/1 1000/21 1001/20 996/8
f 1002/1 1003/5 1004/9 999/8
f 1236/1 823/2 817/7 1229/8
f 822/1 1263/2 813/7 810/8
f 836/1 1264/21 1265/20 819/8
f 839/1 1266/5 1267/9 840/8
f 862/50 1268/72 1266/7 846/8
f 1279/1 1280/5 1281/9 1282/8
f 858/1 1283/10 1284/11 1279/8
f 859/1 1285/2 1283/7 860/8
f 2967/1 2968/2 859/7 856/8
f 2969/1 2970/2 862/7 861/8
f 2971/1 2972/2 864/7 863/8
f 2973/1 2974/2 2968/7 2967/8
f 2975/1 2976/2 2970/7 2969/8
f 2976/1 2977/2 2978/7 2970/8
f 2979/1 2980/2 2972/7 2971/8
f 2981/1 2982/2 2974/7 2973/8
f 2983/1 2984/2 2977/7 2976/8
f 2985/1 2986/2 2980/7 2979/8
f 2987/1 2988/2 2981/7 2989/8
f 2988/1 2990/2 2982/7 2981/8
f 2991/1 2992/2 2984/7 2983/8
f 2993/1 2994/2 2986/7 2985/8
f 2995/1 2996/2 2988/7 2987/8
f 2996/1 2997/2 2990/7 2988/8
f 2998/1 2999/2 2992/7 2991/8
f 3000/1 3001/2 2994/7 2993/8
f 3002/1 3003/2 3004/7 3005/8
f 3006/1 3007/2 2997/7 2996/8
f 3008/1 3009/2 2999/7 2998/8
f 3010/1 3011/2 3001/7 3000/8
f 3012/1 3013/2 3003/7 3002/8
f 3014/1 3015/2 3007/7 3006/8
f 3015/1 3016/2 3017/7 3007/8
f 3018/1 3019/2 3009/7 3008/8
f 3020/1 3021/2 3011/7 3010/8
f 3022/1 3023/2 3013/7 3012/8
f 3024/1 3025/2 3016/7 3015/8
f 3026/1 3027/2 3019/7 3018/8
f 3028/1 3029/2 3021/7 3020/8
f 3030/1 3031/2 3023/7 3022/8
f 3032/1 3033/2 3025/7 3024/8
f 3034/1 3035/2 3036/7 3027/8
f 3037/1 3038/2 3031/7 3030/8
f 3039/1 3040/2 3041/7 3042/8
f 3040/1 3043/2 3032/7 3041/8
f 3043/1 3044/2 3033/7 3032/8
f 3045/1 3046/2 3047/7 3048/8
f 3046/1 3049/2 3034/7 3047/8
f 3050/1 3051/2 3052/7 3053/8
f 3054/1 3055/2 3038/7 3037/8
f 3056/1 3057/2 3058/7 3059/8
f 3057/1 3060/2 3061/7 3058/8
f 3060/1 3062/2 3045/7 3061/8
f 3063/1 3064/2 3065/7 3066/8
f 3064/1 3067/2 3050/7 3065/8
f 3068/1 3069/2 3054/7 3070/8
f 3071/1 3072/2 3073/7 3074/8
f 3072/1 3075/2 3076/7 3073/8
f 3077/1 3078/2 3079/7 3080/8
f 3078/1 3081/2 3082/7 3079/8
f 3081/1 3083/2 3068/7 3082/8
f 3225/50 3226/72 3227/7 3228/8
f 3229/48 3230/55 3231/7 3232/8
f 3233/48 3234/52 3235/9 3229/8
f 2970/1 2978/2 1268/7 862/8
f 2974/48 3470/55 1285/7 859/8
f 3007/81 3471/105 3472/9 2974/8
f 3025/48 3473/55 3471/7 3017/8
f 3033/1 3474/5 3475/9 3025/8
f 4945/1 4946/2 1218/7 4947/8
f 4948/1 4949/2 4950/7 4951/8
f 4949/1 4952/2 4953/7 4950/8
f 4954/1 4955/2 4956/7 4957/8
f 4955/1 4958/2 4959/7 4956/8
f 4960/1 4961/2 4962/7 4963/8
f 4961/1 4964/2 4965/7 4962/8
f 4964/1 819/2 821/7 4965/8
f 4966/1 4967/2 4968/7 4969/8
f 4970/1 4971/2 4972/7 4973/8
f 4974/1 4975/2 4976/7 4977/8
f 4975/1 4978/2 4979/7 4976/8
f 4980/1 836/2 819/7 4964/8
f 4981/1 4982/2 4983/7 4984/8
f 4985/1 4986/2 4974/7 4987/8
f 4988/1 833/2 836/7 4980/8
f 4989/1 4990/2 4982/7 4981/8
f 4991/1 4992/2 4985/7 4993/8
f 4992/1 4994/2 4986/7 4985/8
f 4995/1 4996/2 4997/7 4998/8
f 4996/1 4999/2 5000/7 4997/8
f 4999/1 5001/2 5002/7 5000/8
f 5003/1 5004/2 5005/7 5006/8
f 5007/1 5008/2 4990/7 4989/8
f 5009/1 5010/2 4992/7 4991/8
f 5011/1 5012/2 4996/7 4995/8
f 5013/1 5014/2 5001/7 4999/8
f 5014/1 5015/2 5016/7 5001/8
f 5015/1 858/2 1279/7 5016/8
f 5017/1 5018/2 5004/7 5003/8
f 5019/1 5020/2 5010/7 5009/8
f 5021/1 5022/2 5012/7 5011/8
f 5023/1 855/2 858/7 5015/8
f 4993/1 4985/2 4987/7 5388/8
f 5389/1 5019/2 5009/7 5390/8
f 5421/1 5422/21 5423/20 5424/8
f 5425/1 5426/46 5422/47 5427/8
f 5428/1 4995/5 4998/9 5425/8
f 5001/1 1279/5 1282/9 5002/8
f 5429/48 5021/54 4995/11 5430/8
f 5494/1 5495/2 5496/7 5497/8
f 5498/1 5499/10 5500/11 5494/8
f 5648/123 5649/124 5650/115 5651/8
f 5719/1 5720/2 5194/7 5721/8
f 5722/1 5723/2 5020/7 5019/8
f 5724/1 5725/2 5022/7 5021/8
f 5726/1 5727/2 5720/7 5719/8
f 5728/1 5729/2 5723/7 5722/8
f 5730/1 5731/2 5725/7 5724/8
f 5732/1 5733/2 5734/7 5735/8
f 5736/1 5737/2 5727/7 5726/8
f 5738/1 5739/2 5729/7 5728/8
f 5740/1 5741/2 5731/7 5730/8
f 5742/1 5743/2 5733/7 5732/8
f 5744/1 5745/2 5737/7 5736/8
f 5746/1 5747/2 5739/7 5738/8
f 5748/1 5749/2 5741/7 5740/8
f 5749/1 5750/2 5751/7 5741/8
f 5750/1 5752/2 5753/7 5751/8
f 5752/1 5754/2 5755/7 5753/8
f 5754/1 2987/2 2989/7 5755/8
f 5756/1 5757/2 5742/7 5758/8
f 5759/1 5760/2 5744/7 5761/8
f 5762/1 5763/2 5747/7 5746/8
f 5764/1 2995/2 2987/7 5754/8
f 5765/1 5766/2 5757/7 5756/8
f 5767/1 5768/2 5760/7 5759/8
f 5769/1 5770/2 5763/7 5762/8
f 5771/1 5772/2 2995/7 5764/8
f 5773/1 5774/2 5766/7 5765/8
f 5775/1 5776/2 5768/7 5767/8
f 5777/1 5778/2 5770/7 5769/8
f 5779/1 5780/2 5771/7 5781/8
f 5780/1 5782/2 5772/7 5771/8
f 5783/1 5784/2 5773/7 5785/8
f 5786/1 5787/2 5776/7 5775/8
f 5788/1 5789/2 5778/7 5777/8
f 5790/1 5791/2 5780/7 5779/8
f 5792/1 5793/2 5784/7 5783/8
f 5794/1 5795/2 5787/7 5786/8
f 5796/1 5797/2 5789/7 5788/8
f 5797/1 5798/2 5799/7 5789/8
f 5798/1 5800/2 5801/7 5799/8
f 5800/1 5802/2 5803/7 5801/8
f 5802/1 5804/2 5805/7 5803/8
f 5804/1 5806/2 5807/7 5805/8
f 5808/1 5809/2 5791/7 5790/8
f 5810/1 5811/2 5792/7 5812/8
f 5811/1 5813/2 5793/7 5792/8
f 5814/1 5815/2 5795/7 5794/8
f 5816/1 5817/2 5806/7 5804/8
f 5817/1 5818/2 5819/7 5806/8
f 5820/1 5821/2 5809/7 5808/8
f 5821/1 3039/2 3042/7 5809/8
f 5822/1 5823/2 5811/7 5810/8
f 5824/1 5825/2 5815/7 5814/8
f 5825/1 5826/2 5827/7 5815/8
f 5828/1 5829/2 5830/7 5831/8
f 5829/1 5832/2 5833/7 5830/8
f 5834/1 5835/2 5818/7 5817/8
f 5835/1 5836/2 5837/7 5818/8
f 5836/1 3056/2 3059/7 5837/8
f 5838/1 5839/2 5822/7 5840/8
f 5839/1 5841/2 5823/7 5822/8
f 5842/1 5843/2 5826/7 5825/8
f 5843/1 5844/2 5845/7 5826/8
f 5844/1 5846/2 5847/7 5845/8
f 5846/1 5848/2 5849/7 5847/8
f 5848/1 5850/2 5851/7 5849/8
f 5850/1 5852/2 5828/7 5851/8
f 5852/1 5853/2 5829/7 5828/8
f 5854/1 5855/2 5856/7 5857/8
f 5855/1 5858/2 5859/7 5856/8
f 5860/1 5861/2 5862/7 5863/8
f 5861/1 3071/2 3074/7 5862/8
f 5864/1 5865/2 5839/7 5838/8
f 5866/1 5867/2 5868/7 5869/8
f 5867/1 5870/2 5871/7 5868/8
f 5870/1 5872/2 5873/7 5871/8
f 5874/1 5875/2 5876/7 5865/8
f 5875/1 5877/2 5878/7 5876/8
f 5877/1 5879/2 5880/7 5878/8
f 5881/1 5882/2 5883/7 5884/8
f 5882/1 5885/2 5886/7 5883/8
f 5885/1 5887/2 5866/7 5886/8
f 6230/50 5814/72 5775/7 6231/8
f 6232/1 5824/5 5814/9 6233/8
f 6234/1 5842/10 5825/11 6232/8
f 6235/1 6236/44 5846/45 6237/8
f 6238/1 6239/2 6240/7 6241/8
f 6268/81 5746/82 5019/7 5389/8
f 6269/92 5796/118 5746/9 6270/8
f 6271/1 5816/44 5804/45 6269/8
f 6272/1 6273/12 6274/13 6275/8
f 6341/81 5748/128 5021/11 5429/8
f 6342/48 5771/49 5754/45 6341/8
f 6343/48 5790/66 5781/47 6342/8
f 6344/1 5808/2 5790/7 6345/8
f 6408/50 3225/69 3228/20 5498/8
f 6409/48 3233/55 3229/7 6410/8
f 6607/48 6608/64 5651/25 6609/8
f 6610/1 6611/14 6608/15 6612/8
f 6613/1 6614/44 6611/45 6615/8
f 6616/1 6617/12 6614/13 6618/8
f 6619/1 6620/21 6617/20 6621/8
f 6622/48 6623/54 6620/11 6624/8
f 6625/1 6626/5 6623/9 6627/8
f 6628/48 6629/54 6626/11 6630/8
f 6631/50 5648/69 6629/20 6632/8
f 8122/1 8123/21 8124/20 8125/8
f 8126/48 8127/66 8123/47 8128/8
f 8129/1 8130/21 8131/20 8132/8
f 8133/1 8134/44 8127/45 8135/8
f 8136/1 8137/96 8134/97 8138/8
f 8139/48 8140/116 8137/111 8141/8
f 8142/48 8143/75 8140/17 8144/8
f 8145/50 8146/136 8143/27 8147/8
f 8148/81 5651/137 8146/30 8149/8
f 8877/1 8878/2 8879/7 8880/8
f 8881/1 8882/2 8883/7 8884/8
f 8885/1 8886/2 8887/7 8888/8
f 8889/1 8890/2 8882/7 8881/8
f 8891/1 8892/2 8886/7 8885/8
f 8893/1 8894/2 8895/7 8896/8
f 8916/1 5864/2 5838/7 8917/8
f 9432/48 9433/55 9434/7 5650/8
f 9435/1 9436/5 9437/9 9432/8
f 9438/1 9439/10 9440/11 9435/8
f 9441/1 9442/21 9443/20 9438/8
f 9444/1 9445/12 9446/13 9441/8
f 9447/1 9448/46 9449/47 9444/8
f 9450/1 9451/44 9452/45 9447/8
f 9453/48 9454/63 9455/15 9450/8
f 5649/81 9456/140 9457/25 9453/8
f 8123/1 10413/10 10414/11 8124/8
f 10415/1 10416/21 10417/20 8123/8
f 8127/1 10418/12 10419/13 10415/8
f 8134/1 10420/46 10421/47 8127/8
f 10422/48 10423/49 10424/45 8134/8
f 8140/1 10425/14 10426/15 10422/8
f 10427/1 10428/24 10429/25 8140/8
f 8143/1 10430/31 10431/30 10427/8
f 10432/1 10433/26 10434/27 8143/8
f 10435/1 10436/16 10437/17 10432/8
f 8146/1 10438/110 10439/111 10435/8
f 10440/48 10441/132 10442/107 8146/8
f 5651/48 5650/134 10443/115 10440/8
f 8124/1 11811/2 11812/7 11813/8
f 8125/1 8124/21 11813/20 12648/8

usemtl minecraft_block-dirt

f 120/1 119/2 121/28 122/29
f 142/1 141/2 143/18 144/19
f 169/1 168/2 170/18 171/19
f 181/1 180/2 182/18 183/19
f 180/1 169/2 171/18 182/19
f 119/1 142/2 144/18 198/19
f 199/1 181/2 183/18 200/19
f 218/1 219/2 220/7 221/8
f 300/1 307/2 308/7 301/8
f 452/1 453/2 454/7 455/8
f 593/1 594/2 257/7 256/8
f 595/1 596/2 267/7 266/8
f 603/48 455/52 604/9 605/8
f 307/1 335/2 338/7 308/8
f 612/1 611/2 700/7 601/8
f 267/1 596/2 580/7 268/8
f 745/1 248/2 251/7 569/8
f 603/1 755/2 585/7 756/8
f 784/1 603/2 756/7 591/8
f 787/1 452/2 455/7 788/8
f 870/1 793/2 871/7 872/8
f 873/1 803/2 874/7 793/8
f 875/1 876/2 877/7 878/8
f 920/1 921/2 922/7 923/8
f 970/1 971/2 972/7 973/8
f 1038/48 1039/52 788/9 784/8
f 1040/1 1041/10 1039/11 1042/8
f 1043/48 1044/55 1045/7 1046/8
f 1047/1 1048/5 1049/9 1040/8
f 1050/48 1051/54 1048/11 1052/8
f 922/1 1053/5 1054/9 923/8
f 1055/48 798/52 1056/9 1050/8
f 871/1 924/2 922/7 872/8
f 1057/22 795/2 798/7 800/40
f 1058/1 1059/2 808/7 807/8
f 1060/22 1061/2 1062/7 1063/40
f 1064/65 855/55 1061/7 1065/33
f 1066/1 1067/10 1068/11 787/8
f 1069/1 1071/5 611/9 1070/8
f 1072/1 1073/46 1071/47 1066/8
f 1074/1 1075/12 1076/13 1072/8
f 1077/48 1078/66 1075/47 1079/8
f 1080/1 921/10 920/11 1077/8
f 1081/1 793/10 870/11 1082/8
f 874/1 791/2 794/7 793/8
f 1083/1 811/5 1084/9 1085/8
f 1086/32 809/2 812/7 816/33
f 1087/32 1088/2 821/7 1089/33
f 1090/22 1091/2 1088/7 1092/40
f 1076/1 1145/5 1043/9 1046/8
f 1145/1 1078/2 1034/3 1146/4
f 611/1 1073/5 1172/6 588/4
f 1045/1 1044/5 1173/9 1172/8
f 1179/1 873/10 793/11 1081/8
f 793/1 794/2 1180/7 871/8
f 924/1 871/2 875/7 925/8
f 971/22 875/2 878/7 972/40
f 1148/1 1181/2 1117/7 1149/8
f 1085/1 1084/5 798/9 1055/8
f 1207/1 885/10 803/11 1208/8
f 800/22 798/2 1210/7 1036/40
f 876/32 1210/2 1211/7 877/33
f 877/1 1212/2 1201/7 879/8
f 976/1 1213/2 927/7 977/8
f 1215/1 1216/21 1217/20 1218/8
f 1218/1 1219/5 811/6 1083/4
f 795/22 808/2 1220/3 1221/23
f 816/32 812/2 807/7 1057/33
f 809/1 821/2 1059/7 1058/8
f 1204/1 1226/2 1167/7 1163/8
f 855/1 856/2 1256/7 1257/8
f 1082/1 1080/2 1051/7 1056/8
f 921/1 870/2 872/7 922/8
f 1053/1 1260/2 970/7 1032/8
f 1033/22 970/2 973/7 1018/40
f 1019/1 1018/2 1147/7 1174/8
f 1208/1 803/10 873/11 1179/8
f 1219/1 1217/5 1262/9 1207/8
f 812/1 809/2 1058/7 807/8
f 1081/1 1082/2 1056/7 1272/8
f 1208/1 1179/2 1272/3 798/4
f 1219/1 1207/2 1084/3 811/4
f 798/1 795/2 1221/3 1211/4
f 1080/32 1079/2 1049/7 1051/33
f 1074/32 787/2 788/7 1041/33
f 794/1 816/5 1057/9 1180/8
f 1073/1 1076/2 1046/7 1045/8
f 1079/1 1074/2 1041/7 1049/8
f 1044/1 1043/2 1146/7 1173/8
f 1078/32 920/2 923/7 1287/33
f 2852/1 2855/2 2928/7 2929/8
f 2933/1 2852/2 2929/7 2828/8
f 3027/1 3034/2 3100/7 3101/8
f 3236/50 3237/72 1257/7 1256/8
f 3238/48 3239/55 3240/7 3241/8
f 3242/68 3243/55 3239/7 3244/40
f 3245/68 2973/55 856/7 1064/40
f 3246/32 2981/2 2973/7 3247/33
f 3248/98 2995/55 2989/7 3246/71
f 3249/65 3014/55 2996/7 3248/33
f 3250/22 3024/2 3015/7 3249/40
f 3100/32 3032/2 3024/7 3101/33
f 3251/32 3252/2 3042/7 3253/33
f 3027/48 3026/55 3008/7 3255/8
f 3189/1 3034/2 3027/7 3190/8
f 3106/22 3045/2 3048/7 3034/40
f 3256/32 3257/2 3059/7 3045/33
f 856/1 2981/10 3236/11 1256/8
f 2996/1 3014/5 3238/9 3241/8
f 3015/1 3032/5 3242/9 3244/8
f 3048/1 3045/2 3251/7 3253/8
f 3008/1 3026/5 3250/9 3467/8
f 2981/1 2989/2 3237/7 3236/8
f 2995/1 2996/2 3241/7 3240/8
f 3014/1 3015/2 3244/7 3238/8
f 3032/22 3042/2 3243/7 3242/40
f 3034/22 3048/2 3253/7 3100/40
f 3026/1 3027/2 3101/7 3250/8
f 3045/32 3059/2 3252/7 3251/33
f 3652/1 3653/2 3654/7 3655/8
f 3768/1 3769/2 3652/34 3655/35
f 3877/1 3878/2 3879/18 3880/19
f 3878/1 3947/2 3948/18 3879/19
f 3986/22 3654/2 3987/7 143/40
f 141/1 3768/2 3655/34 3986/35
f 4062/1 199/2 201/28 4195/29
f 3947/1 4066/2 4198/18 3948/19
f 3654/1 3653/2 4250/7 3987/8
f 4281/1 4280/2 4282/18 3618/19
f 4283/1 3618/2 4200/7 3882/8
f 4064/1 4062/2 4195/28 4290/29
f 3769/22 3877/2 4293/34 3652/41
f 3653/1 4293/2 3880/7 4250/8
f 4280/1 4323/2 4324/3 4325/4
f 5020/1 5010/2 5154/7 5155/8
f 5156/42 5157/2 5158/7 5159/71
f 5160/119 5161/2 5162/7 5156/120
f 1061/86 5163/2 5161/7 1062/87
f 5022/98 5155/55 5153/7 4996/71
f 5164/32 5013/2 4999/7 1061/33
f 855/1 5023/2 5015/7 5164/8
f 5300/1 1215/2 1218/7 5301/8
f 5302/1 5303/2 5304/7 1220/8
f 4972/1 4954/5 4979/9 5311/8
f 4979/1 4964/21 5159/20 5158/8
f 4955/1 4958/2 4960/7 5312/8
f 5013/1 5015/5 5350/9 5351/8
f 5022/22 4996/2 5385/7 5386/40
f 5100/1 5398/2 5399/7 5404/8
f 1083/1 1085/2 1055/7 808/8
f 5420/1 5419/2 808/3 1059/4
f 4994/22 4974/2 5162/7 5163/40
f 5351/1 5503/2 5385/7 5504/8
f 5505/32 5386/2 5503/7 5350/33
f 1088/32 4960/2 5514/7 821/33
f 1091/1 4980/2 4964/7 1088/8
f 4986/22 5511/2 5510/7 4974/40
f 4994/1 4992/2 5515/7 4986/8
f 5020/22 5198/2 5197/7 5010/40
f 5524/1 5357/2 5338/7 5525/8
f 5126/1 5579/2 5520/7 5177/8
f 4959/1 5420/10 821/11 5514/8
f 4992/1 4994/2 5163/7 5153/8
f 4996/1 4999/2 5504/7 5385/8
f 5187/1 5524/2 5525/7 5188/8
f 5023/1 855/2 1257/7 5505/8
f 4958/1 4955/2 5599/7 4959/8
f 4958/1 4959/2 5514/7 4960/8
f 4999/1 5013/2 5351/7 5504/8
f 5303/1 5607/2 5109/7 5304/8
f 4964/1 4980/2 5156/7 5159/8
f 5015/1 5023/2 5505/7 5350/8
f 5652/1 5653/2 5654/7 5655/8
f 5656/20 5652/8 5655/1 5657/21
f 5658/125 5659/35 5653/1 5656/12
f 5660/36 5661/4 5659/1 5662/21
f 5663/1 5664/2 5662/7 5658/8
f 5665/7 5663/8 5658/1 5666/2
f 5667/7 5668/8 5661/1 5669/2
f 5670/7 5631/8 5630/1 5671/2
f 5683/1 5684/2 5678/7 5682/8
f 5654/1 5653/2 5679/7 5695/8
f 5655/1 5654/2 5695/7 5676/8
f 5664/1 5663/2 5684/7 5683/8
f 5741/126 5976/72 5155/7 5022/71
f 6008/77 6009/2 5976/7 2989/78
f 6010/98 6011/55 6009/7 6012/71
f 5772/65 6013/55 6014/7 6008/33
f 5782/77 6015/2 6011/7 5772/78
f 5791/86 5977/2 6015/7 5780/87
f 5809/22 6016/2 6017/7 5791/40
f 3252/22 6018/2 6019/7 3042/40
f 5865/48 6262/55 6263/7 6264/8
f 5741/32 5022/2 5386/7 6276/33
f 5818/1 5819/2 6019/7 6018/8
f 2989/42 5741/2 6276/7 3237/71
f 5782/22 2995/2 3240/7 3239/40
f 5780/1 5782/2 3239/7 6363/8
f 5819/1 5806/2 6016/7 6019/8
f 3042/1 5809/2 6374/7 3243/8
f 5865/1 5839/2 6091/7 6386/8
f 3237/126 6276/72 5386/7 1257/71
f 3243/48 6374/55 6363/7 3239/8
f 6429/1 6426/2 6022/7 6430/8
f 6432/22 6433/2 6431/7 6434/40
f 6435/1 6436/2 6438/7 6432/8
f 6439/1 6440/2 6437/7 6436/8
f 6442/1 6441/2 5789/7 5799/8
f 5806/1 6443/2 5805/7 5807/8
f 6445/48 6031/55 6439/7 6446/8
f 6449/1 6447/2 6442/7 6450/8
f 5818/32 6451/2 6452/7 5819/33
f 6455/32 6453/2 6454/7 6451/33
f 3257/32 6456/2 6457/7 3059/33
f 6499/1 6501/2 6182/7 6171/8
f 6508/1 6509/2 6510/7 5578/8
f 6527/1 6386/2 6091/7 6090/8
f 5806/1 5807/2 6017/7 6016/8
f 5809/22 5780/2 6363/7 6374/40
f 5799/1 5789/2 5977/7 6546/8
f 5807/1 5805/2 6547/7 6017/8
f 3059/22 5818/2 6018/7 3252/40
f 6570/22 6571/2 6572/3 6573/23
f 5661/18 6636/19 6637/1 5698/2
f 6583/1 6697/2 6698/7 6582/8
f 6699/1 6700/2 6701/7 6697/8
f 6702/1 6703/2 6704/7 6705/8
f 6706/48 6707/55 6708/7 6709/8
f 6710/1 6711/5 6707/9 6712/8
f 6713/1 6714/2 6715/7 6710/8
f 6716/1 6717/5 6718/9 6713/8
f 6721/1 6722/2 6723/7 6724/8
f 6725/1 6726/2 6727/7 6722/8
f 6724/1 6723/2 6711/7 6715/8
f 6722/1 6721/2 6714/7 6718/8
f 6730/1 6731/2 6722/7 6727/8
f 6732/1 6733/2 6734/7 6735/8
f 6736/1 6732/2 6735/7 6737/8
f 6740/1 6741/2 6742/7 6743/8
f 6744/1 6740/2 6704/18 6703/19
f 6748/22 6746/2 6703/34 6749/41
f 6750/22 6751/2 6749/3 6711/23
f 6731/1 6750/2 6723/7 6722/8
f 6725/1 6722/2 6718/7 6717/8
f 6758/1 6759/2 6760/7 6761/8
f 6733/32 6758/2 6762/3 6730/73
f 6763/1 6734/2 6727/3 6726/4
f 6764/22 6765/2 6766/3 6767/23
f 6769/1 6767/2 6698/3 6697/4
f 6772/1 6773/2 6560/7 6572/8
f 6775/1 6776/2 6777/3 6778/4
f 6779/1 6775/2 6701/18 6700/19
f 6780/1 6781/2 6700/34 6705/35
f 6721/1 6724/2 6715/7 6714/8
f 6559/1 6574/2 6572/7 6560/8
f 6577/1 6768/2 6766/7 6573/8
f 6769/1 6778/2 6777/7 6767/8
f 6731/50 6730/72 6762/7 6751/8
f 6780/1 6743/2 6742/7 6781/8
f 6748/1 6761/2 6760/7 6747/8
f 6763/1 6737/2 6735/7 6734/8
f 6765/1 6570/2 6573/3 6766/4
f 6778/1 6769/2 6697/3 6701/4
f 6719/1 6580/2 6582/7 6698/8
f 6776/1 6764/2 6767/3 6777/4
f 6743/1 6780/2 6705/34 6704/35
f 6741/1 6779/2 6781/7 6742/8
f 6759/1 6745/2 6747/7 6760/8
f 6761/1 6748/2 6751/7 6762/8
f 7313/1 7314/2 7227/7 7315/8
f 7323/1 7322/2 7324/34 7314/35
f 6968/1 6967/2 7389/7 7309/8
f 6967/1 7421/2 7179/7 7389/8
f 7427/1 7428/2 7429/34 7430/35
f 7437/1 7438/2 7439/7 7440/8
f 7576/1 7440/2 7439/7 7577/8
f 7744/1 7745/2 7743/3 7746/4
f 7745/1 7749/2 7750/34 7572/35
f 7793/22 7792/2 7794/3 7795/23
f 7795/1 7437/2 7440/7 7576/8
f 7428/1 7815/2 7816/7 7817/8
f 7817/1 7742/5 7575/9 7818/8
f 7818/1 7574/10 7819/11 7429/8
f 7539/1 7538/2 7841/7 7761/8
f 7433/7 7917/8 7808/1 7434/2
f 7437/1 7794/2 7920/7 7438/8
f 7574/1 7573/5 7809/9 7819/8
f 7538/1 2938/2 2939/7 7841/8
f 7968/1 7793/2 7576/34 7577/35
f 7438/1 7920/2 7974/7 7439/8
f 7750/32 7974/2 7917/7 7751/33
f 7749/1 7968/2 7577/34 7750/35
f 7976/1 7977/2 7430/18 7978/19
f 7836/1 7744/2 7979/7 7965/8
f 8056/1 8057/2 8058/7 8059/8
f 8060/1 8061/2 8062/7 8063/8
f 8064/1 8060/2 8065/3 8066/4
f 6773/1 8067/2 8066/7 6560/8
f 8076/1 8077/2 8078/7 8079/8
f 6571/1 8080/2 8081/7 6772/8
f 8094/1 8095/2 8096/7 8097/8
f 8098/1 8099/2 8094/7 8100/8
f 8101/1 8102/2 8103/7 8104/8
f 8105/22 8101/2 8106/3 8107/23
f 8112/1 8113/2 8107/7 8114/8
f 8184/1 8185/21 8186/20 8187/8
f 8052/48 8188/52 8184/9 8053/8
f 8189/1 8190/2 8191/7 8192/8
f 8193/1 8194/21 8195/20 8196/8
f 8090/1 8079/5 8078/9 8091/8
f 8197/1 8198/5 8199/9 8200/8
f 8201/1 8059/12 8058/13 8202/8
f 8203/1 8097/46 8096/47 8204/8
f 8205/1 8206/21 8207/20 8203/8
f 8208/48 8209/52 8210/9 8211/8
f 8212/48 8213/52 8214/9 8215/8
f 8216/1 8217/2 8218/7 8212/8
f 8223/1 8224/2 8225/7 8226/8
f 8227/1 8228/5 8229/9 8230/8
f 8231/1 8232/21 8228/20 8223/8
f 8076/1 8233/10 8234/11 8077/8
f 8235/1 8236/2 8237/7 8238/8
f 8056/1 8239/10 8240/11 8057/8
f 8094/1 8241/21 8239/20 8095/8
f 8242/1 8100/5 8094/9 8243/8
f 8244/48 8245/55 8242/7 8246/8
f 8247/48 8248/55 8249/7 8250/8
f 8246/1 8242/2 8206/7 8210/8
f 8273/1 8098/5 8100/9 8242/8
f 8274/1 8275/12 8276/13 8277/8
f 8278/1 8279/10 8280/11 8275/8
f 8286/1 8287/2 8288/7 8289/8
f 8290/1 8291/12 8292/13 8287/8
f 8245/1 8244/2 8209/7 8214/8
f 8293/1 8294/2 8295/7 8296/8
f 8297/1 8298/2 8250/7 8249/8
f 8102/1 8299/2 8300/7 8103/8
f 8301/1 8302/2 8303/7 8304/8
f 8104/1 8305/2 8306/7 8106/8
f 8227/1 8230/2 8191/7 8190/8
f 8308/1 8309/2 8234/7 8233/8
f 8061/1 8105/2 8113/7 8062/8
f 8311/1 8312/2 8313/7 8314/8
f 8063/1 8112/2 8114/7 8065/8
f 8231/22 8226/2 8184/7 8188/40
f 8080/1 8064/2 8067/7 8081/8
f 8225/1 8224/2 8189/7 8192/8
f 8316/22 8317/2 8240/7 8241/40
f 8275/1 8318/2 8316/7 8276/8
f 8291/1 8278/2 8275/7 8292/8
f 8243/1 8094/5 8097/9 8207/8
f 8099/1 8316/21 8241/20 8094/8
f 8318/1 8311/5 8314/9 8316/8
f 8308/1 8303/5 8319/9 8309/8
f 8320/1 8304/10 8303/11 8317/8
f 8316/1 8314/5 8313/9 8320/8
f 8098/1 8276/21 8316/20 8099/8
f 8289/1 8288/2 8277/7 8273/8
f 8298/1 8297/2 8296/7 8295/8
f 8307/1 8109/2 8106/7 8306/8
f 8108/1 8066/2 8065/7 8114/8
f 8311/1 8321/2 8301/7 8312/8
f 8275/1 8280/10 8321/11 8318/8
f 8287/1 8292/12 8275/13 8274/8
f 8294/1 8293/2 8287/7 8286/8
f 8305/1 8104/2 8103/7 8300/8
f 8112/1 8063/2 8062/7 8113/8
f 6773/1 6772/2 8081/7 8067/8
f 8242/1 8243/2 8207/7 8206/8
f 8289/1 8273/2 8242/7 8322/8
f 8294/1 8286/2 8322/3 8245/4
f 8298/1 8295/2 8214/3 8323/4
f 8324/1 8250/2 8323/7 8213/8
f 8287/1 8274/2 8277/7 8288/8
f 8325/1 8290/2 8287/7 8293/8
f 8299/1 8325/2 8296/3 8297/4
f 8305/1 8300/2 8249/3 8326/4
f 8307/1 8306/2 8326/7 8248/8
f 8237/1 8236/2 8201/7 8202/8
f 8226/1 8225/2 8192/7 8184/8
f 8230/1 8229/5 8185/9 8191/8
f 8244/22 8246/2 8210/7 8209/40
f 8224/1 8227/2 8190/7 8189/8
f 8077/1 8231/2 8188/7 8078/8
f 8309/1 8319/5 8232/9 8234/8
f 8235/1 8238/2 8199/7 8198/8
f 8238/1 8237/2 8202/7 8199/8
f 8057/1 8076/2 8079/7 8058/8
f 8317/1 8308/2 8233/7 8240/8
f 8095/1 8056/2 8059/7 8096/8
f 8312/1 8301/2 8304/7 8313/8
f 8236/1 8235/2 8198/7 8201/8
f 7400/1 8897/2 8898/7 6881/8
f 8902/1 8903/2 8904/18 8897/19
f 8903/1 8909/2 8910/3 8911/4
f 8912/3 5670/4 8980/1 8913/2
f 8981/3 8982/4 8983/1 8984/2
f 8985/9 8986/8 8987/1 8981/5
f 8988/1 8897/2 7400/7 7324/8
f 8989/1 8990/2 8991/7 8992/8
f 8993/1 8994/2 8995/7 8990/8
f 8996/48 8889/55 8884/7 8997/8
f 8877/1 8878/2 8997/7 8884/8
f 9059/1 9060/2 8993/18 8990/19
f 9068/1 9069/2 9070/3 9071/4
f 9072/1 9073/2 9074/34 9069/35
f 6262/1 9075/2 9017/7 9016/8
f 9210/1 8902/2 8897/18 8988/19
f 8909/1 9282/2 9283/3 8910/4
f 9284/1 9068/2 9071/3 9285/4
f 9073/1 9314/2 9315/34 9074/35
f 8992/1 8991/2 9058/7 9316/8
f 9347/1 9348/2 9349/7 9350/8
f 9353/1 9354/2 9355/3 9356/4
f 9060/1 9361/2 9362/34 9363/35
f 9363/1 9347/5 9350/9 8993/8
f 9403/1 9402/2 9404/34 9405/35
f 8880/1 8877/2 9406/3 9404/4
f 8884/1 8889/5 9407/9 9406/8
f 9354/1 9408/2 9409/3 9355/4
f 7321/1 9210/2 8988/18 7324/19
f 9407/81 9463/82 9464/7 9405/8
f 9465/1 9069/2 9068/7 9284/8
f 9074/1 9315/2 9466/7 9069/8
f 9467/1 9348/2 9347/7 9362/8
f 8878/1 8877/2 8880/7 9468/8
f 9402/1 9472/2 9468/7 8880/8
f 6518/1 9146/2 9075/7 6262/8
f 9361/1 9494/2 9467/34 9362/35
f 9466/1 9315/2 9316/3 9496/4
f 9314/1 9497/2 8989/18 8992/19
f 9498/1 9283/2 9285/34 9458/35
f 9282/1 9499/2 9465/34 9284/35
f 8910/1 9283/2 9498/7 8911/8
f 9355/1 9409/2 9500/7 9356/8
f 9253/48 8891/55 8888/7 9013/8
f 8911/1 9498/2 9541/3 8904/4
f 9460/1 9459/2 8972/7 9554/8
f 9500/1 9409/2 9555/3 9556/4
f 9559/1 9558/2 9464/18 9417/19
f 9464/1 9463/21 8985/20 8977/8
f 9499/1 9072/2 9069/34 9465/35
f 9069/1 9466/2 9496/3 9070/4
f 9472/1 8888/2 8878/7 9468/8
f 8888/1 8891/5 8996/6 8997/4
f 9497/1 9059/2 8990/18 8989/19
f 9494/1 9353/2 9356/3 9566/4
f 9566/1 9500/5 9567/9 9467/8
f 9348/1 9567/2 9556/7 9349/8
f 9558/1 9569/2 9405/18 9464/19
f 9574/1 9575/2 9576/7 9577/8
f 9749/1 9574/2 9577/7 9790/8
f 9930/1 9931/2 9932/7 9933/8
f 9940/1 9941/2 9942/18 9932/19
f 9945/1 9946/2 9947/18 9948/19
f 10006/1 10007/2 10008/18 10009/19
f 8185/1 10079/10 10080/11 8186/8
f 10081/1 10082/5 10083/9 10084/8
f 10086/1 10088/2 10089/7 10082/8
f 10094/1 10096/2 10097/7 10091/8
f 10100/1 10101/2 10102/7 10099/8
f 10103/1 10104/2 10105/7 10101/8
f 10106/1 10107/2 10108/7 10109/8
f 10110/1 10111/2 10112/7 10107/8
f 10113/1 9931/2 9930/7 10114/8
f 9947/1 7314/2 7313/7 9948/8
f 8279/1 10153/10 10154/11 8280/8
f 10157/1 10159/2 10160/7 10161/8
f 10160/1 10162/2 10101/7 10100/8
f 10182/1 10183/2 10081/7 10084/8
f 10196/1 10197/10 10198/11 10199/8
f 10200/1 10198/2 10201/7 10202/8
f 10201/1 10203/2 10204/7 10205/8
f 10216/1 10217/2 10218/3 10219/4
f 10219/1 10220/5 10009/6 10110/4
f 10111/1 10009/2 10011/7 10221/8
f 10221/1 10222/5 10223/9 10224/8
f 10229/1 9940/2 9931/34 10113/35
f 9946/1 7320/2 7314/18 9947/19
f 10238/1 10157/2 10161/7 10239/8
f 10156/1 10273/2 10274/7 10157/8
f 10275/1 10196/2 10199/7 10273/8
f 10083/1 10082/2 10280/7 10281/8
f 8301/1 10289/2 10290/7 8302/8
f 8321/1 10189/5 10188/9 8301/8
f 8280/1 10155/21 10235/20 8321/8
f 10291/1 10273/10 10156/11 10154/8
f 10199/1 10200/5 10292/9 10273/8
f 10293/1 9941/2 9940/7 10229/8
f 10112/1 10111/2 10224/3 10073/4
f 10183/1 10347/2 10087/7 10081/8
f 10082/1 10089/2 10349/7 10280/8
f 10364/1 10204/2 10109/7 10365/8
f 10203/1 10367/2 10106/3 10109/4
f 8302/1 10290/2 10369/7 8303/8
f 10162/1 10386/2 10103/7 10101/8
f 10292/1 10200/2 10202/7 10387/8
f 10404/1 10405/2 10113/18 10114/19
f 10405/1 10406/2 10293/7 10229/8
f 8228/1 10183/5 10182/9 8229/8
f 8232/1 10453/10 10347/11 8228/8
f 10161/1 10160/2 10241/7 10239/8
f 10455/1 10386/2 10162/7 10160/8
f 10205/1 10204/2 10364/7 10456/8
f 10484/1 10275/10 10273/11 10291/8
f 10273/1 10292/5 10387/9 10274/8
f 10485/1 10486/5 10456/9 10455/8
f 10386/1 10364/5 10365/9 10103/8
f 10488/1 10489/5 10490/6 10491/4
f 10367/1 10490/2 10107/3 10106/4
f 10107/1 10112/2 10492/7 10493/8
f 10007/1 10404/2 10114/18 10008/19
f 10114/1 9930/2 9933/7 10403/8
f 10406/1 9945/2 9941/7 10293/8
f 9948/1 7313/2 7315/7 9942/8
f 10153/1 10484/2 10291/7 10154/8
f 8303/1 10369/2 10500/7 8319/8
f 10274/1 10485/2 10159/7 10157/8
f 10202/1 10201/2 10486/7 10387/8
f 10491/1 10367/2 10203/7 10201/8
f 10165/1 10452/2 10075/7 10166/8
f 10108/1 10107/2 10493/7 10208/8
f 10489/1 10216/2 10110/18 10107/19
f 8229/1 10182/5 10084/9 8185/8
f 10486/1 10201/2 10205/7 10456/8
f 10197/1 10488/2 10491/3 10201/4
f 8319/1 10184/5 10187/9 8232/8
f 10097/1 10096/2 10450/7 10375/8
f 10241/1 10160/2 10100/7 10099/8
f 10159/1 10485/2 10455/7 10160/8
f 10586/1 10587/2 10588/7 10589/8
f 10724/50 10725/72 10726/7 10727/8
f 10832/1 10727/2 10833/7 10834/8
f 10835/1 10836/5 10837/9 10727/8
f 10725/1 10724/2 10838/7 10902/8
f 10923/1 10922/2 10924/7 10551/8
f 7792/1 10555/2 10554/7 10941/8
f 10689/1 10586/2 10589/7 10949/8
f 10922/1 7976/2 7978/18 7808/19
f 10981/1 10924/2 7808/34 7917/35
f 7792/1 10941/2 7920/3 7794/4
f 10999/1 10689/2 10949/7 10609/8
f 10833/1 11017/2 10928/7 10834/8
f 10726/1 10725/10 10902/11 11017/8
f 10941/1 10554/2 10552/7 10981/8
f 10727/1 10726/2 11017/7 10833/8
f 10981/1 10552/2 10551/7 10924/8
f 11238/1 11241/2 11179/7 11172/8
f 8186/1 11565/2 11566/7 11567/8
f 11759/1 11756/2 11608/7 11430/8
f 11784/1 11782/2 11775/7 11360/8
f 12089/1 12092/2 12053/7 12043/8
f 8187/1 8186/21 11567/20 12316/8
f 13279/1 10727/10 10832/11 13280/8
f 13281/48 13282/55 13283/7 13279/8
f 13284/1 10724/10 10837/11 13281/8
f 13424/22 13425/2 13283/7 13282/40
f 10724/32 13284/2 13514/7 10838/33
f 13280/1 10832/10 10834/11 13545/8
f 13467/48 13643/55 13644/7 13468/8
f 13430/1 10839/5 10838/9 13431/8
f 13424/48 10836/52 10835/9 13425/8
f 13284/42 13280/2 13545/7 13514/71
f 10836/22 13424/2 13282/7 10837/40
f 13425/1 10835/5 10727/9 13283/8
f 14253/1 14130/2 14098/7 14096/8
f 14280/1 14122/2 14094/7 14082/8
f 4324/1 14412/2 14413/7 4325/8
f 14519/1 14520/2 14516/7 14402/8
f 14537/22 14535/2 14538/7 4324/40
f 14412/1 14538/2 14539/34 14540/35
f 4323/1 14533/2 14536/7 14537/8
f 14564/1 14565/2 14566/34 14567/35
f 14646/22 14400/2 14647/7 14648/40
f 14649/1 14650/2 14401/7 14646/8
f 14565/1 14656/2 14657/34 14566/35
f 14413/1 14412/2 14661/3 14662/4
f 14327/1 14407/2 14677/7 14328/8
f 14407/1 2595/2 4191/7 14677/8
f 14411/1 14852/5 14853/9 14854/8
f 14722/1 14820/2 14852/7 14410/8
f 4325/1 14413/2 14662/3 4282/4
f 14656/1 14863/2 14864/34 14657/35
f 14883/22 14408/2 14884/34 14885/41
f 14819/1 14721/2 14409/7 14883/8
f 14890/1 14411/2 14396/3 14516/4
f 14891/1 14649/2 14648/3 14884/4
f 14899/1 14564/2 14567/34 14853/35
f 14535/1 14819/2 14885/18 14539/19
f 14902/1 14403/2 14518/7 14841/8
f 15514/1 15511/2 15160/7 15175/8

usemtl minecraft_block-tall_grass_top

f 7991/1 7990/2 7996/7 7997/8
f 7995/1 7994/2 7998/7 7999/8
f 8003/1 8002/2 8008/7 8009/8
f 8007/1 8006/2 8010/7 8011/8
f 8015/1 8014/2 8020/7 8021/8
f 8019/1 8018/2 8022/7 8023/8
f 12101/1 12100/2 12106/7 12107/8
f 12105/1 12104/2 12108/7 12109/8

usemtl minecraft_block-birch_leaves

f 1/1 2/2 3/3 4/4
f 7/1 9/2 10/7 11/8
f 12/1 13/5 14/9 15/8
f 1/1 16/5 17/9 2/8
f 20/1 21/12 16/13 12/8
f 26/1 27/2 17/3 16/4
f 28/1 29/2 16/7 21/8
f 40/1 41/5 20/6 15/4
f 14/1 13/2 42/3 43/4
f 28/7 11/8 10/1 29/2
f 26/13 50/8 40/1 27/12
f 7/20 41/8 50/1 9/21
f 42/1 4/2 3/7 43/8
f 13/1 1/2 4/3 42/4
f 9/1 26/2 29/7 10/8
f 41/1 7/21 11/20 66/8
f 66/1 28/12 21/13 20/8
f 1326/1 1327/2 1328/7 1329/8
f 1333/1 1334/2 1335/3 1336/4
f 1337/1 1338/2 1339/7 1340/8
f 1341/1 1337/2 1342/3 1343/4
f 1344/1 1345/2 1346/7 1347/8
f 1353/1 1327/2 1326/7 1354/8
f 1367/1 1368/2 1369/7 1370/8
f 1371/1 1343/10 1342/11 1372/8
f 1373/1 1374/2 1375/7 1376/8
f 1401/1 1402/2 1403/3 1404/4
f 1407/1 1408/2 1409/3 1410/4
f 1411/1 1412/2 1413/7 1414/8
f 1415/32 1411/2 1416/3 1417/73
f 1418/1 1415/2 1419/7 1420/8
f 1436/1 1437/2 1438/7 1439/8
f 1440/1 1441/2 1442/3 1443/4
f 1444/1 1445/2 1446/3 1447/4
f 1465/1 1439/21 1438/20 1466/8
f 1467/48 1468/55 1469/7 1465/8
f 1401/1 1470/5 1471/9 1402/8
f 1440/1 1472/2 1470/7 1441/8
f 1473/1 1334/5 1333/9 1467/8
f 1407/1 1474/5 1472/9 1408/8
f 1475/1 1447/10 1446/11 1476/8
f 1477/1 1340/2 1339/7 1475/8
f 1523/7 1524/8 1525/1 1526/2
f 1436/1 1527/2 1528/7 1437/8
f 1529/1 1530/10 1531/11 1532/8
f 1533/1 1534/5 1535/9 1529/8
f 1341/48 1536/55 1416/7 1338/8
f 1537/1 1538/2 1539/7 1533/8
f 1540/1 1541/5 1542/9 1537/8
f 1543/1 1417/5 1536/9 1544/8
f 1545/1 1347/21 1346/20 1540/8
f 1564/1 1565/2 1528/7 1527/8
f 1566/32 1564/2 1471/3 1474/73
f 1564/20 1574/8 1575/1 1565/21
f 1576/13 1577/8 1578/1 1564/12
f 1579/9 1580/8 1577/1 1581/5
f 1582/9 1583/8 1584/1 1576/5
f 1566/13 1585/8 1580/1 1582/12
f 1444/7 1414/8 1413/1 1445/2
f 1344/1 1420/2 1419/7 1345/8
f 1603/56 1604/4 1605/1 1412/12
f 1606/9 1607/8 1604/1 1608/5
f 1609/9 1610/8 1611/1 1603/5
f 1418/56 1612/4 1607/1 1609/12
f 1327/1 1353/2 1660/7 1328/8
f 1441/1 1401/2 1404/3 1442/4
f 1468/1 1333/2 1336/3 1665/4
f 1408/1 1440/2 1443/3 1409/4
f 1437/42 1525/2 1466/7 1438/71
f 1565/42 1575/2 1526/7 1528/71
f 1574/1 1578/2 1524/7 1523/8
f 1402/22 1469/2 1354/7 1676/40
f 1676/1 1326/2 1329/7 1403/8
f 1527/1 1436/2 1439/7 1471/8
f 1538/1 1542/2 1376/3 1371/4
f 1544/1 1341/2 1343/3 1375/4
f 1541/1 1543/2 1374/3 1373/4
f 1345/1 1419/2 1417/7 1346/8
f 1338/1 1691/5 1447/9 1339/8
f 1414/1 1444/2 1691/7 1416/8
f 1530/1 1535/2 1370/3 1369/4
f 1534/1 1539/2 1372/3 1367/4
f 1340/1 1477/2 1368/7 1342/8
f 1702/1 1531/2 1476/7 1473/8
f 1334/1 1407/2 1410/3 1335/4
f 1445/1 1566/2 1474/3 1446/4
f 1412/59 1605/2 1705/7 1413/67
f 1585/22 1705/2 1532/7 1702/40
f 1605/1 1612/12 1545/56 1532/4
f 1539/1 1538/2 1371/3 1372/4
f 1525/1 1524/2 1465/7 1466/8
f 1578/1 1585/10 1473/61 1465/4
f 1535/1 1534/2 1367/3 1370/4
f 1542/1 1541/2 1373/3 1376/4
f 1575/1 1574/2 1523/7 1526/8
f 1469/1 1736/2 1353/7 1354/8
f 1736/1 1468/2 1665/3 1660/4
f 1531/1 1530/2 1475/7 1476/8
f 1477/1 1475/2 1369/7 1368/8
f 1543/1 1544/2 1375/3 1374/4
f 1328/1 1404/2 1403/7 1329/8
f 1665/1 1443/10 1442/11 1660/8
f 1335/1 1410/2 1409/7 1336/8
f 1612/1 1418/12 1420/13 1753/8
f 1753/1 1344/21 1347/20 1545/8
f 1770/22 1771/2 1772/7 1773/40
f 1774/1 1772/2 1775/7 1776/8
f 1796/42 1797/2 1798/3 1799/43
f 1886/1 1887/21 1799/20 1798/8
f 1888/1 1889/2 1771/7 1886/8
f 1890/48 1891/55 1887/7 1770/8
f 1892/1 1893/5 1891/9 1894/8
f 1895/1 1896/21 1893/20 1897/8
f 1988/36 1989/4 1797/1 1796/21
f 1992/7 1993/8 1989/1 1994/2
f 1995/9 1996/8 1997/1 1988/5
f 2001/36 2002/4 1993/1 1995/21
f 2002/1 2001/21 1896/36 1895/4
f 1897/1 1892/5 2150/9 2151/8
f 2152/1 2150/2 2153/7 2154/8
f 2155/1 2156/2 2157/7 2158/8
f 1894/1 1890/2 2160/3 2161/4
f 1889/1 1888/2 2163/3 2164/4
f 2167/1 2166/2 2168/7 2169/8
f 1771/1 1889/2 2164/3 1775/4
f 2156/1 2152/2 2154/7 2157/8
f 2166/1 1774/2 1776/7 2168/8
f 1892/1 1894/2 2161/3 2153/4
f 2233/1 1770/2 1773/7 2167/8
f 1890/1 2233/2 2169/3 2160/4
f 2001/59 1796/2 1799/3 1896/60
f 2164/1 2168/2 1776/7 1775/8
f 2158/1 2160/10 2169/11 2163/8
f 2154/1 2153/2 2161/7 2157/8
f 1888/1 2235/2 2158/3 2163/4
f 2235/1 1897/2 2151/7 2155/8
f 2166/1 2167/2 1773/7 1774/8
f 2151/1 2152/2 2156/7 2155/8
f 2245/1 2246/21 2247/20 2248/8
f 2249/1 2250/10 2246/11 2251/8
f 2275/1 2276/2 2277/7 2278/8
f 2279/1 2280/5 2281/9 2282/8
f 2283/1 2281/2 2284/7 2285/8
f 1797/1 2320/2 2321/3 1798/4
f 2326/1 2327/2 2328/7 2329/8
f 2333/1 2334/2 2335/3 2336/4
f 2375/1 2376/2 2377/7 2378/8
f 2381/1 2382/2 2383/3 2384/4
f 2394/22 2395/2 2396/7 2397/40
f 2397/1 2398/2 2399/7 2400/8
f 2401/1 2402/2 2403/7 2404/8
f 2398/1 2375/2 2378/7 2399/8
f 2327/1 2283/2 2285/7 2328/8
f 2276/1 2249/2 2251/7 2277/8
f 2251/7 2245/8 2278/1 2277/2
f 2449/92 1895/93 1798/7 2321/8
f 2468/1 2469/2 2470/7 2471/8
f 2485/7 2487/8 2480/1 2481/2
f 2485/1 2488/2 2489/7 2481/8
f 2513/20 2514/8 2515/1 2401/21
f 2516/7 2517/8 2514/1 2518/2
f 2519/9 2520/8 2521/1 2513/5
f 2522/20 2275/8 2517/1 2519/21
f 2250/11 2249/8 2276/1 2522/10
f 2542/1 2543/2 2544/7 2545/8
f 2553/48 2554/55 2542/7 2555/8
f 2536/7 2535/8 2543/1 2556/2
f 2562/7 2560/8 2536/1 2563/2
f 2568/1 2569/2 2570/7 2562/8
f 2575/1 2576/2 2568/7 2577/8
f 2635/1 2636/2 2542/7 2545/8
f 2542/1 2637/2 2468/7 2471/8
f 2637/1 2554/2 2638/3 2639/4
f 2651/1 2652/2 2653/7 2654/8
f 2652/1 2655/5 2553/6 2555/4
f 2655/1 2656/5 2657/9 2658/8
f 2002/28 2711/29 2320/1 1797/2
f 2653/1 2636/2 2635/7 2654/8
f 2657/48 2718/54 2717/11 2658/8
f 2250/42 2401/2 2758/3 2247/43
f 2767/76 2655/35 2651/1 2765/5
f 2793/13 2794/8 2655/1 2783/12
f 2804/20 2656/8 2794/1 2795/21
f 2334/1 2381/2 2384/3 2335/4
f 2382/1 2394/2 2400/3 2383/4
f 2280/1 2333/2 2336/3 2284/4
f 2711/1 2002/2 1895/3 2449/4
f 2765/22 2651/2 2654/7 2885/40
f 2885/1 2635/2 2545/7 2544/8
f 2779/22 2765/2 2544/3 2535/23
f 2470/1 2469/2 2895/7 2896/8
f 2480/1 2487/2 2897/7 2898/8
f 2911/1 2804/10 2912/11 2732/8
f 2718/1 2912/2 2576/7 2575/8
f 2487/1 2485/2 2915/7 2897/8
f 2577/1 2568/2 2488/7 2485/8
f 2795/1 2793/2 2569/3 2568/4
f 2658/1 2916/5 2917/9 2553/8
f 2554/1 2917/2 2898/3 2638/4
f 2481/1 2489/2 2918/7 2919/8
f 2783/22 2784/2 2560/3 2570/23
f 2469/1 2468/2 2639/7 2895/8
f 2563/1 2536/2 2924/3 2921/4
f 2636/1 2653/2 2555/7 2542/8
f 2556/22 2542/2 2471/7 2474/40
f 2474/1 2470/2 2896/7 2927/8
f 2536/1 2556/2 2927/3 2924/4
f 2485/1 2481/2 2919/7 2915/8
f 2717/1 2716/2 2485/3 2481/4
f 2716/1 2718/2 2575/7 2577/8
f 2562/1 2563/2 2921/3 2918/4
f 2568/1 2562/2 2489/7 2488/8
f 2804/1 2795/2 2568/3 2576/4
f 2395/1 2935/2 2376/7 2396/8
f 2935/1 2937/2 2329/3 2377/4
f 2937/1 2279/2 2282/7 2326/8
f 2278/1 2245/2 2248/7 2279/8
f 2376/1 2375/2 2398/7 2396/8
f 2282/1 2283/2 2327/7 2326/8
f 2793/1 2783/2 2570/3 2569/4
f 2378/1 2383/2 2400/7 2399/8
f 2329/1 2335/10 2384/11 2377/8
f 2285/1 2284/2 2336/7 2328/8
f 2320/1 2711/12 2449/56 2321/4
f 2382/1 2955/5 2758/9 2394/8
f 2334/1 2956/2 2955/7 2381/8
f 2280/1 2957/5 2956/9 2333/8
f 2248/1 2247/21 2957/20 2279/8
f 2895/1 2924/2 2927/7 2896/8
f 2638/1 2918/10 2921/11 2639/8
f 2897/1 2915/2 2919/7 2898/8
f 3497/32 3498/2 3499/7 3500/33
f 3501/42 3499/2 3502/7 3503/71
f 2404/7 2403/8 3500/1 3501/2
f 2404/1 3501/2 3503/7 2758/8
f 2402/11 2515/8 3498/1 3497/10
f 2402/1 3497/2 3500/7 2403/8
f 3498/1 2515/2 4328/7 3499/8
f 2395/1 2758/21 3503/20 3502/8
f 5055/1 5056/2 5051/7 5057/8
f 5058/1 5059/2 5060/7 5052/8
f 5139/1 5140/2 5141/7 5142/8
f 5143/42 5144/2 5142/3 5145/43
f 5169/1 5165/2 5168/3 5170/4
f 5174/1 5168/2 5175/3 5176/4
f 5165/1 5171/2 5173/7 5172/8
f 5058/1 5052/2 5180/7 5181/8
f 5139/7 5215/8 5216/1 5140/2
f 5173/7 5217/8 5218/1 5172/2
f 5246/1 5247/2 5248/3 5249/4
f 5247/1 5250/2 5055/7 5057/8
f 5172/1 5218/2 5262/34 5175/35
f 5144/1 5264/2 5215/7 5139/8
f 5057/1 5051/2 5297/7 5248/8
f 5052/1 5060/2 5299/7 5180/8
f 5306/1 5143/12 5145/56 5307/4
f 5368/1 5169/2 5369/7 5216/8
f 5140/22 5369/2 5170/7 5141/40
f 5174/48 5478/52 5141/9 5170/8
f 5480/48 5250/55 5246/7 5481/8
f 5482/48 5483/55 5478/7 5484/8
f 5307/1 5145/12 5483/13 5480/8
f 5264/1 5368/2 5216/7 5215/8
f 5507/1 5484/2 5508/3 5299/4
f 5482/1 5507/2 5060/7 5059/8
f 5218/1 5217/2 5519/34 5262/35
f 5051/1 5056/2 5521/7 5297/8
f 5264/7 5165/8 5169/1 5368/2
f 5554/6 5555/4 5165/1 5144/5
f 5556/9 5557/8 5558/1 5559/5
f 5143/56 5306/4 5557/1 5554/12
f 5558/1 5306/10 5307/61 5481/4
f 5559/22 5558/2 5481/3 5479/23
f 5479/1 5246/2 5249/3 5519/4
f 5484/1 5174/2 5176/3 5508/4
f 5250/1 5482/10 5059/11 5055/8
f 5056/1 5058/2 5181/7 5521/8
f 5519/1 5176/2 5175/7 5262/8
f 5248/1 5299/10 5508/11 5249/8
f 5521/1 5181/2 5180/7 5297/8
f 5634/7 5635/8 5636/1 5637/2
f 5638/9 5639/8 5640/1 5641/5
f 5642/11 5643/8 5644/1 5638/10
f 5645/9 5646/8 5643/1 5647/5
f 5691/1 5692/2 5693/3 5694/4
f 5645/1 5647/2 5636/7 5635/8
f 5700/1 5701/2 5702/3 5703/4
f 5706/1 5707/2 5708/3 5709/4
f 5710/1 5704/2 5711/7 5693/8
f 5642/22 5641/2 5712/3 5713/23
f 5634/1 5637/2 5713/7 5714/8
f 5707/1 5691/2 5694/3 5708/4
f 5703/1 5694/5 5693/9 5715/8
f 5702/1 5709/2 5708/7 5703/8
f 5646/1 5645/5 5635/9 5716/8
f 5716/1 5634/10 5714/11 5717/8
f 5701/1 5706/2 5709/3 5702/4
f 5647/1 5642/2 5637/7 5636/8
f 5691/1 5718/2 5712/7 5692/8
f 5706/1 5713/5 5718/9 5707/8
f 5717/1 5714/10 5713/11 5701/8
f 5897/11 5898/8 5899/1 5900/10
f 5913/13 5914/8 5915/1 5916/12
f 5919/9 5920/8 5914/1 5921/5
f 5922/9 5923/8 5924/1 5913/5
f 5928/56 5929/4 5920/1 5922/12
f 5978/1 5979/2 5980/7 5981/8
f 5915/1 5982/10 5983/61 5980/4
f 5982/1 5929/2 5984/7 5985/8
f 6242/1 6243/2 6244/7 6245/8
f 6247/1 6248/2 6249/3 6250/4
f 5897/1 5900/2 6277/7 6278/8
f 6281/1 6282/2 6283/3 6284/4
f 6285/1 6281/2 6286/7 6287/8
f 5980/1 6301/12 6302/13 5981/8
f 6303/48 6304/55 6305/7 5980/8
f 6306/1 6307/5 6301/9 6308/8
f 6285/48 6309/55 6307/7 6282/8
f 5983/1 6248/5 6247/9 6303/8
f 6310/1 6311/21 6309/20 6312/8
f 6244/1 6335/2 6336/7 6245/8
f 6337/1 6284/10 6283/11 6338/8
f 6249/1 6339/2 6340/7 6250/8
f 5898/1 5915/2 5979/7 6353/8
f 6308/22 6305/2 6354/7 6355/40
f 6355/1 6242/2 6245/7 6336/8
f 5916/1 5897/2 6278/7 6356/8
f 6304/1 6247/2 6250/3 6337/4
f 6362/1 6286/2 6284/7 6340/8
f 5929/1 5928/12 6371/13 5984/8
f 6372/1 6371/21 6311/20 6310/8
f 5899/1 5898/2 6353/7 6411/8
f 6305/1 6412/2 6413/7 6354/8
f 6412/1 6304/2 6337/3 6338/4
f 6414/1 6372/2 6310/7 6312/8
f 6306/1 6308/2 6336/3 6335/4
f 6532/1 6362/2 6340/7 6339/8
f 6356/1 6537/2 6302/7 6301/8
f 5928/42 5916/2 6301/3 6311/43
f 6413/1 6243/2 6242/7 6354/8
f 6532/1 6287/2 6286/7 6362/8
f 6537/59 5978/2 5981/7 6302/67
f 5900/32 5899/2 6411/7 6277/33
f 6243/1 6413/2 6338/7 6244/8
f 6282/1 6306/2 6335/3 6283/4
f 6353/7 5979/8 5978/1 6411/2
f 6356/7 6278/8 6277/1 6537/2
f 5984/1 6372/2 6414/7 5985/8
f 5985/1 6414/2 6312/7 5983/8
f 6248/1 6285/5 6287/9 6545/8
f 6545/1 6532/2 6339/7 6249/8
f 5643/6 6602/4 6603/1 6604/5
f 5646/7 6605/8 6606/1 5643/2
f 6603/1 6602/5 6738/6 6739/4
f 6752/1 6753/2 6754/3 6755/4
f 6606/1 6605/2 6756/3 6757/4
f 6774/1 6752/2 6755/3 5715/4
f 6753/1 5700/2 5703/3 6754/4
f 6754/1 5703/2 5715/7 6755/8
f 6605/1 5646/2 5717/3 6756/4
f 6602/1 6606/2 6757/3 6738/4
f 6783/1 6753/2 6752/7 6739/8
f 6738/1 5701/5 5700/9 6783/8
f 6756/1 5717/2 5701/7 6757/8
f 6888/1 6889/2 6890/7 6891/8
f 7249/1 7250/2 6890/7 6889/8
f 7266/1 7267/2 7268/3 7269/4
f 7249/20 7267/8 7266/1 7250/21
f 6888/1 6891/2 7410/7 7411/8
f 7267/1 7249/21 6889/20 7415/8
f 7415/1 6888/10 7411/11 7268/8
f 7268/1 7411/10 7410/11 7269/8
f 7454/1 2275/2 2279/3 7455/4
f 7837/1 7454/10 7455/61 7838/4
f 2515/1 7837/2 7902/7 4328/8
f 2275/34 7454/35 7837/1 2515/2
f 7455/50 2279/72 2395/7 7838/8
f 6604/6 6603/4 8120/1 8121/5
f 8120/1 6603/5 6739/6 8310/4
f 8121/22 8120/2 8310/3 8315/23
f 6739/48 6774/52 8315/9 8310/8
f 8410/59 8411/2 8412/7 8413/67
f 8414/42 8415/2 8403/7 8410/71
f 8608/7 8609/8 8411/1 8403/2
f 8645/20 8646/8 8415/1 8414/21
f 8647/13 8648/8 8649/1 8645/12
f 8650/9 8651/8 8648/1 8652/5
f 8653/9 8654/8 8655/1 8647/5
f 7250/13 8656/8 8651/1 8653/12
f 7250/42 8414/2 8413/3 8822/43
f 8829/1 8830/2 8831/3 8832/4
f 8833/1 8834/2 8835/3 8836/4
f 8415/1 8646/2 8608/7 8403/8
f 8837/1 8838/2 8839/3 8840/4
f 8831/1 8843/2 8844/7 8832/8
f 8839/1 8845/10 8846/11 8840/8
f 8835/1 8847/2 8848/7 8836/8
f 8852/1 8853/2 8846/3 8845/4
f 8857/1 8858/2 8844/3 8843/4
f 8859/1 8860/2 8848/3 8847/4
f 8646/1 8649/2 8609/7 8608/8
f 8858/1 8829/2 8832/3 8844/4
f 8830/1 8837/2 8840/3 8831/4
f 8853/1 8857/2 8843/3 8846/4
f 8838/1 8833/2 8836/3 8839/4
f 8860/1 8852/2 8845/3 8848/4
f 8411/1 8609/2 8865/7 8412/8
f 8649/1 8656/10 8866/61 8865/4
f 8656/1 7266/2 7269/3 8866/4
f 8834/1 8859/2 8847/3 8835/4
f 6891/1 6890/2 8822/7 7410/8
f 8865/1 8867/12 8413/13 8412/8
f 8868/1 8830/5 8829/9 8865/8
f 8857/1 8869/5 8867/9 8858/8
f 8870/1 8838/2 8837/7 8868/8
f 8852/1 8871/2 8869/7 8853/8
f 8866/1 8834/5 8833/9 8870/8
f 8859/1 8822/5 8871/9 8860/8
f 9570/1 9571/2 9572/7 9573/8
f 9578/1 9579/2 9580/7 9581/8
f 9582/1 9583/2 9584/3 9585/4
f 9584/1 9586/10 9587/11 9588/8
f 9589/1 9590/2 9591/7 9592/8
f 9617/42 9618/2 9619/7 9620/71
f 9601/1 9619/2 9598/7 9599/8
f 9620/22 9602/2 9603/7 9604/40
f 9709/1 9710/2 9708/7 9711/8
f 9573/1 9580/10 9712/11 9713/8
f 9592/1 9591/2 9581/7 9572/8
f 9720/1 9721/2 9722/7 9714/8
f 9588/1 9589/2 9571/7 9570/8
f 9590/1 9587/2 9579/7 9578/8
f 9764/1 9765/21 9604/20 9598/8
f 9767/1 9768/5 9769/9 9764/8
f 9585/48 9584/55 9770/7 9767/8
f 9771/1 9772/10 9586/11 9584/8
f 9769/1 9768/2 9709/3 9711/4
f 9571/1 9589/2 9592/7 9572/8
f 9791/36 9792/4 9618/1 9617/21
f 9793/9 9794/8 9792/1 9795/5
f 9796/7 9797/8 9798/1 9791/2
f 9799/20 9582/8 9794/1 9796/21
f 9800/11 9801/8 9583/1 9799/10
f 9770/1 9825/2 9573/3 9713/4
f 9825/1 9584/2 9588/7 9570/8
f 9583/1 9801/2 9771/3 9584/4
f 9765/22 9769/2 9719/7 9722/40
f 9714/1 9719/2 9711/7 9708/8
f 9768/1 9770/2 9713/3 9709/4
f 9721/1 9720/2 9710/7 9712/8
f 9834/1 9617/2 9620/7 9835/8
f 9836/1 9765/2 9722/7 9721/8
f 9837/1 9836/2 9712/3 9580/4
f 9586/1 9837/2 9579/7 9587/8
f 9720/1 9714/2 9708/7 9710/8
f 9590/1 9578/2 9581/7 9591/8
f 9801/1 9800/10 9772/61 9771/4
f 10046/7 10047/8 10048/1 10049/2
f 10192/1 10193/2 10048/7 10047/8
f 5692/1 10194/2 10195/7 5710/8
f 10227/1 6774/2 5715/3 10228/4
f 10194/22 10227/2 10231/7 10195/40
f 10232/1 10231/2 10228/7 10233/8
f 10234/1 10192/2 10047/7 10046/8
f 5704/1 5710/2 10195/7 10232/8
f 10192/9 10412/8 8121/1 10193/5
f 5641/11 6604/8 10412/1 10234/10
f 5704/1 10232/2 10233/7 5711/8
f 10193/22 8121/2 10495/7 10048/40
f 10049/32 10495/2 8315/7 10496/33
f 10046/1 10049/2 10496/7 10499/8
f 5641/1 10234/2 10499/3 5712/4
f 5715/1 5711/2 10233/7 10228/8
f 10227/1 10499/10 10496/11 8315/8
f 5692/1 5712/2 10499/7 10194/8
f 10657/1 10658/21 10659/20 10660/8
f 10664/48 10665/55 10657/7 10655/8
f 10666/48 10667/55 10658/7 10668/8
f 10669/1 10670/5 10671/9 10664/8
f 10672/1 10673/5 10667/9 10674/8
f 10678/1 10679/21 10673/20 10680/8
f 10753/9 10754/8 10755/1 10756/5
f 10757/11 10758/8 10754/1 10759/10
f 10764/9 10765/8 10766/1 10757/5
f 10771/13 10767/8 10770/1 10764/12
f 10772/11 10773/8 10768/1 10774/10
f 10847/1 10846/2 10655/7 10657/8
f 10668/32 10657/2 10848/7 10852/33
f 10853/1 10854/2 10855/7 10856/8
f 10759/1 10753/2 10857/7 10858/8
f 10846/1 10889/5 10664/9 10655/8
f 10770/1 10767/2 10669/3 10664/4
f 10773/1 10772/10 10918/11 10919/8
f 10919/1 10920/21 10679/20 10678/8
f 10665/1 10671/2 10933/3 10934/4
f 10674/1 10666/2 10937/3 10938/4
f 10929/22 10770/2 10889/7 10930/40
f 10942/1 10943/2 10856/7 10855/8
f 10934/1 10937/10 10944/11 10945/8
f 10946/1 10947/2 10938/7 10933/8
f 10753/1 10756/2 10959/7 10857/8
f 10960/1 10668/2 10852/7 10961/8
f 10666/1 10960/2 10944/3 10937/4
f 10772/1 10774/2 10962/7 10918/8
f 10755/1 10758/5 10965/9 10966/8
f 10854/1 10967/2 10942/7 10855/8
f 10671/1 10670/2 10946/3 10933/4
f 11007/7 10847/8 11008/1 10966/2
f 10858/7 10857/8 10959/1 11009/2
f 10930/6 10889/4 10846/1 11007/5
f 10920/7 10918/8 10962/1 11013/2
f 10967/1 11050/2 10945/7 10942/8
f 10961/1 11051/2 10943/7 10944/8
f 11009/42 11008/2 10660/7 10659/71
f 10756/22 10755/2 10966/7 10959/40
f 10767/1 10768/2 10680/3 10669/4
f 10670/1 10672/2 10947/3 10946/4
f 10774/1 10771/2 11013/7 10962/8
f 10858/1 11009/2 10659/7 10658/8
f 10771/32 10759/2 10658/3 10673/73
f 10920/1 11013/2 10673/7 10679/8
f 11051/1 10853/2 10856/7 10943/8
f 10672/1 10674/2 10938/3 10947/4
f 11050/1 10967/2 10854/7 10848/8
f 11051/1 10961/2 10852/7 10853/8
f 11008/1 10847/2 10657/7 10660/8
f 10657/1 11064/2 11050/7 10848/8
f 11064/1 10665/2 10934/3 10945/4
f 10768/1 10773/2 10678/3 10680/4
f 11122/1 11123/10 11124/11 11125/8
f 11126/1 11127/2 11128/7 11122/8
f 11129/1 11130/5 11131/9 11132/8
f 11133/48 11134/55 11130/7 11135/8
f 11136/1 11137/2 11138/7 11139/8
f 11140/1 11141/5 11133/9 11137/8
f 11145/1 11146/2 11147/7 11143/8
f 11151/1 11152/2 11153/7 11154/8
f 11155/1 11156/2 11157/7 11158/8
f 11159/48 11160/55 11155/7 11161/8
f 11162/1 11163/5 11159/9 11164/8
f 11183/36 11184/4 11185/1 11186/21
f 11187/7 11188/8 11184/1 11189/2
f 11190/9 11191/8 11192/1 11183/5
f 11193/3 11194/4 11195/1 11190/2
f 11196/1 11197/2 11198/7 11199/8
f 11203/61 11204/4 11205/1 11206/10
f 11207/9 11208/8 11209/1 11203/5
f 11210/61 11211/4 11212/1 11207/10
f 11129/1 11132/2 11213/3 11214/4
f 11217/1 11216/2 11218/7 11219/8
f 11220/1 11161/2 11221/3 11222/4
f 11159/1 11220/2 11147/7 11146/8
f 11196/1 11199/2 11159/7 11163/8
f 11128/1 11127/2 11239/3 11240/4
f 11138/1 11137/2 11245/3 11246/4
f 11140/1 11137/2 11247/7 11248/8
f 11145/1 11143/2 11249/7 11252/8
f 11132/1 11128/2 11240/3 11213/4
f 11152/1 11151/2 11123/7 11131/8
f 11186/42 11185/2 11258/7 11153/71
f 11154/32 11258/2 11125/7 11124/33
f 11211/1 11210/10 11197/11 11259/8
f 11259/1 11196/5 11163/9 11162/8
f 11164/1 11159/5 11146/9 11150/8
f 11150/1 11145/2 11252/7 11265/8
f 11199/1 11198/2 11160/7 11159/8
f 11272/1 11186/2 11153/7 11152/8
f 11273/32 11272/2 11131/3 11134/73
f 11193/1 11273/2 11157/7 11156/8
f 11143/1 11147/2 11222/7 11249/8
f 11151/1 11154/2 11124/7 11123/8
f 11276/1 11135/2 11277/3 11278/4
f 11203/22 11206/2 11195/7 11194/40
f 11133/1 11276/2 11279/7 11280/8
f 11155/1 11158/2 11133/7 11141/8
f 11281/22 11203/2 11155/3 11160/23
f 11210/1 11281/2 11198/7 11197/8
f 11161/1 11155/2 11141/7 11282/8
f 11194/1 11193/2 11156/7 11155/8
f 11282/1 11140/2 11248/7 11221/8
f 11137/1 11133/5 11280/9 11247/8
f 11247/1 11217/2 11219/7 11245/8
f 11158/1 11157/2 11134/7 11133/8
f 11137/1 11136/2 11285/7 11247/8
f 11139/1 11138/2 11246/3 11286/4
f 11216/1 11279/2 11278/7 11218/8
f 11287/1 11205/2 11188/7 11187/8
f 11206/1 11288/2 11191/7 11195/8
f 11127/1 11126/2 11289/3 11239/4
f 11135/1 11129/2 11214/3 11277/4
f 11239/1 11214/2 11213/7 11240/8
f 11286/1 11278/10 11277/11 11289/8
f 11245/1 11219/2 11218/7 11246/8
f 11217/1 11280/2 11279/7 11216/8
f 11283/1 11248/2 11247/7 11285/8
f 11293/1 11222/5 11221/9 11283/8
f 11265/1 11252/2 11249/7 11293/8
f 11310/1 11311/2 11312/7 11313/8
f 11313/1 11314/10 11315/11 11316/8
f 11320/1 11321/2 11314/7 11319/8
f 11365/1 11366/2 11362/7 11367/8
f 11368/32 11369/2 11367/3 11370/73
f 11371/1 11372/2 11370/7 11373/8
f 11422/1 11423/2 11424/7 11425/8
f 11426/1 11427/2 11428/3 11429/4
f 11510/1 11367/21 11362/20 11511/8
f 11330/48 11310/55 11510/7 11515/8
f 11426/1 11516/5 11367/9 11427/8
f 11321/1 11518/2 11516/7 11519/8
f 11522/1 11370/12 11518/13 11330/8
f 11527/1 11523/2 11526/7 11522/8
f 11528/1 11373/10 11370/11 11529/8
f 11422/9 11579/8 11580/1 11423/5
f 11589/13 11590/8 11591/1 11369/12
f 11593/9 11594/8 11590/1 11595/5
f 11596/9 11597/8 11598/1 11589/5
f 11368/13 11603/8 11594/1 11596/12
f 11604/11 11605/8 11606/1 11607/10
f 11579/1 11591/2 11515/3 11510/4
f 11427/22 11510/2 11656/7 11657/40
f 11657/1 11658/2 11659/7 11428/8
f 11369/22 11422/2 11425/7 11365/40
f 11684/1 11429/2 11428/7 11659/8
f 11316/1 11315/10 11686/11 11687/8
f 11709/1 11710/2 11523/7 11527/8
f 11605/1 11604/10 11711/11 11710/8
f 11712/1 11371/10 11373/11 11528/8
f 11658/1 11735/2 11684/7 11659/8
f 11736/1 11712/2 11528/7 11529/8
f 11591/1 11603/10 11522/61 11515/4
f 11744/1 11709/2 11527/7 11522/8
f 11735/1 11758/2 11687/7 11684/8
f 11519/1 11426/2 11429/3 11686/4
f 11321/1 11519/2 11686/3 11315/4
f 11604/1 11607/2 11778/7 11711/8
f 11365/9 11425/8 11424/1 11366/5
f 11710/7 11709/8 11744/1 11809/2
f 11710/1 11712/2 11736/7 11809/8
f 11371/7 11711/8 11778/1 11372/2
f 11423/22 11580/2 11865/7 11424/40
f 11366/42 11865/2 11511/7 11362/71
f 11603/1 11606/2 11809/7 11744/8
f 11809/1 11736/2 11529/7 11526/8
f 11607/1 11368/2 11372/7 11778/8
f 11580/1 11579/2 11510/3 11511/4
f 11510/1 11877/2 11758/7 11656/8
f 11877/1 11310/2 11316/3 11687/4
f 11710/1 11809/2 11526/7 11523/8
f 11606/1 11605/2 11710/7 11809/8
f 11758/1 11735/2 11658/7 11656/8
f 11914/1 11915/2 11910/7 11916/8
f 11931/1 11932/10 11933/11 11934/8
f 11935/1 11936/5 11937/9 11938/8
f 11939/1 11940/2 11932/7 11941/8
f 11942/48 11943/55 11944/7 11935/8
f 11945/1 11946/2 11947/7 11948/8
f 11949/1 11950/5 11951/9 11942/8
f 11968/18 11967/19 11971/1 11972/2
f 11973/1 11974/5 11975/9 11976/8
f 11937/1 11936/2 11992/3 11993/4
f 11910/1 11915/2 11997/7 11998/8
f 11973/1 11976/2 11951/7 11950/8
f 12006/61 12007/4 12008/1 12009/10
f 12010/7 12011/8 12007/1 12012/2
f 12013/7 12014/8 12015/1 12006/2
f 12016/61 12017/4 12011/1 12013/10
f 12008/1 12055/2 11931/3 11934/4
f 12055/1 12017/21 11968/20 11972/8
f 11944/1 12056/2 12057/3 12058/4
f 12056/1 11943/2 11914/7 11916/8
f 12009/32 12008/2 11934/3 11933/73
f 11943/1 11945/5 12065/9 11914/8
f 11976/1 11975/5 11946/9 11951/8
f 11915/1 12065/2 12066/7 11997/8
f 11967/1 11973/5 11950/9 11949/8
f 12017/1 12016/10 11974/11 11968/8
f 12071/1 12009/2 12072/7 12073/8
f 11947/1 11940/2 12074/3 12075/4
f 12016/1 12076/2 11975/7 11974/8
f 11936/1 11944/2 12058/3 11992/4
f 11940/1 11939/2 12086/3 12074/4
f 11939/1 11941/2 12087/3 12086/4
f 11945/1 11948/2 12088/3 12066/4
f 11916/1 11910/2 11998/7 12057/8
f 11948/1 11947/2 12075/3 12088/4
f 11972/1 11971/2 11938/7 11931/8
f 11941/1 11937/2 11993/3 12087/4
f 11992/1 12086/2 12087/7 11993/8
f 12057/1 12075/10 12074/11 12058/8
f 11997/1 12066/2 12088/7 11998/8
f 12161/1 9620/2 9604/7 12162/8
f 12206/1 12207/12 12208/13 12209/8
f 12210/1 12211/10 12212/11 12213/8
f 12246/48 12247/55 12248/7 12249/8
f 12250/48 12251/55 12252/7 12253/8
f 12254/1 12255/5 12256/9 12246/8
f 12257/1 12258/5 12251/9 12259/8
f 12209/1 12208/12 12258/13 12254/8
f 12317/13 12318/8 12319/1 12320/12
f 12323/9 12324/8 12318/1 12325/5
f 12326/9 12327/8 12328/1 12317/5
f 12329/13 12330/8 12324/1 12326/12
f 12211/11 12210/8 12341/1 12342/10
f 9772/92 12360/93 12162/7 9604/8
f 12400/18 9800/19 9834/1 12399/2
f 12478/1 12479/2 12480/7 12481/8
f 12482/1 12483/10 12484/11 12485/8
f 12486/1 12487/2 12488/7 12489/8
f 12528/1 12253/2 12529/7 12530/8
f 12250/1 12528/2 12484/3 12483/4
f 12211/1 12342/2 12531/7 12212/8
f 12319/1 12330/10 12254/61 12249/4
f 12551/1 12206/2 12209/7 12254/8
f 12557/1 12161/2 12162/7 12361/8
f 12400/42 12399/2 12361/3 12360/43
f 12564/1 12565/2 12485/7 12478/8
f 12530/1 12568/2 12479/7 12484/8
f 12574/1 12564/2 12478/7 12481/8
f 12256/1 12255/2 12486/3 12489/4
f 12330/1 12341/2 12630/7 12551/8
f 12255/1 12257/2 12487/3 12486/4
f 12342/1 12329/2 12631/7 12531/8
f 12213/7 12206/8 12551/1 12630/2
f 12207/7 12212/8 12531/1 12631/2
f 12557/7 9835/8 9620/1 12161/2
f 12399/1 9834/2 9835/7 12557/8
f 9800/1 12400/2 12360/3 9772/4
f 12329/32 12320/2 12252/3 12258/73
f 12207/1 12631/2 12258/7 12208/8
f 12248/1 12719/2 12565/7 12720/8
f 12719/1 12247/2 12482/3 12485/4
f 12341/1 12210/2 12213/7 12630/8
f 12565/1 12564/2 12574/7 12720/8
f 12568/1 12530/2 12529/7 12721/8
f 12247/1 12256/2 12489/3 12482/4
f 12259/1 12250/2 12483/3 12488/4
f 12568/1 12721/2 12480/7 12479/8
f 12257/1 12259/2 12488/3 12487/4
f 12726/1 12727/2 12249/7 12248/8
f 12253/32 12248/2 12720/7 12529/33
f 12721/1 12574/2 12481/7 12480/8
f 13001/1 13002/2 13003/3 13004/4
f 13005/1 13006/2 13007/3 13008/4
f 13007/1 13017/10 13018/11 13008/8
f 13003/1 13021/5 13022/9 13004/8
f 13023/1 13024/5 13019/9 13025/8
f 13029/1 13030/2 13031/7 13032/8
f 13040/20 13006/8 13005/1 13041/21
f 13043/13 13002/8 13001/1 13040/12
f 13029/1 13032/2 13018/7 13017/8
f 13040/1 13041/2 13031/7 13030/8
f 13043/1 13040/2 13019/3 13024/4
f 13006/1 13001/2 13004/3 13007/4
f 13025/1 13022/2 13080/3 13081/4
f 13030/1 13029/2 13017/7 13019/8
f 13022/1 13021/2 13082/3 13080/4
f 13023/1 13025/2 13081/3 13088/4
f 13082/1 13088/2 13081/7 13080/8
f 13109/1 13110/2 13111/7 13112/8
f 13116/1 13117/2 13118/3 13119/4
f 13120/1 13121/2 13118/7 13122/8
f 13126/1 13127/2 13128/3 13129/4
f 13134/1 13135/2 13136/7 13137/8
f 13141/1 13140/2 13142/7 13143/8
f 13159/42 13160/2 13161/7 13162/71
f 13163/42 13164/2 13165/7 13166/71
f 13137/1 13142/2 13167/7 13168/8
f 13169/1 13170/10 13143/11 13136/8
f 13171/1 13172/2 13173/7 13174/8
f 13111/1 13197/2 13198/7 13112/8
f 13199/1 13200/10 13201/11 13202/8
f 13118/1 13203/2 13204/7 13119/8
f 13205/1 13122/2 13118/7 13206/8
f 13207/1 13208/10 13209/11 13210/8
f 13215/1 13129/2 13128/7 13216/8
f 12248/1 12252/21 13225/20 13226/8
f 13285/1 13286/21 13162/20 13161/8
f 13287/50 13288/72 13289/7 13285/8
f 13290/50 13291/72 13292/7 13286/8
f 13298/1 13299/10 13290/11 13288/8
f 13314/1 13315/21 13305/20 13304/8
f 13323/48 13325/55 13326/7 13314/8
f 13327/48 13328/55 13329/7 13315/8
f 13339/1 13117/10 13116/11 13324/8
f 13343/50 13344/72 13337/7 13339/8
f 13345/48 13346/55 13347/7 13348/8
f 13126/1 13353/5 13346/9 13127/8
f 13357/1 13358/21 13353/20 13344/8
f 12320/13 12319/8 13363/1 13364/12
f 13367/20 13368/8 13164/1 13163/21
f 13145/13 13369/8 13370/1 13367/12
f 13372/9 13373/8 13369/1 13374/5
f 13375/9 13376/8 13377/1 13145/5
f 13379/13 13380/8 13373/1 13375/12
f 13381/20 13382/8 13383/1 13379/21
f 13390/36 13391/4 13392/1 13387/21
f 13393/9 13394/8 13391/1 13395/5
f 13396/11 13397/8 13394/1 13398/10
f 13399/20 13400/8 13401/1 13396/21
f 13402/9 13403/8 13400/1 13404/5
f 13405/7 13406/8 13407/1 13399/2
f 13408/36 13409/4 13403/1 13405/21
f 13387/42 13392/2 13304/3 13305/43
f 13461/1 13387/2 13305/3 13315/4
f 13390/1 13461/2 13462/7 13463/8
f 13464/1 13315/2 13465/7 13466/8
f 13327/1 13464/2 13201/3 13200/4
f 13469/1 13470/2 13471/3 13472/4
f 13473/42 13469/2 13347/7 13358/71
f 13380/1 13383/2 13288/3 13287/4
f 13288/1 13290/10 13476/11 13477/8
f 13478/1 13479/2 13172/7 13171/8
f 13480/1 13481/2 13291/7 13290/8
f 13409/1 13408/21 13489/20 13490/8
f 13491/1 13473/21 13358/20 13357/8
f 13364/59 13363/2 13499/7 13500/67
f 13500/42 13504/2 13226/7 13225/71
f 13509/1 13510/2 13216/7 13207/8
f 13127/1 13345/2 13208/3 13128/4
f 13121/1 13528/2 13203/7 13118/8
f 13348/1 13347/2 13472/7 13528/8
f 13397/1 13401/2 13529/7 13530/8
f 13117/22 13337/2 13531/7 13121/40
f 13121/1 13532/2 13206/7 13118/8
f 13543/1 13390/2 13463/7 13544/8
f 13110/1 13540/2 13202/7 13111/8
f 13466/1 13548/2 13197/7 13201/8
f 13140/1 13569/2 13167/7 13142/8
f 13479/1 13570/2 13173/7 13172/8
f 13575/1 13529/2 13339/7 13324/8
f 13401/1 13577/10 13343/61 13339/4
f 13577/1 13409/2 13490/7 13578/8
f 13164/1 13368/2 13581/7 13165/8
f 13289/1 13582/2 13135/7 13583/8
f 13582/1 13584/2 13169/3 13136/4
f 13584/1 13288/2 13477/7 13585/8
f 13383/1 13382/2 13298/3 13288/4
f 13363/1 12319/2 12727/7 13499/8
f 13585/1 13603/2 13174/7 13169/8
f 13570/1 13604/2 13170/7 13173/8
f 13548/1 13615/2 13198/7 13197/8
f 13408/59 13398/2 13617/7 13489/67
f 13528/1 13616/2 13204/7 13203/8
f 13618/1 13348/2 13528/7 13619/8
f 13345/1 13618/2 13209/3 13208/4
f 13368/1 13370/2 13620/7 13581/8
f 13286/32 13289/2 13583/7 13621/33
f 13569/1 13622/2 13168/7 13167/8
f 13623/1 13624/2 13286/7 13292/8
f 13367/1 13163/2 13166/7 13623/8
f 13379/32 13367/2 13292/3 13291/73
f 13326/1 13628/2 13540/7 13629/8
f 13628/1 13325/2 13199/3 13202/4
f 13532/1 13630/2 13205/7 13206/8
f 13510/1 13631/2 13215/7 13216/8
f 13135/1 13134/2 13622/7 13583/8
f 13140/1 13141/2 13621/7 13569/8
f 13477/1 13478/2 13603/7 13585/8
f 13479/1 13476/2 13604/7 13570/8
f 13540/1 13110/2 13109/7 13629/8
f 13548/1 13466/2 13465/7 13615/8
f 13528/1 13472/2 13471/7 13616/8
f 13639/1 13630/2 13532/7 13531/8
f 13120/1 13619/2 13528/7 13121/8
f 13641/1 13631/2 13510/7 13509/8
f 12727/1 12726/2 13504/7 13499/8
f 13581/7 13620/8 13160/1 13165/2
f 13624/1 13623/2 13166/7 13159/8
f 13653/1 13654/2 13481/7 13480/8
f 13657/7 13463/8 13462/1 13658/2
f 13661/9 13617/8 13544/1 13657/5
f 13530/7 13529/8 13575/1 13662/2
f 13473/28 13489/29 13617/1 13470/2
f 13490/1 13491/2 13665/7 13578/8
f 13315/32 13326/2 13629/7 13465/33
f 13615/1 13109/2 13112/7 13198/8
f 13658/1 13462/2 13315/7 13329/8
f 13382/1 13381/21 13654/20 13684/8
f 13684/1 13653/10 13299/11 13298/8
f 13661/22 13658/2 13329/7 13328/40
f 13578/1 13665/2 13344/7 13343/8
f 13344/1 13126/5 13688/9 13641/8
f 13631/1 13688/2 13129/7 13215/8
f 13630/1 13639/2 13210/7 13205/8
f 13619/1 13120/2 13122/7 13209/8
f 13325/1 13116/2 13119/3 13199/4
f 13616/1 13471/2 13200/7 13204/8
f 13470/1 13661/2 13328/7 13327/8
f 13662/1 13575/2 13324/7 13323/8
f 13624/1 13159/2 13162/7 13286/8
f 13698/1 13286/2 13621/7 13141/8
f 13297/1 13698/2 13143/3 13170/4
f 13290/1 13297/2 13604/7 13476/8
f 13653/1 13480/2 13290/7 13299/8
f 13392/1 13394/10 13323/61 13304/4
f 13394/1 13397/2 13530/7 13662/8
f 13337/1 13701/2 13639/7 13531/8
f 13701/1 13702/2 13207/3 13210/4
f 13702/1 13344/2 13641/7 13509/8
f 13665/1 13491/2 13357/7 13344/8
f 13622/1 13134/2 13137/7 13168/8
f 13603/1 13478/2 13171/7 13174/8
f 12320/1 13364/2 13225/3 12252/4
f 13504/1 12726/2 12248/7 13226/8
f 13160/1 13620/2 13285/7 13161/8
f 13370/1 13380/10 13287/61 13285/4
f 13837/1 13838/21 12836/20 13839/8
f 13841/48 13842/55 13843/7 13837/8
f 13844/1 13845/5 13840/9 13846/8
f 13847/1 13848/5 13849/9 13841/8
f 13850/1 13851/2 13848/7 13852/8
f 13878/1 13879/2 12834/7 12782/8
f 13884/1 13885/5 13886/9 13887/8
f 13892/1 13893/10 13885/11 13894/8
f 13897/1 13898/2 13899/7 13900/8
f 13901/1 13902/5 13903/9 13892/8
f 14002/56 14003/4 14004/1 14005/12
f 14010/9 14011/8 14003/1 14012/5
f 14013/9 14014/8 14015/1 14002/5
f 14016/13 14017/8 14011/1 14013/12
f 14018/20 14019/8 14017/1 14020/21
f 13842/1 13849/2 14171/3 14172/4
f 14173/1 14175/2 14176/7 14177/8
f 13900/1 13899/2 13852/7 13847/8
f 14186/1 14187/2 14188/7 14189/8
f 13846/22 13843/2 14201/7 14202/40
f 14202/1 14203/2 14204/7 14205/8
f 13879/1 13878/2 13838/7 13840/8
f 13887/1 13886/5 13845/9 13844/8
f 14207/1 14208/2 14209/7 14210/8
f 14212/1 14211/2 14213/7 14214/8
f 14005/59 14004/2 14215/7 12834/67
f 12782/42 14215/2 13839/7 12836/71
f 14004/1 14017/21 13847/36 13839/4
f 14017/1 14019/2 13897/7 13900/8
f 14019/1 14018/21 13902/20 13897/8
f 13898/1 13901/2 13851/7 13850/8
f 14210/1 14213/2 14205/7 14204/8
f 14172/1 14176/10 14214/11 14209/8
f 14189/1 14188/2 14177/7 14171/8
f 14266/1 14005/2 12834/7 13879/8
f 14002/1 14266/2 13840/3 13845/4
f 14016/22 14002/2 13886/7 13893/40
f 14208/1 14207/2 14203/7 14201/8
f 14175/7 14173/8 14211/1 14212/2
f 14187/7 14186/8 14174/1 14173/2
f 13844/1 13846/2 14205/3 14213/4
f 14187/1 14173/2 14177/7 14188/8
f 13878/1 12782/2 12836/7 13838/8
f 14175/1 14212/2 14214/7 14176/8
f 13843/1 14279/2 14208/7 14201/8
f 14279/1 13842/2 14172/3 14209/4
f 13899/1 13898/2 13850/7 13852/8
f 14203/1 14207/2 14210/7 14204/8
f 13901/22 13894/2 13849/7 13851/40
f 14174/1 14186/2 14189/7 14171/8
f 3499/1 14333/2 14335/7 3502/8
f 14350/1 14351/2 14352/7 14353/8
f 14354/7 14355/8 14356/1 14345/2
f 14375/7 14376/8 14374/1 14373/2
f 4328/7 7902/8 14333/1 3499/2
f 14623/1 14624/2 14625/7 14626/8
f 14630/1 14629/2 14631/7 14632/8
f 14644/42 14651/2 14353/7 14356/71
f 14345/42 14352/2 14652/7 14653/71
f 14666/1 14644/2 14356/7 14355/8
f 14667/1 14668/2 14669/7 14630/8
f 14670/1 14667/2 14632/3 14671/4
f 14674/1 14673/2 14374/7 14376/8
f 14333/1 7902/2 7838/7 14335/8
f 14624/1 14623/2 14682/7 14683/8
f 14629/1 14630/2 14669/7 14684/8
f 14688/1 14689/2 14686/7 14690/8
f 14651/1 14702/2 14350/7 14353/8
f 14702/1 14703/10 14704/61 14705/4
f 14682/1 14623/2 14626/7 14728/8
f 14686/1 14689/2 14730/7 14731/8
f 14703/1 14770/2 14771/3 14704/4
f 14771/1 14772/5 14695/9 14688/8
f 14689/1 14695/2 14773/7 14730/8
f 14673/1 14774/2 14373/7 14374/8
f 14666/20 14702/8 14651/1 14644/21
f 14800/13 14801/8 14702/1 14796/12
f 14805/9 14806/8 14801/1 14807/5
f 14808/9 14809/8 14810/1 14800/5
f 14774/13 14703/8 14806/1 14808/12
f 14674/11 14812/8 14770/1 14673/10
f 14690/1 14686/2 14731/7 14875/8
f 14876/1 14670/2 14671/3 14877/4
f 14351/1 14350/2 14705/7 14881/8
f 14668/32 14881/2 14683/7 14669/33
f 14684/1 14682/2 14728/7 14882/8
f 14796/1 14666/2 14355/7 14354/8
f 14354/1 14345/2 14653/7 14887/8
f 14774/32 14796/2 14887/3 14888/73
f 14375/1 14373/2 14888/7 14889/8
f 14352/1 14351/2 14881/7 14652/8
f 14881/1 14892/2 14624/7 14683/8
f 14892/1 14893/2 14875/3 14625/4
f 14893/1 14771/2 14688/7 14690/8
f 14770/1 14812/2 14895/3 14771/4
f 14626/1 14631/2 14882/7 14728/8
f 14875/1 14671/10 14632/11 14625/8
f 14730/1 14773/2 14877/7 14731/8
f 14629/1 14684/2 14882/7 14631/8
f 14772/1 14876/2 14877/3 14773/4
f 14881/1 14887/21 14653/20 14652/8
f 14704/50 14771/72 14881/7 14705/8
f 14670/48 14905/55 14887/7 14668/8
f 14772/1 14888/5 14905/9 14876/8
f 14895/1 14889/21 14888/20 14771/8
f 7838/1 2395/2 3502/7 14335/8
f 14812/1 14909/2 14733/3 14895/4
f 14910/1 14674/2 14376/7 14911/8
f 14911/1 14375/5 14889/9 14900/8
f 13002/1 14924/5 14925/6 13003/4
f 14924/1 14926/2 14927/7 14928/8
f 14925/48 15012/55 15013/7 13003/8
f 15014/48 15015/55 13024/7 15016/8
f 15022/1 15023/10 15014/11 15012/8
f 15110/9 15111/8 13002/1 15112/5
f 15113/9 15114/8 15115/1 13043/5
f 15121/56 14926/4 15111/1 15113/12
f 15125/7 12073/8 12072/1 15126/2
f 15126/1 12072/2 11933/7 15211/8
f 15223/1 15016/2 15224/3 15225/4
f 15014/1 15223/2 15227/7 15228/8
f 15229/1 15230/2 15014/7 15023/8
f 14928/1 15256/2 15012/7 14925/8
f 15012/1 15014/10 15228/11 15257/8
f 15258/1 15259/2 15260/7 15261/8
f 15230/1 15262/2 15015/7 15014/8
f 15276/1 15258/2 15261/7 15278/8
f 13021/1 15013/2 15328/3 13082/4
f 15016/1 13023/2 13088/3 15224/4
f 12076/1 15331/2 15332/3 11946/4
f 15453/1 15225/10 15224/11 15328/8
f 15261/1 15260/2 15454/7 15278/8
f 15125/1 15126/2 15211/7 15540/8
f 15331/32 15541/2 15540/3 15332/73
f 15013/1 15567/2 15453/3 15328/4
f 15567/1 15012/2 15257/7 15568/8
f 15256/1 15569/2 15022/7 15012/8
f 14927/1 15569/2 15256/7 14928/8
f 15229/1 15607/2 15262/7 15230/8
f 11946/81 15332/82 15211/7 11933/8
f 15331/34 12076/35 12071/1 15541/2
f 14926/1 15121/12 15607/13 14927/8
f 15569/1 15229/10 15023/11 15022/8
f 15568/1 15276/2 15278/7 15453/8
f 15665/1 15227/2 15225/7 15454/8
f 15123/22 13043/2 13024/3 15015/23
f 15121/1 15123/2 15262/7 15607/8
f 15259/1 15665/2 15454/7 15260/8
f 15541/1 12071/2 12073/7 15125/8
f 15257/1 15258/2 15276/7 15568/8
f 15259/1 15228/2 15227/7 15665/8

usemtl minecraft_block-andesite

f 5869/1 5866/2 5999/7 6000/8
f 6005/1 6006/2 6007/7 5866/8
f 5826/1 5827/2 6030/7 6031/8
f 5873/32 5869/2 6000/7 6126/33
f 5879/1 5880/2 6151/7 6152/8
f 5813/1 5811/2 6219/7 5793/8
f 6265/32 5866/2 5869/7 5873/33
f 5879/1 6266/2 5878/7 5880/8
f 6007/32 5881/2 5884/7 5866/33
f 6453/1 6445/2 6448/7 6454/8
f 5815/22 5787/2 6437/7 6444/40
f 5884/1 5881/2 6466/7 6467/8
f 5851/42 5826/2 6031/7 6495/71
f 5813/1 5793/2 6502/7 6505/8
f 5880/1 5878/2 6520/7 6151/8
f 5866/32 5884/2 6467/7 5999/33
f 6521/32 6005/2 5866/7 6265/33
f 5795/1 6525/2 6526/7 5787/8
f 5815/22 6505/2 6502/7 5795/40
f 5826/32 6528/2 6505/7 5827/33
f 6529/86 6530/2 6528/7 5851/87
f 5999/59 6520/2 6530/7 6000/67
f 6466/1 6152/2 6151/7 6467/8
f 5811/1 5813/2 6505/7 6223/8
f 5827/1 5815/2 6444/7 6030/8

usemtl minecraft_block-oak_log

f 32/1 31/2 44/18 45/19
f 34/1 37/2 49/18 48/19
f 31/1 34/2 48/18 44/19
f 101/1 102/2 114/18 115/19
f 122/1 121/2 123/18 124/19
f 121/1 101/2 115/18 123/19
f 221/1 220/2 222/28 223/29
f 251/1 274/2 270/28 275/29
f 301/1 308/2 309/38 310/39
f 338/1 332/2 347/38 348/39
f 356/1 357/2 358/28 353/29
f 396/1 408/2 413/18 414/19
f 456/1 457/2 458/7 459/8
f 332/1 301/2 310/38 347/39
f 308/1 338/2 348/38 309/39
f 562/1 560/2 522/28 521/29
f 274/1 566/2 523/28 270/29
f 569/1 251/2 275/28 524/29
f 592/1 591/2 534/38 536/39
f 408/1 754/2 353/18 413/19
f 560/1 221/2 223/28 522/29
f 756/1 585/2 531/38 535/39
f 741/1 740/2 747/7 746/8
f 357/1 393/2 414/28 358/29
f 220/1 562/2 521/28 222/29
f 566/1 569/2 524/28 523/29
f 585/1 592/2 536/38 531/39
f 591/1 756/2 535/38 534/39
f 769/1 768/2 719/7 718/8
f 737/1 736/2 749/7 748/8
f 768/1 456/2 459/7 719/8
f 740/1 737/2 748/7 747/8
f 457/1 769/2 718/7 458/8
f 736/1 741/2 746/7 749/8
f 1163/1 1167/2 907/18 906/19
f 1142/1 1138/2 905/34 904/35
f 1167/1 1273/2 904/18 907/19
f 1169/1 1163/2 906/18 905/19
f 1307/1 1308/2 1309/38 1310/39
f 1308/1 1352/2 1348/38 1309/39
f 1361/1 1358/2 1357/7 1362/8
f 1569/1 1570/2 1385/28 1378/29
f 1599/1 1600/2 1381/28 1386/29
f 1684/1 1361/2 1362/7 1685/8
f 1358/1 1703/2 1704/7 1357/8
f 1645/1 1307/2 1310/38 1737/39
f 1352/1 1645/2 1737/38 1348/39
f 1703/1 1684/2 1685/7 1704/8
f 1570/1 1599/2 1386/28 1385/29
f 1600/1 1569/2 1378/28 1381/29
f 1816/1 1817/2 1818/28 1819/29
f 1845/1 1846/2 1842/28 1847/29
f 1908/1 1909/2 1910/7 1911/8
f 1908/1 1915/2 1916/7 1909/8
f 1846/1 1816/2 1819/28 1842/29
f 1937/1 1938/2 1939/38 1940/39
f 2014/1 2011/2 2008/7 2007/8
f 2017/1 2011/2 2014/7 2018/8
f 1817/1 1845/2 1847/28 1818/29
f 2025/1 2026/2 2021/38 2027/39
f 1915/22 2017/2 2018/7 1916/40
f 2139/1 2133/2 2176/83 2177/84
f 1938/1 2025/2 2027/38 1939/39
f 2026/1 1937/2 1940/38 2021/39
f 2225/1 1984/2 2226/88 2176/89
f 2011/1 1908/5 1911/9 2008/8
f 2138/1 2139/2 2177/83 2230/84
f 1909/22 2014/2 2007/7 1910/40
f 1984/1 2244/2 2230/88 2226/89
f 2274/1 2254/2 2273/18 2250/19
f 2339/1 2345/2 2346/28 2347/29
f 2389/1 2390/2 2385/28 2391/29
f 2431/1 2432/2 2427/38 2433/39
f 2642/1 2643/2 2644/38 2645/39
f 2661/1 2662/2 2663/38 2664/39
f 2676/1 2677/2 2673/38 2678/39
f 2692/1 2693/2 2694/38 2689/39
f 2599/1 2596/2 2250/28 2524/29
f 2253/1 2598/2 2523/28 2273/29
f 2831/1 2828/2 2462/18 2467/19
f 2390/1 2339/2 2347/28 2385/29
f 2598/1 2599/2 2524/28 2523/29
f 2677/1 2692/2 2689/38 2673/39
f 2662/1 2642/2 2645/38 2663/39
f 2622/1 2913/2 2720/18 2719/19
f 2643/1 2661/2 2664/38 2644/39
f 2620/1 2431/2 2433/38 2482/39
f 2873/1 2871/2 2722/34 2721/35
f 2432/1 2614/2 2483/38 2427/39
f 2929/1 2928/2 2466/18 2465/19
f 2345/1 2389/2 2391/28 2346/29
f 2828/1 2929/2 2465/18 2462/19
f 2614/1 2620/2 2482/38 2483/39
f 2928/1 2831/2 2467/18 2466/19
f 2623/1 2622/2 2719/18 2722/19
f 2872/1 2873/2 2721/34 2720/35
f 2693/1 2676/2 2678/38 2694/39
f 3107/1 3108/2 3102/28 3109/29
f 3320/1 3321/2 3322/18 3323/19
f 3347/1 3346/2 3363/38 3364/39
f 3373/1 3107/2 3109/28 3370/29
f 3356/1 3354/2 3375/18 3376/19
f 3348/1 3344/2 3398/38 3402/39
f 3354/1 3320/2 3323/18 3375/19
f 3321/1 3356/2 3376/18 3322/19
f 3332/1 3331/2 3443/38 3444/39
f 3333/1 3335/2 3461/38 3463/39
f 3392/1 3373/2 3370/28 3468/29
f 3335/1 3332/2 3444/38 3461/39
f 3331/1 3333/2 3463/38 3443/39
f 3344/1 3347/2 3364/38 3398/39
f 3346/1 3348/2 3402/38 3363/39
f 3108/1 3392/2 3468/28 3102/29
f 3508/1 3509/2 3504/28 3510/29
f 3539/1 3540/2 3541/3 3542/4
f 3547/1 3541/2 1358/7 1361/8
f 3548/48 3549/55 3550/7 3544/8
f 3613/1 3612/2 3636/28 3635/29
f 3647/1 3648/2 3649/28 3650/29
f 3695/1 3689/2 3688/7 3697/8
f 3701/1 3696/2 3695/7 3702/8
f 3712/48 3713/55 3710/7 3701/8
f 3881/1 3882/2 3876/18 3883/19
f 3887/1 3888/2 3889/18 3886/19
f 3893/1 3881/2 3883/18 3894/19
f 3621/1 3624/2 3701/18 3710/19
f 3903/1 3904/2 3905/38 3906/39
f 3904/1 3701/2 3702/7 3907/8
f 3908/1 3909/2 3910/7 3911/8
f 3926/1 3927/2 3928/3 3929/4
f 3922/1 3925/2 3931/7 3932/8
f 3904/1 3539/2 3542/3 3916/4
f 3612/1 3615/2 3938/28 3636/29
f 3689/1 3971/2 3972/7 3688/8
f 3957/1 3960/2 3973/7 3974/8
f 201/1 103/2 210/38 3515/39
f 3610/1 3606/2 131/18 3678/19
f 4036/1 3887/2 3886/18 4037/19
f 4054/1 3547/2 1361/7 1684/8
f 3633/1 3630/2 4059/28 4047/29
f 3608/1 3610/2 3678/18 3677/19
f 3622/1 3621/2 3906/112 4075/113
f 3713/48 4047/55 3903/7 3710/8
f 3632/1 3633/2 4047/28 4083/29
f 4026/48 3548/55 3544/7 4047/8
f 4113/1 3957/2 3974/7 4114/8
f 3909/1 4118/2 4113/7 3910/8
f 3925/1 4120/2 4076/7 3931/8
f 3871/1 3508/2 3510/28 2948/29
f 3927/1 4004/2 4078/3 3928/4
f 1613/1 1616/2 1730/38 1733/39
f 3648/1 3866/2 4170/28 3649/29
f 1616/1 3860/2 4124/38 1730/39
f 3870/1 3871/2 2948/28 2946/29
f 4195/1 201/2 3515/38 3514/39
f 4200/1 3893/2 3894/18 4199/19
f 3971/1 4138/2 4214/7 3972/8
f 4213/1 3904/2 3907/7 4138/8
f 4047/48 4046/55 3904/7 3903/8
f 4217/1 3904/2 3916/3 4215/4
f 4027/48 4026/55 4047/7 4046/8
f 3615/1 3617/2 4209/28 3938/29
f 3866/1 3868/2 4235/28 4170/29
f 4253/1 4036/2 4037/18 4222/19
f 4138/1 3695/2 3697/7 4214/8
f 4139/1 4113/2 4114/7 4278/8
f 3882/1 4200/2 4199/18 3876/19
f 3625/1 3622/2 4075/112 4287/113
f 3696/1 4213/2 4138/7 3695/8
f 4118/1 4288/2 4139/7 4113/8
f 4290/1 4195/2 3514/38 3513/39
f 3605/1 3608/2 3677/18 3676/19
f 3617/1 3613/2 3635/28 4209/29
f 3888/1 4253/2 4222/18 3889/19
f 4308/1 4309/2 4083/18 4219/19
f 4004/1 4005/2 4079/3 4078/4
f 4120/1 4313/2 4077/7 4076/8
f 3540/1 4217/2 4215/3 3541/4
f 3541/1 4315/2 1703/7 1358/8
f 3606/1 3605/2 3676/18 131/19
f 3630/1 3629/2 4219/28 4059/29
f 103/1 4290/2 3513/38 210/39
f 3624/1 3625/2 3696/18 3701/19
f 3904/1 4213/2 4118/34 3909/35
f 3908/1 4288/2 4287/3 3905/4
f 4046/48 3712/55 3701/7 3904/8
f 3549/48 4027/55 4046/7 3550/8
f 3509/1 3870/2 2946/28 3504/29
f 3960/1 4139/2 4278/7 3973/8
f 4288/1 3908/2 3911/7 4139/8
f 4005/1 3926/2 3929/3 4079/4
f 3860/1 3859/2 4123/38 4124/39
f 4313/1 3922/2 3932/7 4077/8
f 4315/1 4054/2 1684/7 1703/8
f 3859/1 1613/2 1733/38 4123/39
f 3868/1 3647/2 3650/28 4235/29
f 4365/1 4366/2 4367/7 4368/8
f 4367/1 4370/2 4375/7 4376/8
f 4393/1 4394/2 4395/7 4396/8
f 4397/1 4396/2 4399/7 4400/8
f 4418/1 4419/2 4420/38 4421/39
f 4422/1 4423/2 4424/7 4425/8
f 4426/1 4427/2 4393/7 4394/8
f 4476/1 4477/2 4478/28 4473/29
f 4507/1 4508/2 4509/38 4504/39
f 4517/1 4518/2 4519/28 4520/29
f 4544/1 4545/2 4540/38 4546/39
f 4589/1 4590/2 4591/28 4592/29
f 4420/48 4423/55 4612/7 4611/8
f 4419/1 4618/2 4619/83 4424/84
f 4366/1 4393/2 4396/7 4367/8
f 4396/1 4367/2 4376/7 4399/8
f 4427/1 4655/2 4656/7 4393/8
f 4394/1 4365/2 4368/7 4395/8
f 4672/1 4426/2 4394/7 4673/8
f 4508/1 4544/2 4546/38 4509/39
f 4545/1 4507/2 4504/38 4540/39
f 4477/1 4517/2 4520/28 4478/29
f 4874/1 4875/2 4473/18 4519/19
f 4422/48 4421/55 4876/7 4879/8
f 4866/1 4418/2 4426/18 4672/19
f 4655/1 4427/2 4425/34 4884/35
f 4694/1 4690/2 4646/38 4647/39
f 4690/1 4689/2 4649/38 4646/39
f 4689/1 4692/2 4650/38 4649/39
f 4692/1 4694/2 4647/38 4650/39
f 4680/1 4589/2 4592/28 4667/29
f 4423/48 4422/55 4879/7 4612/8
f 4590/1 4682/2 4663/28 4591/29
f 4618/1 4866/2 4884/83 4619/84
f 4655/1 4672/2 4673/7 4656/8
f 4421/48 4420/55 4611/7 4876/8
f 4370/1 4397/2 4400/7 4375/8
f 4682/1 4680/2 4667/28 4663/29
f 5195/1 5188/2 5190/28 5196/29
f 5118/1 5121/2 5045/38 5050/39
f 5281/1 5286/2 5024/28 5027/29
f 5279/1 5276/2 5331/38 5332/39
f 5338/1 5195/2 5196/28 5339/29
f 5116/1 5118/2 5050/38 5049/39
f 5276/1 5275/2 5384/38 5331/39
f 5404/1 5399/2 5040/28 5039/29
f 5107/1 5102/2 5025/38 5024/39
f 5399/1 5440/2 5029/28 5040/29
f 5525/1 5338/2 5339/28 5526/29
f 5102/1 5104/2 5026/38 5025/39
f 5117/1 5116/2 5049/38 5042/39
f 5275/1 5277/2 5392/38 5384/39
f 5188/1 5525/2 5526/28 5190/29
f 5440/1 5568/2 5038/28 5029/29
f 5277/1 5279/2 5332/38 5392/39
f 5104/1 5098/2 5027/38 5026/39
f 5568/1 5404/2 5039/28 5038/29
f 5121/1 5117/2 5042/38 5045/39
f 6033/1 6038/2 5969/18 5961/19
f 6094/1 6095/2 6096/38 6097/39
f 6116/1 6111/2 6112/28 6117/29
f 6142/1 6143/2 5909/18 5918/19
f 6111/1 6200/2 6226/28 6112/29
f 6095/1 6198/2 6257/38 6096/39
f 6194/1 6193/2 6292/28 6289/29
f 6325/1 6326/2 6327/18 6328/19
f 6182/1 6142/2 5918/18 5917/19
f 6326/1 6375/2 6376/18 6327/19
f 6197/1 6094/2 6097/38 6314/39
f 6203/1 6204/2 5971/18 5970/19
f 6193/1 6195/2 6493/28 6292/29
f 6198/1 6197/2 6314/38 6257/39
f 6171/1 6182/2 5917/18 5906/19
f 6201/1 6116/2 6117/28 6506/29
f 6200/1 6201/2 6506/28 6226/29
f 6204/1 6033/2 5961/18 5971/19
f 6375/1 6474/2 6522/18 6376/19
f 6474/1 6325/2 6328/18 6522/19
f 6195/1 6196/2 6538/28 6493/29
f 6143/1 6171/2 5906/18 5909/19
f 6196/1 6194/2 6289/28 6538/29
f 6855/1 6856/2 6847/7 6846/8
f 6892/1 6893/2 6886/3 6894/4
f 6983/1 6979/2 7146/28 7148/29
f 6993/1 6989/2 7153/28 7155/29
f 6995/1 6992/2 6927/38 6939/39
f 6997/1 6999/2 7166/28 7167/29
f 7179/1 7180/2 7181/18 7182/19
f 6989/1 6988/2 7220/28 7153/29
f 7225/1 7226/2 7083/34 7082/35
f 7230/1 7013/2 7071/18 7083/19
f 7261/1 7262/2 6846/7 6845/8
f 7263/1 6855/2 6846/7 7262/8
f 6992/1 6991/2 6937/38 6927/39
f 6836/1 6835/2 7273/7 7274/8
f 7275/1 7276/2 6839/7 6835/8
f 6980/1 6983/2 7148/28 7284/29
f 6998/1 6997/2 7167/28 7285/29
f 6837/1 6836/2 7274/7 7287/8
f 7300/1 6892/2 6894/3 7301/4
f 7276/1 7302/2 6840/7 6839/8
f 7300/1 7261/2 6845/7 6848/8
f 7180/1 7309/2 7310/18 7181/19
f 7307/1 7263/2 7262/7 7311/8
f 6978/1 6980/2 7284/28 7328/29
f 6988/1 6990/2 7337/28 7220/29
f 6991/1 6994/2 6938/38 6937/39
f 7000/1 6998/2 7285/28 7338/29
f 6979/1 6978/2 7328/28 7146/29
f 7309/1 7389/2 7326/18 7310/19
f 6990/1 6993/2 7155/28 7337/29
f 7013/1 7012/2 7081/18 7071/19
f 7375/1 7225/2 7082/34 7081/35
f 6994/1 6995/2 6939/38 6938/39
f 6838/1 6837/2 7287/7 7391/8
f 7302/1 7409/2 6838/7 6840/8
f 6999/1 7000/2 7338/28 7166/29
f 6835/1 6838/2 7391/7 7273/8
f 6893/1 7416/2 7390/3 6886/4
f 7409/1 7275/2 6835/7 6838/8
f 7416/1 7300/2 7301/3 7390/4
f 7311/1 7300/2 6848/7 6847/8
f 6856/1 7307/2 7311/7 6847/8
f 7389/1 7179/2 7182/18 7326/19
f 7460/1 7461/2 7462/28 7463/29
f 7461/1 7532/2 7713/28 7462/29
f 7541/1 7543/2 7603/18 7602/19
f 7570/1 7571/2 7521/38 7526/39
f 7773/1 7761/2 7774/38 7775/39
f 7571/1 7569/2 7519/38 7521/39
f 7558/1 7560/2 7786/28 7787/29
f 7553/1 7550/2 7610/18 7609/19
f 7761/1 7841/2 7842/38 7774/39
f 7542/1 7541/2 7602/18 7596/19
f 7560/1 7561/2 7867/28 7786/29
f 7550/1 7549/2 7607/18 7610/19
f 7532/1 7533/2 7889/28 7713/29
f 7533/1 7460/2 7463/28 7889/29
f 7841/1 2939/2 7964/38 7842/39
f 7545/1 7542/2 7596/18 7604/19
f 7569/1 7568/2 7525/38 7519/39
f 7561/1 7559/2 7911/28 7867/29
f 7549/1 7552/2 7608/18 7607/19
f 2939/1 7773/2 7775/38 7964/39
f 7543/1 7545/2 7604/18 7603/19
f 7559/1 7558/2 7787/28 7911/29
f 7552/1 7553/2 7609/18 7608/19
f 7568/1 7570/2 7526/38 7525/39
f 8362/1 8363/2 8364/18 8365/19
f 8471/1 8478/2 8479/18 8475/19
f 8497/1 8498/2 8499/28 8500/29
f 8514/1 8509/2 8512/18 8515/19
f 8528/1 8529/2 8530/28 8531/29
f 8666/1 8668/2 8588/38 8587/39
f 8665/1 8664/2 8586/38 8589/39
f 8498/1 8528/2 8531/28 8499/29
f 8363/1 8765/2 8640/18 8364/19
f 8529/1 8497/2 8500/28 8530/29
f 8764/1 8362/2 8365/18 8644/19
f 8763/1 8761/2 8798/38 8802/39
f 8760/1 8762/2 8815/38 8816/39
f 8765/1 8764/2 8644/18 8640/19
f 8660/1 8662/2 7651/18 8674/19
f 8659/1 8658/2 8673/18 7649/19
f 8478/1 8514/2 8515/18 8479/19
f 8761/1 8760/2 8816/38 8798/39
f 8509/1 8471/2 8475/18 8512/19
f 8762/1 8763/2 8802/38 8815/39
f 8664/1 8666/2 8587/38 8586/39
f 8658/1 8660/2 8674/18 8673/19
f 8668/1 8665/2 8589/38 8588/39
f 8662/1 8659/2 7649/18 7651/19
f 8929/1 8930/2 8931/7 8932/8
f 8931/1 8932/2 8922/3 8933/4
f 8934/1 8935/2 8936/7 8930/8
f 8940/1 8941/2 8936/3 8942/4
f 9007/1 9008/2 9009/7 9010/8
f 9129/1 9130/2 9131/18 9120/19
f 9138/1 9142/2 9143/18 9132/19
f 9181/1 9178/2 9177/7 9182/8
f 9185/48 9186/55 9184/7 9187/8
f 9182/1 9188/2 9186/7 9183/8
f 9196/1 9194/2 9197/3 9198/4
f 9259/48 9260/55 9258/7 9256/8
f 9277/1 9278/2 9233/3 9231/4
f 9318/1 9181/2 9182/7 9320/8
f 9325/1 9182/2 9183/7 9326/8
f 9239/1 8929/2 8932/7 9331/8
f 8932/1 9332/2 9333/3 8922/4
f 6512/1 9129/2 9120/18 6348/19
f 9339/48 9259/55 9256/7 9337/8
f 8972/1 8966/2 9097/138 9096/139
f 9367/1 9007/2 9010/7 9368/8
f 9369/1 9277/2 9231/3 9242/4
f 8935/1 9368/2 9241/7 8936/8
f 8941/1 9378/2 9230/3 8936/4
f 9387/48 9185/55 9187/7 9384/8
f 8966/1 8968/2 9008/18 9007/19
f 9367/1 9391/2 9278/28 9277/29
f 9369/1 9389/2 9098/7 9097/8
f 9194/1 9248/2 9309/3 9197/4
f 9142/1 6364/2 6366/18 9143/19
f 9240/1 9239/2 9331/7 9421/8
f 9391/1 9367/2 9368/7 9422/8
f 9368/1 9422/2 9240/7 9241/8
f 9479/1 6512/2 6348/18 6394/19
f 6364/1 6513/2 6395/18 6366/19
f 9526/48 9339/55 9337/7 9525/8
f 9491/1 9318/2 9320/7 9339/8
f 9529/48 9387/55 9384/7 9526/8
f 9389/1 9369/2 9242/3 9236/4
f 9260/48 9526/55 9525/7 9258/8
f 9186/48 9529/55 9526/7 9184/8
f 9554/1 8972/2 9096/138 9099/139
f 9178/1 9491/2 9339/7 9177/8
f 9188/1 9344/2 9553/7 9186/8
f 8930/1 9240/2 9421/7 8931/8
f 9518/1 8931/2 8933/3 9533/4
f 9130/1 9479/2 6394/18 9131/19
f 8968/1 9554/2 9186/83 9185/84
f 9387/1 9529/2 9099/34 9098/35
f 9008/1 9391/2 9422/7 9009/8
f 9278/1 9389/2 9236/3 9233/4
f 9422/1 8934/2 8930/7 9240/8
f 9344/1 9325/2 9326/7 9553/8
f 9332/1 9518/2 9533/3 9333/4
f 9378/1 9393/2 9243/3 9230/4
f 9248/1 9243/2 9310/3 9309/4
f 9393/1 8940/2 8942/3 9243/4
f 9243/1 9196/2 9198/3 9310/4
f 6513/1 9138/2 9132/18 6395/19
f 9597/1 9598/2 9599/7 9600/8
f 9599/1 9601/2 9602/7 9603/8
f 9621/1 9622/2 9623/7 9624/8
f 9629/1 9630/2 9631/90 9632/91
f 9633/1 9634/2 9635/7 9636/8
f 9637/1 9636/2 9621/7 9622/8
f 9646/1 9647/2 9648/7 9649/8
f 9654/1 9655/2 9649/34 9656/35
f 9657/1 9648/2 9658/34 9659/35
f 9634/1 9597/2 9600/7 9635/8
f 9648/1 9657/2 9674/7 9673/8
f 9647/1 9621/2 9624/7 9648/8
f 9598/1 9633/2 9636/7 9599/8
f 9636/1 9599/2 9603/7 9621/8
f 9656/1 9649/2 9670/7 9675/8
f 9622/1 9646/2 9649/7 9623/8
f 9601/1 9637/2 9622/7 9602/8
f 9657/1 9656/2 9675/7 9674/8
f 9630/1 9654/2 9659/90 9631/91
f 9649/1 9648/2 9673/7 9670/8
f 9655/1 9629/2 9623/34 9649/35
f 9648/1 9624/2 9632/34 9658/35
f 9868/1 9869/2 9813/7 9812/8
f 9780/1 9779/2 9842/7 9841/8
f 9870/1 9871/2 9811/7 9810/8
f 9811/1 9810/2 9780/7 9786/8
f 9778/1 9777/2 9840/7 9839/8
f 9840/1 9839/2 9876/7 9877/8
f 9809/1 9822/2 9785/7 9777/8
f 9844/1 9843/2 9879/7 9880/8
f 9871/1 9868/2 9812/7 9811/8
f 9822/1 9811/2 9786/7 9785/8
f 9777/1 9780/2 9841/7 9840/8
f 9843/1 9840/2 9877/7 9879/8
f 9869/1 9870/2 9810/7 9813/8
f 9810/1 9809/2 9777/7 9780/8
f 9779/1 9778/2 9839/7 9842/8
f 9839/1 9844/2 9880/7 9876/8
f 9891/1 9903/2 9904/142 9897/143
f 9913/1 9914/2 9907/7 9906/8
f 9932/1 9942/2 9943/38 9944/39
f 9978/1 9979/2 9973/7 9972/8
f 10067/1 10166/2 10173/28 10174/29
f 10078/1 9934/2 9944/28 7195/29
f 10281/1 10280/2 10115/28 10118/29
f 10307/1 10308/2 9906/7 9905/8
f 10309/1 9913/2 9906/7 10308/8
f 10312/1 9978/2 9972/7 10309/8
f 10343/1 10342/2 10174/18 10344/19
f 10280/1 10349/2 10116/28 10115/29
f 9903/1 7299/2 10358/142 9904/143
f 10353/1 10307/2 9905/7 9908/8
f 7299/1 7362/2 6893/28 6892/29
f 7300/1 7416/2 7409/3 7302/4
f 7276/1 7275/2 10388/7 10358/8
f 7002/1 10078/2 7195/28 7342/29
f 10378/1 10309/2 10308/7 10395/8
f 10399/1 10312/2 10309/7 10381/8
f 10075/1 10074/2 10344/28 10411/29
f 9942/1 7315/2 7342/38 9943/39
f 10349/1 10445/2 10117/28 10116/29
f 9979/1 10399/2 10381/7 9973/8
f 10166/1 10075/2 10411/28 10173/29
f 10445/1 10281/2 10118/28 10117/29
f 7362/1 9891/2 9897/142 10388/143
f 10395/1 10353/2 9908/7 9907/8
f 9914/1 10378/2 10395/7 9907/8
f 10512/1 10513/2 10514/28 10509/29
f 10523/1 10524/2 10525/28 10526/29
f 10543/1 10544/2 10541/38 10545/39
f 10589/1 10588/2 10590/28 10583/29
f 10588/1 10609/2 10610/28 10590/29
f 10703/1 10705/2 10655/38 10654/39
f 10699/1 10543/2 10545/38 10646/39
f 10705/1 10706/2 10656/38 10655/39
f 10697/1 10523/2 10526/28 10906/29
f 10718/1 10717/2 10681/38 10683/39
f 10720/1 10718/2 10683/38 10675/39
f 10949/1 10589/2 10583/28 10631/29
f 10693/1 10512/2 10509/28 10957/29
f 10696/1 10697/2 10906/28 10968/29
f 10544/1 10700/2 10647/38 10541/39
f 10694/1 10693/2 10957/28 10987/29
f 10700/1 10699/2 10646/38 10647/39
f 10609/1 10949/2 10631/28 10610/29
f 10706/1 10704/2 10649/38 10656/39
f 10704/1 10703/2 10654/38 10649/39
f 10719/1 10720/2 10675/38 10682/39
f 10524/1 10696/2 10968/28 10525/29
f 10717/1 10719/2 10682/38 10681/39
f 10513/1 10694/2 10987/28 10514/29
f 11096/1 11097/2 11098/18 11093/19
f 11106/1 11107/2 11108/18 11109/19
f 11107/1 11096/2 11093/18 11108/19
f 11097/1 11106/2 11109/18 11098/19
f 11334/1 11335/2 11336/90 10558/91
f 11337/48 11338/55 11339/7 11340/8
f 11359/1 11360/2 11355/28 11361/29
f 11384/1 11359/2 11361/28 11385/29
f 11411/1 11412/2 11413/38 11414/39
f 11442/1 11443/2 11444/38 11445/39
f 11412/1 11481/2 11482/38 11413/39
f 11338/48 8551/55 8581/7 11339/8
f 11523/1 11534/2 11535/7 11528/8
f 11622/1 11541/2 11492/38 11491/39
f 11649/1 11650/2 11651/38 11652/39
f 11650/1 11675/2 11676/38 11651/39
f 11710/1 11523/2 11528/7 11712/8
f 11616/1 11442/2 11445/38 11688/39
f 11481/1 11543/2 11498/38 11482/39
f 11617/1 11616/2 11688/38 11689/39
f 11335/1 8657/2 8610/28 11340/29
f 11339/1 8581/2 11747/7 11336/8
f 11675/1 11754/2 11755/38 11676/39
f 8657/1 7567/2 7984/90 11747/91
f 8551/48 8550/55 8610/7 8581/8
f 11775/1 11384/2 11385/28 11500/29
f 11360/1 11775/2 11500/28 11355/29
f 11543/1 11411/2 11414/38 11498/39
f 11792/1 11623/2 11491/28 11490/29
f 8550/48 11337/55 11340/7 8610/8
f 11810/1 11710/2 11712/7 11737/8
f 11847/1 11792/2 11490/28 11486/29
f 11754/1 11649/2 11652/38 11755/39
f 11534/1 11810/2 11737/7 11535/8
f 11443/1 11617/2 11689/38 11444/39
f 11541/1 11878/2 11486/38 11492/39
f 7567/1 11334/2 10558/90 7984/91
f 12052/1 12044/2 12079/38 12080/39
f 12043/1 12053/2 12093/38 12090/39
f 12044/1 12043/2 12090/38 12079/39
f 12053/1 12052/2 12080/38 12093/39
f 12122/1 12123/2 12124/18 12125/19
f 12134/1 12135/2 12136/28 8049/29
f 12155/1 12156/2 12157/18 12148/19
f 12123/1 12167/2 12163/18 12124/19
f 12218/1 12219/2 12220/34 12215/35
f 12236/1 12237/2 12232/38 12238/39
f 12219/1 12432/2 12337/34 12220/35
f 12436/1 12437/2 12438/38 12435/39
f 9877/1 9876/2 12496/7 12497/8
f 12503/1 12236/2 12238/38 12504/39
f 12437/1 12518/2 12519/38 12438/39
f 12313/1 12312/2 8254/18 12378/19
f 12312/1 12314/2 12376/18 8254/19
f 8083/1 12134/2 8049/28 8086/29
f 9879/1 9877/2 12497/7 12542/8
f 12156/1 12301/2 12357/18 12157/19
f 12167/1 12302/2 12365/18 12163/19
f 12310/1 8084/2 8086/18 12379/19
f 12301/1 12298/2 12358/18 12357/19
f 12617/1 12503/2 12504/38 12618/39
f 12636/1 12294/2 12334/18 12337/19
f 12518/1 12651/2 12643/38 12519/39
f 12302/1 12122/2 12125/18 12365/19
f 12294/1 12243/2 12215/18 12334/19
f 9880/1 9879/2 12542/7 12541/8
f 12714/1 12713/2 12435/28 12643/29
f 12315/1 12313/2 12378/18 12377/19
f 12135/1 12606/2 12379/28 12136/29
f 12237/1 12617/2 12618/38 12232/39
f 12314/1 12315/2 12377/18 12376/19
f 12298/1 12155/2 12148/18 12358/19
f 9876/1 9880/2 12541/7 12496/8
f 12756/1 12757/2 12758/38 12759/39
f 12815/1 12819/2 12766/38 12769/39
f 12783/1 12784/2 12768/38 12767/39
f 12802/1 12801/2 12785/38 12786/39
f 12801/1 12756/2 12759/38 12785/39
f 12829/1 12808/2 12769/28 12768/29
f 12819/1 12783/2 12767/38 12766/39
f 12947/1 12946/2 12887/18 12870/19
f 12899/1 12902/2 12856/38 12855/39
f 12951/1 12947/2 12870/18 12873/19
f 12946/1 12948/2 12888/18 12887/19
f 12902/1 12903/2 12857/38 12856/39
f 12948/1 12951/2 12873/18 12888/19
f 12900/1 12899/2 12855/38 12858/39
f 13059/1 13054/2 11880/38 13076/39
f 11895/1 13057/2 13083/38 11901/39
f 13054/1 11895/2 11901/38 11880/39
f 13057/1 13059/2 13076/38 13083/39
f 13102/1 13103/2 13098/28 13104/29
f 13320/1 13321/2 13322/7 13311/8
f 13333/1 13334/2 13320/7 13316/8
f 13236/1 13237/2 13179/38 13178/39
f 13426/1 13432/2 13433/3 13429/4
f 13251/1 13249/2 13196/38 13195/39
f 13233/1 13236/2 13178/38 13177/39
f 13103/1 13240/2 13484/28 13098/29
f 13516/1 13426/2 13429/3 13517/4
f 13250/1 13251/2 13195/38 13194/39
f 13321/1 13534/2 13573/7 13322/8
f 13591/1 13333/2 13316/7 13546/8
f 13237/1 13234/2 13180/38 13179/39
f 13240/1 13239/2 13627/28 13484/29
f 13534/1 13533/2 13656/7 13573/8
f 13660/1 13591/2 13546/7 13533/8
f 13248/1 13250/2 13573/34 13656/35
f 13311/1 13322/2 13194/3 13193/4
f 13664/1 13516/2 13517/3 13642/4
f 13239/1 13102/2 13104/28 13627/29
f 13234/1 13233/2 13177/38 13180/39
f 13432/1 13664/2 13642/3 13433/4
f 13249/1 13248/2 13193/38 13196/39
f 13533/1 13320/2 13311/7 13656/8
f 13334/1 13660/2 13533/7 13320/8
f 13714/1 13715/2 13716/38 13717/39
f 13753/1 13754/2 13755/38 13750/39
f 13796/1 13797/2 10732/18 10728/19
f 13809/1 13810/2 13811/18 13812/19
f 13827/1 13828/2 13829/18 13830/19
f 13992/1 13993/2 14035/18 14034/19
f 13991/1 13990/2 14033/18 14030/19
f 14100/1 14097/2 14193/38 14194/39
f 13986/1 13988/2 13863/38 13862/39
f 13999/1 13809/2 13812/18 14040/19
f 13988/1 13985/2 13858/38 13863/39
f 13828/1 13796/2 10728/18 13829/19
f 13754/1 13714/2 13717/38 13755/39
f 13985/1 13984/2 13861/38 13858/39
f 13797/1 13827/2 13830/18 10732/19
f 14096/1 14098/2 14258/38 14255/39
f 13715/1 13753/2 13750/38 13716/39
f 14098/1 14100/2 14194/38 14258/39
f 14001/1 13999/2 14040/18 14039/19
f 14097/1 14096/2 14255/38 14193/39
f 13810/1 14001/2 14039/18 13811/19
f 13984/1 13986/2 13862/38 13861/39
f 13993/1 13991/2 14030/18 14035/19
f 13990/1 13992/2 14034/18 14033/19
f 14294/1 14295/2 14292/7 14291/8
f 14300/1 14301/2 14302/90 14303/91
f 14304/1 14305/2 14306/7 14307/8
f 14312/1 14313/2 14304/7 14305/8
f 4273/1 14328/2 14334/18 3498/19
f 14305/1 14377/2 14378/7 14306/8
f 13873/1 14312/2 14305/7 13864/8
f 14444/1 14294/2 14291/7 14440/8
f 14487/1 14483/2 14525/38 14526/39
f 14557/1 14558/2 14361/28 14358/29
f 14483/1 14482/2 14575/38 14525/39
f 14640/1 14643/2 14644/18 14645/19
f 14643/1 14664/2 14665/18 14644/19
f 14328/1 14677/2 7837/18 14334/19
f 14734/1 14735/2 14736/38 14733/39
f 14735/1 14762/2 14763/38 14736/39
f 14558/1 14767/2 14362/28 14361/29
f 14776/1 14300/2 14294/34 14444/35
f 14765/1 14295/2 14303/34 14692/35
f 13948/1 13873/2 13864/7 13949/8
f 14677/1 4191/2 2515/18 7837/19
f 14295/1 14765/2 14802/7 14292/8
f 14756/1 14304/2 14307/7 14816/8
f 14313/1 13948/2 13949/7 14304/8
f 14767/1 14844/2 14363/28 14362/29
f 14484/1 14487/2 14526/38 14679/39
f 14765/1 14444/2 14440/7 14802/8
f 14845/1 14776/2 14692/90 14691/91
f 14377/1 14756/2 14816/7 14378/8
f 14874/1 14873/2 14358/18 14363/19
f 14482/1 14484/2 14679/38 14575/39
f 14492/1 14488/2 14793/34 14665/35
f 4191/1 4273/2 3498/18 2515/19
f 14488/1 14498/2 14645/34 14793/35
f 14762/1 14848/2 14900/38 14763/39
f 14301/1 14845/2 14816/18 14307/19
f 14306/1 14378/2 14691/3 14302/4
f 14848/1 14734/2 14733/38 14900/39
f 15041/1 15042/2 14958/3 14957/4
f 15049/1 15050/2 15051/7 15041/8
f 15041/1 15049/2 15052/7 15053/8
f 15052/1 15061/2 14971/7 14970/8
f 14983/1 14971/2 15062/7 15070/8
f 15165/1 15175/2 15025/18 15024/19
f 15089/1 15086/2 15130/18 15129/19
f 15086/1 15085/2 15127/18 15130/19
f 15106/1 15105/2 15247/28 15248/29
f 15094/1 15093/2 15139/18 15142/19
f 15333/1 15334/2 14950/7 14949/8
f 14954/1 14949/2 15339/7 15340/8
f 15103/1 15101/2 15349/138 15354/139
f 15042/1 15355/2 14955/3 14958/4
f 15356/1 15357/2 15333/7 15334/8
f 14955/1 14960/2 15296/3 15293/4
f 15384/1 15385/2 15286/7 15283/8
f 15097/1 15094/2 15142/18 15141/19
f 14960/1 14959/2 15305/3 15296/4
f 15462/1 15463/2 14959/3 14966/4
f 15466/1 15467/2 15462/7 15468/8
f 15469/1 15470/2 15471/7 15467/8
f 15472/48 15473/55 15469/7 15470/8
f 15478/1 15384/2 15283/7 15292/8
f 15479/1 15333/2 14949/7 14948/8
f 14949/1 14948/2 15478/7 15339/8
f 15357/1 15480/2 15481/7 15333/8
f 14977/1 14976/2 15315/3 15314/4
f 15101/1 15100/2 15409/138 15349/139
f 15050/1 15497/2 15498/7 15051/8
f 15503/1 15466/2 15468/7 15497/8
f 15175/1 15160/2 15026/18 15025/19
f 14982/1 14983/2 15070/7 15530/8
f 15049/1 15546/2 15547/7 15052/8
f 15548/1 15462/2 14966/3 14965/4
f 15105/1 15108/2 15553/28 15247/29
f 15547/1 15052/2 14970/7 14973/8
f 14965/1 14977/2 15314/3 15317/4
f 15470/1 15528/2 15598/7 15471/8
f 15522/48 15472/55 15470/7 15537/8
f 15546/1 15619/2 15593/7 15547/8
f 15597/1 15547/2 14973/7 14972/8
f 15160/1 15166/2 15027/18 15026/19
f 15088/1 15089/2 15129/18 15128/19
f 15108/1 15109/2 15618/28 15553/29
f 15096/1 15097/2 15141/18 15140/19
f 15100/1 15102/2 15041/38 15051/39
f 15498/1 15681/2 15410/28 15409/29
f 15681/1 15041/2 14957/3 14956/4
f 15480/1 15682/2 15589/7 15481/8
f 14959/1 14956/2 15306/3 15305/4
f 15619/1 15041/2 15053/7 15593/8
f 15463/1 15682/2 14964/3 14959/4
f 15109/1 15106/2 15248/28 15618/29
f 15575/1 15478/2 15292/7 15291/8
f 15093/1 15096/2 15140/18 15139/19
f 15590/1 15479/2 14948/7 14951/8
f 14948/1 14942/2 15575/7 15478/8
f 15085/1 15088/2 15128/18 15127/19
f 15334/1 15590/2 14951/7 14950/8
f 15682/1 15356/2 15334/7 15589/8
f 15682/1 15548/2 14965/3 14964/4
f 14978/1 14965/2 15317/3 15316/4
f 15520/48 15522/55 15537/7 15536/8
f 15385/1 15575/2 15291/7 15286/8
f 14942/1 14954/2 15340/7 15575/8
f 15102/1 15103/2 15042/38 15041/39
f 15681/1 15355/2 15356/3 15682/4
f 15480/1 15357/2 15354/3 15410/4
f 15543/1 15049/2 15041/7 15681/8
f 15467/1 15703/2 15543/7 15462/8
f 15527/1 15469/2 15467/7 15703/8
f 15473/48 15520/55 15536/7 15469/8
f 15355/1 15681/2 14956/3 14955/4
f 14956/1 14955/2 15293/3 15306/4
f 15497/1 15543/2 15681/7 15498/8
f 15703/1 15503/2 15497/7 15543/8
f 15528/1 15527/2 15703/7 15598/8
f 14974/1 14982/2 15530/7 15582/8
f 15166/1 15165/2 15024/18 15027/19
f 15061/1 15597/2 14972/7 14971/8
f 14976/1 14978/2 15316/3 15315/4
f 14971/1 14974/2 15582/7 15062/8

usemtl minecraft_block-birch_log_top

f 1332/1 1355/2 1356/7 1327/8
f 1478/1 1479/2 1477/7 1480/8
f 2156/1 2159/2 2166/7 2165/8
f 2480/1 2481/2 2472/7 2469/8
f 2327/1 2332/2 2380/7 2375/8
f 5051/1 5052/2 5053/7 5054/8
f 5696/1 5705/2 5704/7 5697/8
f 6246/1 6362/2 6531/7 6243/8
f 8825/1 8826/2 8827/7 8828/8
f 9571/1 9578/2 9720/7 9716/8
f 10936/1 10935/2 11051/7 10967/8
f 11142/1 11143/2 11140/7 11144/8
f 11242/1 11216/2 11215/7 11243/8
f 11312/1 11319/2 11431/7 11735/8
f 11910/1 11911/2 11912/7 11913/8
f 12578/1 12722/2 12568/7 12564/8
f 13603/1 13570/2 13140/7 13134/8
f 13115/1 13616/2 13548/7 13110/8
f 13510/1 13125/2 13120/7 13630/8
f 14174/1 14173/2 14211/7 14207/8
f 14686/1 14687/2 14629/7 14623/8
f 15276/1 15665/2 15329/7 15277/8

usemtl minecraft_block-oak_leaves

f 5/1 6/5 7/6 8/4
f 16/1 18/10 19/11 17/8
f 22/1 23/2 24/7 25/8
f 27/1 26/2 16/3 17/4
f 46/1 47/2 22/3 25/4
f 9/1 26/2 27/7 8/8
f 51/1 52/2 53/7 54/8
f 7/1 47/5 46/9 9/8
f 55/1 56/5 52/9 57/8
f 55/1 57/2 24/3 23/4
f 51/1 54/2 19/3 18/4
f 58/9 59/8 5/1 60/5
f 61/9 62/8 63/1 64/5
f 65/13 6/8 59/1 61/12
f 65/22 64/2 53/3 56/23
f 26/1 46/2 25/3 16/4
f 57/1 51/2 18/3 24/4
f 6/1 67/2 68/3 7/4
f 47/1 55/2 23/3 22/4
f 69/1 70/2 71/3 72/4
f 73/1 74/10 75/11 76/8
f 77/1 78/10 79/11 80/8
f 81/1 82/5 83/9 84/8
f 85/1 86/5 87/9 88/8
f 69/1 89/5 74/9 70/8
f 90/1 91/2 92/7 93/8
f 94/1 95/21 96/20 81/8
f 108/1 109/2 110/7 111/8
f 112/1 113/2 79/3 78/4
f 116/1 115/2 92/7 91/8
f 125/1 126/2 90/3 93/4
f 127/7 128/8 129/1 130/2
f 116/1 131/21 132/20 115/8
f 133/1 134/2 135/7 136/8
f 137/1 138/2 77/3 80/4
f 145/9 146/8 147/1 148/5
f 149/1 138/2 137/7 150/8
f 112/1 151/10 152/11 113/8
f 153/11 154/8 155/1 156/10
f 157/11 158/8 146/1 159/10
f 160/1 126/5 125/9 149/8
f 161/9 162/8 163/1 153/5
f 164/1 165/5 160/6 150/4
f 127/1 130/2 75/7 74/8
f 157/1 159/2 74/3 89/4
f 172/7 111/8 110/1 173/2
f 174/1 175/2 176/7 177/8
f 145/1 148/2 129/7 128/8
f 184/9 185/8 164/1 186/5
f 108/9 187/8 188/1 109/5
f 189/20 190/8 191/1 192/21
f 193/30 165/8 185/1 189/31
f 138/1 125/2 93/3 77/4
f 115/1 194/2 78/7 92/8
f 82/1 85/2 195/3 196/4
f 136/1 135/2 86/7 96/8
f 70/1 73/2 197/3 71/4
f 159/1 145/2 128/7 127/8
f 151/32 112/2 194/7 132/33
f 190/1 108/2 111/7 172/8
f 175/1 174/2 154/7 163/8
f 191/1 190/2 172/7 173/8
f 202/1 203/2 204/7 160/8
f 205/1 116/2 91/7 90/8
f 206/1 161/10 134/11 207/8
f 207/1 133/5 95/9 208/8
f 152/1 151/2 81/3 84/4
f 132/1 131/2 94/7 81/8
f 209/1 210/2 211/7 197/8
f 174/1 177/2 155/7 154/8
f 83/1 82/2 196/3 212/4
f 189/1 192/2 176/7 175/8
f 85/1 88/2 213/3 195/4
f 193/1 189/2 163/3 162/4
f 133/1 136/2 96/7 95/8
f 153/1 156/2 87/3 86/4
f 161/1 153/2 135/7 134/8
f 196/1 195/2 213/7 212/8
f 211/1 72/2 71/7 197/8
f 214/1 215/2 216/7 217/8
f 226/1 227/2 228/7 229/8
f 230/1 231/2 232/7 233/8
f 240/1 241/2 242/7 243/8
f 252/1 253/2 254/7 255/8
f 262/1 263/2 264/34 265/35
f 270/1 271/2 272/7 273/8
f 276/1 277/21 278/36 279/4
f 280/32 281/2 282/34 283/37
f 284/1 285/2 286/3 287/4
f 288/1 289/2 290/3 291/4
f 292/1 293/21 294/20 295/8
f 296/1 294/10 297/11 298/8
f 303/1 304/2 305/3 306/4
f 311/1 312/2 313/3 314/4
f 317/1 318/2 319/7 320/8
f 319/1 321/5 322/9 323/8
f 324/1 322/2 325/7 326/8
f 327/1 328/2 329/3 330/4
f 339/1 340/2 341/7 342/8
f 343/1 344/2 345/3 346/4
f 339/1 349/2 350/3 351/4
f 352/1 353/2 354/7 355/8
f 359/1 360/2 361/3 362/4
f 371/1 372/2 373/7 374/8
f 375/1 376/2 377/7 378/8
f 379/1 380/2 381/3 382/4
f 383/1 384/5 385/9 386/8
f 386/1 387/21 388/36 389/4
f 390/1 388/10 391/11 392/8
f 409/1 410/2 411/3 412/4
f 415/1 416/2 417/3 418/4
f 419/32 420/2 421/7 422/33
f 423/22 424/2 425/7 419/40
f 426/1 427/2 428/3 429/4
f 430/22 431/2 432/34 433/41
f 360/1 415/2 418/3 361/4
f 293/1 327/2 330/3 297/4
f 436/1 280/2 283/34 437/35
f 227/1 440/2 441/7 228/8
f 231/1 442/2 443/7 232/8
f 444/1 262/2 265/34 445/35
f 446/1 447/2 444/7 448/8
f 449/22 446/2 450/3 451/23
f 460/7 459/8 458/1 461/2
f 462/7 463/8 456/1 459/2
f 464/1 465/2 466/7 467/8
f 412/1 417/2 468/7 469/8
f 422/1 426/5 465/9 470/8
f 355/1 361/10 418/11 411/8
f 471/1 472/21 427/20 421/8
f 326/1 325/2 362/7 354/8
f 473/1 343/5 380/9 471/8
f 349/1 339/2 472/7 379/8
f 474/1 303/2 344/7 473/8
f 312/1 475/2 340/7 339/8
f 476/1 284/5 304/9 474/8
f 285/1 290/5 475/9 311/8
f 279/1 278/21 291/20 476/8
f 477/1 437/10 283/11 282/8
f 478/1 479/5 480/9 481/8
f 482/1 483/5 484/9 485/8
f 486/1 214/2 487/7 478/8
f 231/1 488/2 483/7 442/8
f 273/1 252/5 215/9 486/8
f 253/1 264/5 488/9 230/8
f 489/1 445/12 265/13 272/8
f 490/1 491/2 492/7 493/8
f 494/1 495/2 496/7 491/8
f 497/1 498/10 499/11 500/8
f 328/42 503/2 505/3 329/43
f 263/32 506/2 484/34 264/37
f 420/1 377/2 471/7 421/8
f 376/1 276/21 279/36 471/4
f 517/1 518/2 519/7 520/8
f 378/7 377/8 420/1 425/2
f 323/1 324/2 353/7 352/8
f 271/1 270/2 243/7 242/8
f 525/1 526/2 523/7 527/8
f 528/1 529/2 530/7 524/8
f 531/1 532/2 533/7 529/8
f 613/1 614/12 505/13 615/8
f 616/6 423/4 617/1 618/5
f 619/1 409/5 620/9 613/8
f 416/1 621/5 614/9 622/8
f 320/48 319/55 410/7 619/8
f 360/1 623/2 621/7 415/8
f 624/20 375/8 424/1 616/21
f 321/1 329/5 623/9 359/8
f 625/13 626/8 376/1 624/12
f 298/1 297/10 330/11 319/8
f 627/9 628/8 626/1 629/5
f 630/9 631/8 632/1 625/5
f 289/13 633/8 628/1 630/12
f 277/20 276/8 633/1 288/21
f 241/1 240/2 634/7 635/8
f 636/1 637/2 638/7 639/8
f 640/1 641/5 642/9 643/8
f 644/48 451/55 450/7 637/8
f 645/1 646/2 647/7 640/8
f 424/1 375/2 378/7 425/8
f 344/1 303/2 306/3 345/4
f 380/1 343/2 346/3 381/4
f 304/1 284/2 287/3 305/4
f 295/1 296/2 318/7 317/8
f 436/11 648/8 281/1 280/10
f 649/9 650/8 651/1 652/5
f 653/9 654/8 655/1 506/5
f 656/7 228/8 441/1 653/2
f 263/9 657/8 229/1 656/5
f 444/7 658/8 657/1 262/2
f 659/1 448/2 444/7 658/8
f 662/56 663/4 664/1 503/12
f 668/9 669/8 663/1 670/5
f 671/9 672/8 673/1 662/5
f 328/13 675/8 669/1 671/12
f 293/20 292/8 675/1 327/21
f 676/7 677/8 678/1 679/2
f 680/11 681/8 682/1 677/10
f 227/7 226/8 676/1 440/2
f 683/20 684/8 681/1 226/21
f 685/7 686/8 684/1 687/2
f 688/9 689/8 690/1 683/5
f 691/56 692/4 686/1 447/12
f 693/9 694/8 692/1 695/5
f 449/9 696/8 697/1 691/5
f 617/1 698/2 517/7 520/8
f 698/1 423/2 422/3 470/4
f 349/1 379/2 382/3 350/4
f 285/1 311/2 314/3 286/4
f 519/1 518/2 464/7 467/8
f 427/1 472/2 374/3 428/4
f 472/1 339/2 342/7 371/8
f 312/1 339/2 351/3 313/4
f 277/1 288/2 291/3 278/4
f 648/1 651/2 481/34 477/35
f 679/1 678/2 652/7 655/8
f 485/1 480/2 712/7 713/8
f 506/1 436/2 437/34 484/35
f 677/32 682/2 714/7 649/33
f 650/1 714/2 635/7 634/8
f 479/1 487/2 715/7 716/8
f 440/1 676/2 654/7 441/8
f 442/1 482/2 717/7 443/8
f 720/1 721/2 722/7 723/8
f 462/1 459/2 719/7 724/8
f 664/1 675/21 320/36 615/4
f 725/1 390/2 392/7 726/8
f 675/1 292/2 295/7 317/8
f 651/1 650/2 478/34 481/35
f 634/1 240/2 486/3 478/4
f 243/1 270/2 273/7 486/8
f 523/1 526/2 490/7 493/8
f 647/1 646/2 497/3 500/4
f 727/1 721/2 720/7 728/8
f 729/1 730/5 731/9 732/8
f 733/1 734/10 735/11 727/8
f 460/1 461/2 736/7 737/8
f 729/1 732/2 738/7 739/8
f 384/1 742/2 743/7 385/8
f 410/1 744/2 355/3 411/4
f 744/1 319/2 323/7 352/8
f 318/1 296/2 298/7 319/8
f 281/1 648/2 477/34 282/35
f 487/1 214/2 217/7 715/8
f 528/1 524/2 492/7 491/8
f 642/1 641/2 494/3 491/4
f 722/1 739/2 738/7 723/8
f 750/1 748/2 747/7 751/8
f 752/1 753/2 735/7 734/8
f 620/1 409/2 412/3 469/4
f 353/1 324/2 326/7 354/8
f 678/1 677/2 649/7 652/8
f 480/1 479/2 716/7 712/8
f 215/1 252/2 255/7 216/8
f 636/1 639/2 530/7 529/8
f 531/1 529/2 496/7 495/8
f 757/7 758/8 759/1 431/2
f 430/9 751/8 747/1 757/5
f 387/9 385/8 743/1 760/5
f 374/1 373/2 429/7 428/8
f 346/1 350/2 382/7 381/8
f 306/1 313/10 351/11 345/8
f 287/1 286/2 314/7 305/8
f 761/1 762/2 759/7 758/8
f 763/1 764/2 731/7 730/8
f 416/1 622/2 468/3 417/4
f 387/1 760/2 765/34 391/35
f 321/1 359/2 362/3 325/4
f 676/1 679/2 655/7 654/8
f 482/1 485/2 713/7 717/8
f 688/22 226/2 229/7 658/40
f 253/1 230/2 233/7 254/8
f 659/1 658/2 638/7 637/8
f 766/1 637/2 533/7 532/8
f 644/1 766/2 499/3 498/4
f 389/1 390/2 725/7 767/8
f 456/1 463/2 770/7 768/8
f 771/1 767/2 733/3 727/4
f 682/1 681/2 241/3 635/4
f 241/1 774/2 271/7 242/8
f 774/1 775/2 489/3 272/4
f 775/1 643/2 525/7 527/8
f 776/1 692/2 777/7 778/8
f 692/1 694/2 645/3 640/4
f 763/1 779/2 432/7 764/8
f 752/1 433/5 779/9 753/8
f 392/1 391/10 765/11 726/8
f 527/1 523/2 493/7 489/8
f 524/1 780/10 445/11 492/8
f 639/1 781/5 780/9 530/8
f 658/1 444/2 781/7 638/8
f 447/1 688/2 658/7 444/8
f 643/1 642/5 528/9 525/8
f 526/1 528/2 491/7 490/8
f 529/1 528/2 491/7 496/8
f 637/1 636/2 529/7 533/8
f 448/1 659/2 637/7 450/8
f 641/1 647/2 500/3 494/4
f 532/1 531/2 495/7 499/8
f 782/1 534/2 783/7 497/8
f 535/1 785/2 498/7 786/8
f 761/7 748/8 749/1 762/2
f 750/9 724/8 719/1 748/5
f 384/9 383/8 770/1 742/5
f 342/1 341/2 372/7 371/8
f 716/1 717/2 713/7 712/8
f 217/1 232/10 443/11 715/8
f 255/1 254/2 233/7 216/8
f 463/1 462/2 724/7 770/8
f 767/1 725/2 726/7 789/8
f 789/1 752/10 734/11 733/8
f 742/1 750/2 751/7 743/8
f 760/1 430/2 433/34 765/35
f 622/1 620/2 469/3 468/4
f 518/1 517/2 470/7 464/8
f 459/1 460/2 737/7 719/8
f 721/1 729/2 739/7 722/8
f 748/1 761/2 758/7 747/8
f 753/1 763/2 730/7 735/8
f 503/59 664/2 615/3 505/60
f 618/22 617/2 520/7 790/40
f 790/1 519/2 467/7 466/8
f 865/1 449/2 451/3 866/4
f 867/1 868/2 866/7 869/8
f 881/42 882/2 883/3 884/43
f 898/1 899/2 900/3 901/4
f 902/1 903/2 786/7 783/8
f 908/1 909/2 904/7 910/8
f 911/1 912/2 913/7 905/8
f 914/1 915/2 916/7 917/8
f 898/11 918/8 919/1 899/10
f 943/1 944/2 534/7 782/8
f 945/1 946/2 785/7 535/8
f 947/1 948/12 883/13 949/8
f 950/7 951/8 952/1 953/2
f 954/1 955/5 956/9 947/8
f 957/1 958/5 948/9 959/8
f 960/62 961/19 962/1 950/5
f 963/48 964/55 965/7 954/8
f 966/48 884/55 958/7 967/8
f 968/1 969/21 966/20 963/8
f 1096/1 1097/2 646/7 645/8
f 1098/1 866/2 451/7 644/8
f 1099/1 869/21 866/20 1097/8
f 1100/7 1101/8 1102/1 1103/2
f 1111/7 1112/8 1113/1 1114/2
f 867/7 1123/8 1124/1 868/2
f 894/20 1127/8 1128/1 882/21
f 893/13 1131/8 1132/1 894/12
f 1134/6 1135/4 1131/1 1136/5
f 1137/7 1138/8 1139/1 1140/2
f 865/13 1151/8 694/1 449/12
f 1152/11 1153/8 1154/1 1155/10
f 962/1 1176/10 1177/61 1178/4
f 1176/1 961/2 914/7 917/8
f 952/1 951/2 1185/3 1186/4
f 1185/1 1187/2 1188/7 1189/8
f 1187/1 1190/2 1191/3 1192/4
f 1190/1 1193/2 1194/7 1195/8
f 916/1 915/2 1196/7 1193/8
f 1209/59 1102/2 949/7 883/67
f 882/42 1128/2 1103/7 1209/71
f 953/1 952/2 1186/3 1214/4
f 1127/1 1132/2 1101/7 1100/8
f 959/1 956/2 1222/3 1223/4
f 951/1 962/2 1178/3 1185/4
f 1224/1 1185/2 1189/7 1225/8
f 955/1 965/2 1227/3 1228/4
f 967/1 957/2 1230/3 1231/4
f 1232/1 1188/2 1192/7 1233/8
f 910/1 904/2 1234/7 1235/8
f 905/1 913/2 1237/7 1238/8
f 1195/1 1239/2 1240/7 1191/8
f 1135/1 1241/2 1114/7 1113/8
f 964/1 966/10 912/11 908/8
f 909/1 911/2 1242/7 1243/8
f 1244/1 881/2 884/3 966/4
f 917/1 916/2 1193/7 1177/8
f 1193/1 1245/2 1246/7 1194/8
f 1112/1 1247/21 969/20 968/8
f 1248/1 1249/10 1247/11 1111/8
f 961/1 960/5 1250/9 914/8
f 915/1 1250/2 1251/7 1196/8
f 1252/42 1253/2 1254/7 900/71
f 899/32 919/2 1255/7 1252/33
f 646/1 1097/2 943/7 782/8
f 1154/1 1153/2 1099/3 1097/4
f 1128/1 1127/2 1100/7 1103/8
f 965/1 1269/2 1235/3 1227/4
f 1269/1 964/2 908/7 910/8
f 1241/1 1248/2 1111/7 1114/8
f 1253/1 1270/2 1271/7 1254/8
f 534/1 944/2 902/7 783/8
f 956/1 955/2 1228/3 1222/4
f 904/1 909/2 1243/7 1234/8
f 919/1 918/2 1274/7 1255/8
f 945/1 535/2 786/7 903/8
f 957/1 959/2 1223/3 1230/4
f 911/1 905/2 1238/7 1242/8
f 1098/1 644/2 785/7 946/8
f 1152/1 1155/2 1124/7 1123/8
f 1275/1 967/2 1231/3 1237/4
f 966/1 1275/2 913/7 912/8
f 1249/1 1244/2 966/3 969/4
f 1188/1 1232/2 1225/7 1189/8
f 1194/1 1246/2 1239/7 1195/8
f 1271/1 901/21 900/20 1254/8
f 1191/1 1240/2 1233/7 1192/8
f 694/1 1151/2 1096/3 645/4
f 1102/1 1101/2 947/7 949/8
f 1132/1 1135/10 963/61 947/4
f 1113/1 1112/2 968/7 963/8
f 1151/1 1154/2 1097/3 1096/4
f 1097/1 1098/10 946/11 943/8
f 944/1 945/2 903/7 902/8
f 1155/1 865/2 868/7 1124/8
f 1153/1 1152/10 1123/11 1286/8
f 1286/1 867/21 869/20 1099/8
f 1185/1 1224/2 1214/7 1186/8
f 1228/1 1230/2 1223/7 1222/8
f 1177/50 1193/72 1185/7 1178/8
f 1235/1 1237/10 1231/11 1227/8
f 1243/1 1242/2 1238/7 1234/8
f 1196/1 1251/2 1245/7 1193/8
f 1274/7 1270/8 1253/1 1255/2
f 1288/1 1289/2 1290/3 1291/4
f 1292/1 1293/2 1294/3 1295/4
f 1296/1 1297/5 1298/9 1299/8
f 1299/1 1300/2 1301/7 1302/8
f 1303/1 1304/2 1305/3 1306/4
f 1311/1 1312/2 1313/3 1314/4
f 1319/32 1320/2 1321/7 1322/33
f 1322/22 1323/2 1324/7 1325/40
f 1348/1 1349/2 1350/7 1351/8
f 1293/1 1311/2 1314/3 1294/4
f 1357/7 1358/8 1359/1 1360/2
f 1363/7 1362/8 1357/1 1364/2
f 1365/7 1366/8 1361/1 1362/2
f 1377/1 1378/2 1379/7 1380/8
f 1381/1 1382/2 1383/7 1384/8
f 1387/1 1388/21 1389/20 1390/8
f 1391/1 1392/2 1385/7 1393/8
f 1394/1 1395/5 1396/9 1387/8
f 1312/48 1397/55 1391/7 1388/8
f 1300/1 1303/5 1398/9 1399/8
f 1291/1 1292/5 1304/9 1298/8
f 1293/1 1400/5 1397/9 1311/8
f 1420/1 1421/5 1422/6 1423/4
f 1424/1 1422/2 1389/7 1388/8
f 1421/1 1425/5 1426/9 1427/8
f 1428/1 1388/2 1429/7 1430/8
f 1312/1 1428/2 1431/3 1313/4
f 1320/1 1432/2 1433/7 1321/8
f 67/1 1434/2 1435/3 68/4
f 1448/1 1449/2 1450/3 1451/4
f 1450/1 1452/2 1377/7 1380/8
f 1452/1 1453/2 1454/3 1455/4
f 1453/1 1456/2 1391/7 1393/8
f 1457/1 1456/2 1391/7 1458/8
f 1323/1 1459/2 1458/3 1397/4
f 1460/1 1324/2 1397/7 1400/8
f 1461/34 1462/35 1463/1 1464/2
f 1450/1 1481/10 1482/11 1451/8
f 1483/7 1484/8 1485/1 1486/2
f 1424/50 1456/72 1450/7 1423/8
f 1487/48 1488/55 1489/7 1481/8
f 1490/9 1491/8 1484/1 1492/5
f 1493/11 1494/8 1491/1 1495/10
f 1496/1 1497/5 1488/9 1498/8
f 1297/6 1296/4 1494/1 1499/5
f 1457/1 1500/10 1501/11 1456/8
f 1460/1 1502/5 1325/9 1324/8
f 1546/1 1547/2 1548/7 1549/8
f 1550/11 1551/8 1552/1 1427/10
f 1426/20 1553/8 1554/1 1550/21
f 1555/1 1556/2 1557/7 1558/8
f 1559/9 1560/8 1553/1 1561/5
f 1323/9 1562/8 1563/1 1459/5
f 1433/20 1288/8 1560/1 1321/21
f 1379/1 1378/2 1567/7 1568/8
f 1385/1 1392/2 1571/7 1572/8
f 1435/1 1573/21 56/20 68/8
f 1586/20 1449/8 1448/1 1587/21
f 1588/13 1589/8 1420/1 1586/12
f 1590/9 1421/8 1589/1 1591/5
f 1592/9 1593/8 1594/1 1588/5
f 1595/56 1425/4 1421/1 1592/12
f 1596/11 1432/8 1320/1 1319/10
f 1381/1 1384/2 1597/7 1598/8
f 1496/1 1498/2 1601/3 1602/4
f 1596/1 1319/2 1325/3 1502/4
f 1546/1 1549/2 1482/7 1481/8
f 1621/1 1481/2 1383/7 1382/8
f 1487/1 1621/2 1622/3 1623/4
f 1555/1 1558/2 1501/7 1500/8
f 1624/20 1434/8 67/1 65/21
f 1624/1 65/2 56/3 1573/4
f 1586/1 1587/2 1548/7 1547/8
f 1649/32 1586/2 1489/3 1497/73
f 1595/1 1649/2 1557/7 1556/8
f 1650/22 1651/2 1652/7 1653/40
f 1654/1 1655/2 1656/7 1650/8
f 1653/1 1657/2 1658/7 1659/8
f 1462/1 1461/2 1360/7 1359/8
f 1661/1 1662/2 1663/7 1664/8
f 1666/1 1667/2 1668/34 1669/35
f 1434/1 1624/21 1573/36 1435/4
f 1464/1 1463/2 1670/34 1671/35
f 1672/1 1673/2 1674/34 1675/35
f 1677/1 1678/5 1679/76 1680/35
f 1587/42 1448/2 1683/7 1548/71
f 1549/32 1683/2 1451/7 1482/33
f 1362/1 1363/2 1686/7 1685/8
f 1687/1 1688/2 1689/7 1690/8
f 1366/1 1365/2 1692/7 1693/8
f 1694/1 1695/2 1696/7 1697/8
f 1698/1 1699/2 1700/34 1701/35
f 1364/1 1357/2 1704/7 1706/8
f 1707/1 1708/2 1709/7 1710/8
f 1711/22 1464/2 1671/34 1656/41
f 1657/22 1672/2 1675/34 1712/41
f 1461/1 1711/2 1655/3 1713/4
f 1714/1 1658/2 1712/3 1663/4
f 1357/1 1360/2 1713/7 1704/8
f 1708/1 1714/2 1662/7 1709/8
f 1365/1 1362/2 1685/7 1692/8
f 1695/1 1687/2 1690/7 1696/8
f 1483/1 1486/2 1715/3 1716/4
f 1717/1 1716/2 1718/7 1719/8
f 1720/1 1717/2 1721/3 1722/4
f 1723/1 1720/2 1724/7 1725/8
f 1300/1 1399/2 1723/7 1301/8
f 1664/50 1663/72 1675/7 1674/8
f 1667/1 1654/2 1659/34 1668/35
f 1363/1 1364/2 1706/7 1686/8
f 1688/1 1707/2 1710/7 1689/8
f 1678/1 1698/2 1701/34 1679/35
f 1490/1 1492/2 1726/3 1727/4
f 1394/22 1390/2 1727/7 1728/40
f 1554/1 1560/5 1297/9 1499/8
f 1560/1 1288/2 1291/3 1298/4
f 1699/32 1666/2 1669/34 1700/37
f 1552/1 1551/2 1493/7 1495/8
f 1398/1 1303/2 1306/3 1729/4
f 1651/48 1656/55 1671/7 1670/8
f 1730/1 1719/2 1718/7 1731/8
f 1732/1 1725/2 1724/7 1733/8
f 1734/1 1351/2 1350/7 1735/8
f 1306/1 1313/10 1431/11 1729/8
f 1295/1 1294/2 1314/7 1305/8
f 1396/1 1395/2 1734/3 1735/4
f 1304/1 1292/2 1295/3 1305/4
f 1657/3 1652/4 1673/1 1672/2
f 1738/1 1722/2 1721/7 1739/8
f 1714/1 1668/2 1659/7 1658/8
f 1708/1 1740/5 1669/9 1714/8
f 1688/1 1741/2 1740/7 1707/8
f 1695/1 1700/5 1741/9 1687/8
f 1680/1 1679/5 1701/9 1694/8
f 1742/1 1709/2 1662/7 1661/8
f 1743/1 1689/5 1710/9 1742/8
f 1697/1 1696/2 1690/7 1743/8
f 1361/1 1366/2 1693/7 1684/8
f 1745/1 1694/2 1697/7 1743/8
f 1746/1 1723/2 1725/7 1732/8
f 1399/1 1394/2 1728/7 1723/8
f 1425/1 1595/12 1556/13 1426/8
f 1459/1 1555/10 1500/11 1457/8
f 1395/1 1398/2 1729/3 1734/4
f 1430/1 1348/2 1351/7 1431/8
f 1667/7 1713/8 1655/1 1654/2
f 1747/9 1704/8 1713/1 1666/5
f 1748/7 1686/8 1706/1 1747/2
f 1699/9 1692/8 1685/1 1748/5
f 1678/9 1677/8 1693/1 1698/5
f 1749/1 1716/2 1715/7 1750/8
f 1567/1 1598/2 1597/7 1568/8
f 1723/50 1728/72 1726/7 1716/8
f 1454/1 1623/10 1622/11 1455/8
f 1571/1 1602/2 1601/7 1572/8
f 1348/1 1430/2 1429/7 1349/8
f 1302/1 1301/2 1723/7 1746/8
f 1393/1 1385/2 1572/7 1454/8
f 1498/1 1487/2 1623/3 1601/4
f 1719/1 1730/2 1739/7 1721/8
f 1422/42 1490/2 1390/7 1389/71
f 1427/32 1552/2 1495/7 1422/33
f 1733/1 1724/2 1722/7 1738/8
f 1456/1 1496/5 1751/9 1391/8
f 1392/1 1751/2 1602/7 1571/8
f 1558/1 1557/2 1497/7 1501/8
f 1551/1 1554/2 1499/7 1493/8
f 1388/22 1396/2 1752/7 1429/40
f 1349/1 1752/2 1735/7 1350/8
f 1456/1 1424/2 1388/7 1391/8
f 1486/1 1485/2 1750/3 1715/4
f 1449/1 1420/2 1423/3 1450/4
f 1481/32 1450/2 1380/7 1383/33
f 1384/1 1379/2 1568/7 1597/8
f 1547/1 1546/2 1481/7 1489/8
f 1716/1 1749/2 1731/7 1718/8
f 1492/1 1483/2 1716/3 1726/4
f 1378/1 1377/2 1455/7 1567/8
f 1382/1 1381/2 1598/7 1622/8
f 1754/1 1755/12 1756/13 1757/8
f 1758/1 1759/10 1760/11 1761/8
f 1762/1 1763/2 1764/7 1765/8
f 1766/1 1767/2 1768/7 1769/8
f 1781/1 1782/2 1783/7 1784/8
f 1785/1 1786/5 1787/9 1788/8
f 1788/1 1789/2 1790/7 1791/8
f 1792/1 1793/2 1794/7 1795/8
f 1804/1 1805/2 1806/7 1807/8
f 1808/1 1809/2 1810/7 1811/8
f 1812/1 1813/2 1814/3 1815/4
f 1818/1 1820/2 1821/7 1822/8
f 1827/1 1828/2 1829/34 1830/35
f 1831/1 1832/5 1833/9 1834/8
f 1834/1 1835/10 1836/11 1837/8
f 1842/1 1836/2 1843/7 1844/8
f 1848/1 1847/2 1849/7 1850/8
f 1851/1 1852/2 1853/34 1854/35
f 1432/1 1857/2 1858/7 1433/8
f 1502/22 1460/2 1400/7 1859/40
f 1860/1 1400/2 1861/7 1862/8
f 1863/1 1596/2 1502/3 1864/4
f 1857/1 1865/2 1832/7 1858/8
f 1865/1 1781/5 1866/6 1833/4
f 1784/1 1754/2 1757/7 1866/8
f 1867/1 1868/2 1869/7 1870/8
f 1868/1 1871/5 1872/6 1873/4
f 1878/1 1872/2 1879/3 1880/4
f 1881/22 1882/2 1880/18 1883/79
f 431/1 1884/2 1885/34 432/35
f 1837/1 1842/21 1400/20 1290/8
f 1847/1 1848/2 1859/7 1860/8
f 1789/1 1787/2 1820/7 1818/8
f 1869/1 1898/2 1899/7 1870/8
f 1900/1 1901/10 1902/11 1903/8
f 1904/50 1905/72 1906/7 1907/8
f 1912/1 1913/2 1914/7 1905/8
f 458/7 457/8 1917/1 1918/2
f 1835/1 1812/2 1815/3 1843/4
f 1782/1 1758/2 1761/7 1783/8
f 1899/1 1898/2 1919/7 1920/8
f 1921/1 1922/2 1923/3 1924/4
f 1922/1 1925/2 1926/7 1927/8
f 1928/1 1929/2 1930/3 1925/4
f 1400/1 1842/2 1844/7 1861/8
f 1813/1 1785/2 1791/3 1814/4
f 1933/1 1934/2 1935/3 1936/4
f 1939/1 1941/2 1942/7 1943/8
f 1786/50 1944/72 1864/7 1502/8
f 1945/1 1812/2 1835/7 1833/8
f 1866/1 1785/5 1813/9 1945/8
f 1757/1 1756/12 1944/13 1866/8
f 1946/56 1947/4 1867/1 1948/12
f 1949/11 1950/8 1951/1 1952/10
f 1953/9 1871/8 1947/1 1954/5
f 1955/9 1956/8 1957/1 1946/5
f 1958/9 1959/8 1960/1 1961/5
f 1962/45 1963/8 1964/1 1955/44
f 1965/7 1966/8 1959/1 1967/2
f 1968/7 1969/8 1970/1 1882/2
f 1971/11 1929/8 1928/1 1972/10
f 1973/1 1974/2 1975/7 1962/8
f 1976/9 1977/8 1966/1 1978/5
f 1881/9 1979/8 1980/1 1968/5
f 1981/9 1982/8 1976/1 1983/5
f 1832/9 1831/8 1289/1 1858/5
f 1987/7 1827/8 1852/1 1851/2
f 1807/9 1794/8 1828/1 1987/5
f 1761/7 1754/8 1784/1 1783/2
f 1765/9 1760/8 1795/1 1806/5
f 1990/9 1991/8 1755/1 1764/5
f 1998/7 1999/8 2000/1 1990/2
f 2003/80 2004/29 2005/1 2006/5
f 2007/7 2008/8 2009/1 2010/2
f 2011/7 2012/8 2013/1 2008/2
f 2015/7 2014/8 2007/1 2016/2
f 1847/1 1860/2 1862/7 1849/8
f 1789/1 1818/2 1822/7 1790/8
f 2021/1 2022/2 2023/7 2024/8
f 2028/1 2029/2 2030/3 2031/4
f 2032/13 1865/8 1857/1 1863/12
f 2033/9 2034/8 1865/1 2035/5
f 2036/9 2037/8 2038/1 2032/5
f 1793/13 1781/8 2034/1 2036/12
f 1759/11 1758/8 1782/1 1792/10
f 1763/7 1762/8 1805/1 1804/2
f 2043/81 2044/82 2045/7 2046/8
f 2049/1 1502/2 1859/7 1848/8
f 2050/1 2049/2 1850/3 1821/4
f 1786/1 2050/2 1820/7 1787/8
f 1759/1 1792/2 1795/7 1760/8
f 1900/1 1903/2 2055/7 2056/8
f 2057/1 2056/2 2058/7 2059/8
f 2060/1 2057/2 2061/3 2062/4
f 1971/1 1972/2 2063/3 2064/4
f 2099/1 2100/2 2101/7 2102/8
f 2036/22 1863/2 1864/3 2106/23
f 1793/1 2036/2 1828/7 1794/8
f 2106/1 1756/5 2107/6 1829/4
f 1755/1 1991/2 2108/34 2107/35
f 2005/1 2004/12 1973/13 1948/8
f 1904/32 1907/2 2111/7 2112/33
f 2133/7 2134/8 2130/1 2135/2
f 1852/1 1827/2 1830/34 1853/35
f 1805/1 1762/2 1765/7 1806/8
f 1809/1 1766/2 1769/7 1810/8
f 2000/1 1999/2 2140/34 2141/35
f 1906/1 2142/2 2143/7 2144/8
f 2142/1 2145/2 2146/3 2147/4
f 2145/1 1905/2 2148/7 2149/8
f 1975/1 1974/2 1912/7 1905/8
f 1999/1 1998/2 2162/34 2140/35
f 1991/1 2000/2 2141/34 2108/35
f 2134/1 2133/2 2100/7 2099/8
f 1977/1 2170/2 1918/7 1917/8
f 1983/1 1881/2 1884/34 2171/35
f 2172/1 2173/2 2174/7 2175/8
f 2178/1 2179/2 2180/7 2181/8
f 1883/1 2182/2 2183/3 1885/4
f 2102/1 2101/2 2044/7 2043/8
f 2012/1 2011/2 1978/7 1965/8
f 2014/1 2015/2 1969/7 1980/8
f 1929/1 1971/10 2064/61 1930/4
f 2004/1 2003/5 2184/9 1973/8
f 1974/1 2184/2 1913/7 1912/8
f 2185/1 2186/2 2187/7 2188/8
f 2189/1 2190/2 2191/3 2192/4
f 1882/1 1928/2 1925/3 1878/4
f 1925/1 2028/5 2193/9 1926/8
f 1941/1 2193/2 2031/7 1942/8
f 1972/1 1975/5 1905/9 2194/8
f 2194/1 1904/2 2112/7 2063/8
f 1905/1 1914/2 2195/7 2148/8
f 2196/22 2197/2 2198/7 2199/40
f 2200/32 2198/2 2201/3 2202/73
f 2008/1 2013/2 1967/7 1958/8
f 2016/1 2007/2 1963/7 1970/8
f 2203/1 2204/2 2200/7 2205/8
f 1927/1 1939/2 1943/7 1923/8
f 2029/1 2060/2 2062/3 2030/4
f 2149/1 2206/2 2207/7 2146/8
f 1950/1 1960/2 2208/18 2209/19
f 2010/1 2009/2 1961/7 1964/8
f 2210/1 2211/2 2212/7 2213/8
f 1871/1 1949/2 2214/18 1879/19
f 1952/32 1951/2 2215/18 2216/85
f 1934/1 1921/2 1924/3 1935/4
f 2059/1 2021/2 2024/7 2061/8
f 2217/1 2143/2 2147/7 2218/8
f 2219/1 2220/2 2046/7 2045/8
f 1898/1 1869/2 1873/7 1919/8
f 2056/22 1933/2 2221/7 2058/40
f 2022/1 2221/2 1936/7 2023/8
f 1907/1 1900/2 2056/7 2111/8
f 1901/1 1906/2 2144/7 2222/8
f 2223/86 1867/2 1870/7 1902/87
f 1903/32 1899/2 1920/7 2055/33
f 2006/22 2005/2 1948/7 2223/40
f 2088/22 2219/2 2045/7 2224/40
f 1951/1 1950/2 2209/18 2215/19
f 2135/22 2124/2 2224/3 2044/23
f 2013/1 2012/2 1965/7 1967/8
f 2133/1 2135/2 2101/7 2100/8
f 2186/1 2172/2 2175/7 2187/8
f 2227/1 2191/10 2202/11 2201/8
f 2173/1 2172/2 2186/7 2227/8
f 2179/1 2228/5 2192/9 2185/8
f 2229/1 731/2 2228/7 2178/8
f 2009/1 2008/2 1958/7 1961/8
f 2211/1 2196/2 2199/7 2212/8
f 2179/1 2185/2 2188/7 2180/8
f 2175/1 2180/2 2188/7 2187/8
f 2231/1 2232/10 2181/11 2174/8
f 1289/1 1831/2 1837/3 1290/4
f 2007/1 2010/2 1964/7 1963/8
f 2204/1 2210/2 2213/7 2200/8
f 2190/1 2200/2 2202/3 2191/4
f 2229/1 2178/2 2181/7 2232/8
f 1949/1 1952/2 2216/18 2214/19
f 2015/1 2016/2 1970/7 1969/8
f 2234/1 2203/2 2205/7 2189/8
f 2182/1 2234/2 2192/34 2228/35
f 1981/1 1983/2 2171/34 759/35
f 764/1 2183/2 2228/7 731/8
f 1769/1 1768/2 1811/7 1810/8
f 2021/1 2059/2 2058/7 2022/8
f 2146/1 2207/2 2218/7 2147/8
f 1926/1 1941/2 1939/7 1927/8
f 431/7 759/8 2171/1 1884/2
f 1935/1 2024/2 2023/7 1936/8
f 2209/1 2214/10 2216/11 2215/8
f 1923/1 2062/10 2061/11 1924/8
f 2197/1 2196/5 2211/9 2208/8
f 2204/1 1880/5 1879/9 2210/8
f 1942/1 2031/2 2030/7 1943/8
f 2182/48 1883/55 1880/7 2203/8
f 2199/1 2200/2 2213/7 2212/8
f 2190/1 2189/2 2205/7 2200/8
f 1960/1 1959/2 2197/18 2208/19
f 1959/1 1966/2 2227/90 2201/91
f 1966/1 1977/2 2237/3 2238/4
f 1917/1 457/2 769/7 2237/8
f 2173/1 728/2 2231/7 2174/8
f 764/1 432/2 1885/7 2183/8
f 1844/1 1849/2 1862/7 1861/8
f 1815/1 1821/10 1850/11 1843/8
f 1830/1 2239/2 1854/7 1853/8
f 1791/1 1790/2 1822/7 1814/8
f 2240/1 1808/5 2239/9 1829/8
f 2107/1 1766/2 1809/7 2240/8
f 2108/1 2241/5 1767/9 2107/8
f 2140/1 2162/2 2241/7 2141/8
f 1919/1 2056/10 2055/11 1920/8
f 2242/1 1934/5 1933/9 1873/8
f 2060/48 2243/55 2111/7 2056/8
f 2143/1 2217/2 2222/7 2144/8
f 1878/48 1925/55 1921/7 2242/8
f 2028/1 2112/5 2243/9 2029/8
f 2148/1 2195/2 2206/7 2149/8
f 1930/1 2064/10 2063/11 1925/8
f 728/1 720/2 723/7 2231/8
f 1982/1 1981/5 762/6 736/4
f 732/1 2229/2 2232/7 738/8
f 2256/1 2257/21 2258/20 2259/8
f 2264/1 2265/21 2266/20 2267/8
f 2268/42 2249/2 2251/7 2269/71
f 2270/1 2271/2 2272/7 2273/8
f 2290/1 2291/2 2292/7 2293/8
f 2298/1 2299/5 2300/9 2301/8
f 2301/1 2302/2 2303/7 2304/8
f 2305/1 2306/2 2307/7 2308/8
f 2309/22 2310/2 2275/7 2311/40
f 2276/1 2275/2 2278/7 2277/8
f 2312/1 2313/2 2314/7 2315/8
f 2316/22 2317/2 2318/7 2319/40
f 2322/1 2323/2 2324/3 2325/4
f 2341/1 2342/2 2343/3 2344/4
f 2346/1 2348/2 2349/7 2350/8
f 2351/1 2352/10 2353/61 2354/4
f 2355/42 2356/2 2357/3 2358/43
f 2363/1 2364/10 2365/11 2366/8
f 2367/1 2368/2 2369/7 2370/8
f 2385/1 2386/2 2387/7 2388/8
f 2366/1 2391/2 2392/7 2393/8
f 2405/32 2406/2 2407/7 2408/33
f 2409/1 2410/2 2411/7 2412/8
f 2415/1 2314/2 2416/7 2324/8
f 2249/1 2276/2 2277/7 2251/8
f 2313/1 2417/21 2418/36 2416/4
f 2419/1 2420/2 2421/3 2422/4
f 2427/1 2428/2 2429/7 2430/8
f 2434/1 2435/2 2436/3 2437/4
f 2442/48 2341/55 2406/7 2443/8
f 2364/1 2444/2 2445/7 2446/8
f 2447/1 2353/21 2444/20 2363/8
f 2293/1 2298/5 2342/9 2442/8
f 2299/1 2448/2 2354/7 2447/8
f 2245/1 2251/2 2277/7 2278/8
f 2267/1 2266/21 2448/20 2292/8
f 2450/1 2451/12 2269/13 2245/8
f 2419/1 2452/2 2453/7 2420/8
f 2454/1 2455/2 2456/7 2457/8
f 2458/48 2459/52 2452/9 2460/8
f 2461/1 2462/2 2463/7 2464/8
f 2472/1 2473/2 2465/7 2474/8
f 2475/1 2476/2 2477/7 2466/8
f 2427/1 2478/2 2479/7 2428/8
f 2484/1 2485/12 2481/13 2486/8
f 2490/1 2491/5 2492/9 2484/8
f 2493/1 2494/5 2485/9 2495/8
f 2496/1 2497/10 2498/11 2499/8
f 2500/1 2501/2 2494/7 2502/8
f 2503/48 2504/55 2505/7 2496/8
f 2506/1 2507/5 2501/9 2508/8
f 2509/1 2510/5 2511/9 2512/8
f 2249/1 2272/2 2311/7 2276/8
f 2273/1 2268/5 2319/9 2318/8
f 2259/1 2264/2 2291/7 2290/8
f 2265/7 2258/8 2308/1 2307/2
f 2525/1 2526/2 2523/7 2527/8
f 2528/1 2529/2 2530/7 2524/8
f 2531/1 2532/21 2533/20 2534/8
f 2535/50 2536/72 2537/7 2531/8
f 2538/1 2539/5 2540/9 2541/8
f 2546/48 2547/55 2539/7 2548/8
f 2549/1 2550/5 2551/9 2552/8
f 2557/48 2558/55 2559/7 2550/8
f 2560/1 2561/10 2546/11 2536/8
f 2564/7 2565/8 2566/1 2567/2
f 2571/1 2572/2 2573/7 2561/8
f 2434/1 2574/5 2558/9 2435/8
f 2578/1 1959/10 1960/11 2569/8
f 2579/1 2580/5 2581/9 2582/8
f 2583/7 2584/8 2585/1 2586/2
f 2587/1 2588/2 2589/7 2590/8
f 2591/1 2592/2 2593/7 2594/8
f 2406/1 2632/2 2386/7 2407/8
f 2632/1 2341/2 2344/3 2387/4
f 2291/1 2264/2 2267/7 2292/8
f 2493/1 2495/2 2640/3 2641/4
f 2506/1 2508/2 2647/3 2648/4
f 2649/1 2650/10 2293/61 2443/4
f 2650/1 2256/2 2259/7 2290/8
f 2492/1 2491/2 2659/3 2660/4
f 2663/1 2665/2 2666/7 2667/8
f 2509/1 2512/2 2666/3 2668/4
f 2669/1 2670/2 2564/7 2567/8
f 2498/1 2497/2 2671/3 2672/4
f 2673/1 2674/2 2671/7 2675/8
f 2679/42 2355/2 2358/3 2680/43
f 2681/1 2682/2 2680/7 2683/8
f 2566/1 2565/2 2484/7 2486/8
f 2686/1 2687/2 2490/3 2484/4
f 2688/1 2689/2 2690/7 2691/8
f 2695/1 2696/5 2697/9 2698/8
f 2699/15 2700/8 2649/1 2701/14
f 2325/1 2324/2 2702/7 2695/8
f 2703/9 2704/8 2700/1 2705/5
f 2352/13 2706/8 2707/1 2699/12
f 2416/1 2708/12 2358/13 2324/8
f 2306/13 2650/8 2704/1 2351/12
f 2418/18 2709/19 2310/1 2416/2
f 2271/1 2270/2 2317/7 2309/8
f 2710/50 2680/72 2708/7 2316/8
f 2257/20 2256/8 2650/1 2305/21
f 2712/1 2683/21 2680/20 2713/8
f 2714/9 2715/8 2709/1 2712/5
f 2716/20 2670/8 2669/1 2717/21
f 2718/13 2687/8 2686/1 2716/12
f 2723/1 2724/2 2725/7 2726/8
f 2727/11 2728/8 2729/1 2657/10
f 2730/9 2731/8 2732/1 2718/5
f 2733/1 2734/2 2719/7 2735/8
f 2736/45 2737/8 2738/1 2730/44
f 2739/9 2740/8 2737/1 2741/5
f 2742/20 2743/8 2744/1 2736/21
f 2747/1 2316/2 2319/7 2268/8
f 2748/1 2747/2 2269/3 2451/4
f 2710/1 2748/2 2530/7 2529/8
f 2749/1 2750/2 2751/7 2752/8
f 2729/1 2728/2 2583/7 2586/8
f 2505/1 2753/2 2754/7 2755/8
f 2753/1 2504/2 2756/3 2757/4
f 2528/1 2524/2 2456/7 2455/8
f 2585/1 2584/2 2496/7 2499/8
f 2738/1 2740/5 2503/6 2496/4
f 2315/7 2314/8 2415/1 2759/2
f 2681/7 2752/8 2751/1 2682/2
f 2760/20 2761/8 2762/1 2763/21
f 2764/13 2765/8 2761/1 2766/12
f 2768/9 2769/8 2765/1 2770/5
f 2771/9 2772/8 2773/1 2764/5
f 2774/9 2775/8 2776/1 2777/5
f 2778/13 2779/8 2769/1 2771/12
f 2780/11 2781/8 2775/1 2782/10
f 2783/9 2784/8 2785/1 2786/5
f 2787/1 2788/5 2046/9 2789/8
f 2790/9 2791/8 2792/1 2780/5
f 2795/1 2796/5 2787/9 2797/8
f 2798/1 2799/2 2788/7 2800/8
f 2801/61 2802/4 2803/1 2790/10
f 2805/48 2806/55 2793/7 2795/8
f 2807/1 2043/2 2808/7 2809/8
f 2810/1 2811/21 2043/20 2805/8
f 2812/9 2813/8 2814/1 2815/5
f 2323/7 2322/8 2813/1 2816/2
f 2817/20 2312/8 2356/1 2355/21
f 2818/13 2819/8 2313/1 2817/12
f 2821/9 2822/8 2819/1 2823/5
f 2824/9 2825/8 2826/1 2818/5
f 2679/13 2827/8 2822/1 2824/12
f 2749/20 2417/8 2827/1 2750/21
f 2832/1 2833/2 2830/7 2834/8
f 2317/1 2270/2 2273/7 2318/8
f 2523/1 2526/2 2454/7 2457/8
f 2839/32 2782/2 2559/3 2574/73
f 2801/1 2839/2 2725/7 2724/8
f 2868/9 2869/8 2870/1 2871/5
f 2134/36 2878/4 2869/1 2127/21
f 2812/1 2815/2 2697/3 2696/4
f 2356/1 2312/2 2315/7 2759/8
f 2271/1 2309/2 2311/7 2272/8
f 2525/1 2527/2 2453/7 2452/8
f 2714/22 2713/2 2452/3 2459/23
f 2774/1 2777/2 2551/3 2550/4
f 2882/1 2550/2 2479/7 2478/8
f 2557/1 2882/2 2883/3 2884/4
f 2723/1 2726/2 2581/7 2580/8
f 2715/1 2714/5 2459/6 2458/4
f 2462/1 2461/2 2886/7 2887/8
f 2548/1 2538/2 2888/3 2889/4
f 2417/1 2749/21 2752/20 2890/8
f 2890/1 2681/12 2683/13 2418/8
f 2541/22 2537/2 2464/7 2891/40
f 2891/1 2463/2 2892/7 2893/8
f 2766/1 2760/2 2532/3 2540/4
f 2460/1 2419/2 2422/3 2894/4
f 2713/1 2710/10 2529/11 2525/8
f 2526/1 2528/2 2455/7 2454/8
f 2750/1 2679/2 2682/7 2751/8
f 2763/42 2762/2 2534/3 2533/43
f 2410/1 2385/2 2388/7 2411/8
f 2342/1 2298/2 2304/3 2343/4
f 2762/1 2779/21 2535/36 2534/4
f 2500/1 2502/2 2899/3 2900/4
f 2591/1 2594/2 2511/7 2510/8
f 2527/1 2523/2 2457/7 2453/8
f 2524/1 2530/2 2451/7 2456/8
f 2420/1 2450/2 2901/3 2421/4
f 2512/1 2506/2 2648/3 2666/4
f 2594/1 2593/2 2507/7 2511/8
f 2878/1 2134/21 2811/36 2810/4
f 2689/1 2754/2 2757/7 2690/8
f 2665/1 2673/2 2675/7 2666/8
f 2902/1 2903/2 2904/34 2905/35
f 2802/1 2801/10 2724/11 2906/8
f 2906/1 2723/5 2580/9 2579/8
f 2674/1 2663/2 2667/7 2671/8
f 2508/1 2500/2 2900/3 2647/4
f 2806/1 2807/5 2907/9 2733/8
f 2734/1 2907/2 2588/7 2587/8
f 2728/1 2738/2 2584/7 2583/8
f 2497/22 2505/2 2755/7 2674/40
f 2674/1 2688/2 2691/7 2671/8
f 2238/1 2908/2 2909/28 2227/29
f 2582/1 2434/2 2437/3 2910/4
f 2726/1 2725/2 2574/7 2581/8
f 2735/1 2719/2 2590/7 2578/8
f 2809/1 2808/2 1959/3 2589/4
f 2914/22 2585/2 2499/7 2490/40
f 2687/1 2729/2 2586/7 2914/8
f 2491/1 2498/2 2672/3 2659/4
f 2502/1 2493/2 2641/3 2899/4
f 2435/1 2557/2 2884/3 2436/4
f 2670/1 2686/2 2565/7 2564/8
f 2495/1 2492/2 2660/3 2640/4
f 2796/1 2793/2 2569/3 2571/4
f 2799/1 2798/2 2572/3 1960/4
f 2784/1 2787/10 2561/61 2560/4
f 2478/1 2427/2 2430/7 2883/8
f 2917/42 2566/2 2486/7 2480/71
f 2916/32 2669/2 2567/7 2917/33
f 2833/1 2832/2 2797/7 2783/8
f 2800/1 2787/2 2561/3 2573/4
f 2536/1 2546/10 2476/11 2472/8
f 2473/1 2475/2 2920/7 2921/8
f 2789/1 2778/2 2547/3 2546/4
f 2550/22 2549/2 2922/7 2479/40
f 2428/1 2922/2 2923/7 2429/8
f 2782/1 2774/2 2550/3 2559/4
f 2854/1 2925/2 2834/7 2830/8
f 2220/32 2830/2 2786/7 2046/33
f 2474/1 2465/2 2926/7 2927/8
f 2466/1 2477/2 2930/7 2931/8
f 2777/22 2776/2 2552/3 2551/23
f 2391/1 2409/2 2412/7 2392/8
f 2302/1 2346/2 2350/7 2303/8
f 2537/1 2932/2 2461/7 2464/8
f 2932/1 2556/2 2927/3 2886/4
f 2556/1 2536/2 2472/7 2474/8
f 2736/42 2717/2 2481/3 2507/43
f 2742/1 2736/2 2593/7 2592/8
f 2447/1 2363/2 2393/3 2349/4
f 2299/1 2447/2 2348/7 2300/8
f 2257/1 2305/2 2308/7 2258/8
f 2463/1 2462/2 2887/7 2892/8
f 2465/1 2473/2 2921/7 2926/8
f 2925/1 2934/2 2832/7 2834/8
f 2934/1 2878/21 2810/36 2797/4
f 2922/1 2483/2 2940/7 2923/8
f 2482/1 2941/2 2910/7 2942/8
f 2943/48 728/55 2227/7 2909/8
f 2388/1 2392/2 2412/7 2411/8
f 2370/1 2369/2 2944/7 2945/8
f 2344/1 2349/10 2393/11 2387/8
f 2304/1 2303/2 2350/7 2343/8
f 2894/1 2422/2 2421/7 2901/8
f 2659/1 2641/2 2640/7 2660/8
f 2671/1 2900/10 2899/11 2672/8
f 2690/1 2675/2 2671/7 2691/8
f 2666/1 2648/2 2647/7 2667/8
f 2756/1 2668/10 2666/11 2757/8
f 2946/1 2367/2 2370/7 2945/8
f 2306/1 2351/2 2354/3 2448/4
f 2265/1 2307/2 2448/7 2266/8
f 2538/1 2541/2 2893/3 2888/4
f 2475/1 2466/2 2931/7 2920/8
f 2830/1 2833/2 2783/7 2786/8
f 2793/1 2947/2 2578/3 2569/4
f 2947/1 2806/2 2733/7 2735/8
f 2368/1 2948/2 2944/7 2369/8
f 2760/1 2763/2 2533/3 2532/4
f 2949/1 2548/2 2889/3 2930/4
f 2546/1 2949/2 2477/7 2476/8
f 2787/1 2789/2 2546/3 2561/4
f 2787/1 2796/2 2571/3 2561/4
f 2719/1 2734/2 2587/7 2590/8
f 2903/1 2950/2 2951/34 2904/35
f 2364/1 2446/2 2952/7 2365/8
f 2778/32 2766/2 2540/3 2547/73
f 2798/1 2800/2 2573/3 2572/4
f 2807/1 2809/2 2589/3 2588/4
f 2908/1 2902/2 2953/28 2909/29
f 2905/1 2954/2 2943/3 2953/4
f 2951/1 2954/2 2905/7 2904/8
f 2352/22 2701/2 2445/3 2353/23
f 2808/1 2799/2 1960/3 1959/4
f 2099/1 2102/2 2043/7 2811/8
f 2386/1 2385/2 2410/7 2407/8
f 2391/1 2367/5 2946/9 2409/8
f 2368/1 2365/2 2952/7 2948/8
f 2302/1 2300/2 2348/7 2346/8
f 2887/1 2888/2 2893/7 2892/8
f 2927/1 2930/10 2889/11 2886/8
f 2921/1 2920/2 2931/7 2926/8
f 2940/1 2430/2 2429/7 2923/8
f 2942/1 2884/5 2883/9 2940/8
f 2910/1 2437/2 2436/7 2942/8
f 2754/1 2689/2 2688/7 2755/8
f 2673/1 2665/2 2663/7 2674/8
f 2237/7 2902/8 2908/1 2238/2
f 769/9 2950/8 2903/1 2237/5
f 2504/1 2958/2 2959/3 2756/4
f 2960/1 2509/2 2668/3 2961/4
f 2964/1 2742/5 2592/9 2965/8
f 2965/1 2591/2 2510/7 2966/8
f 3084/1 901/2 3085/7 3086/8
f 3087/1 3084/2 3088/3 3089/4
f 3090/1 3087/2 3091/7 3092/8
f 3093/1 3094/2 3090/7 3095/8
f 3102/1 3103/2 3104/7 3105/8
f 3111/1 3112/2 3113/3 3114/4
f 3118/13 3119/8 3120/1 3121/12
f 3122/9 3123/8 3119/1 3124/5
f 3125/9 3126/8 3127/1 3118/5
f 3128/13 3129/8 3123/1 3125/12
f 3130/20 3131/8 3132/1 3128/21
f 3133/20 3134/8 3135/1 3136/21
f 3137/13 3138/8 3134/1 3139/12
f 3140/9 3141/8 3138/1 3142/5
f 3143/9 3144/8 3145/1 3137/5
f 3146/1 3147/21 3141/20 3148/8
f 3149/13 3147/8 3141/1 3143/12
f 3150/1 3151/5 3152/9 3153/8
f 3154/48 3155/55 3147/7 3156/8
f 3157/7 3158/8 3147/1 3159/2
f 3160/48 3161/55 3162/7 3150/8
f 3163/1 3164/5 3165/9 3157/8
f 3111/1 3166/5 3155/9 3112/8
f 3167/1 3168/2 3169/7 3163/8
f 3170/1 3171/10 3172/11 3161/8
f 3173/1 3174/5 3175/9 3167/8
f 3176/1 3177/2 3174/7 3178/8
f 3128/32 3121/2 3179/3 3180/73
f 3130/1 3128/2 3183/7 3184/8
f 3185/1 3186/2 3187/7 3188/8
f 3195/1 3156/2 3196/7 3197/8
f 3154/1 3195/2 3199/3 3200/4
f 3204/1 3205/2 3172/7 3171/8
f 3135/1 3134/2 3210/7 3211/8
f 3134/1 3158/21 3212/36 3213/4
f 3214/1 3215/2 3141/7 3147/8
f 3216/32 3217/2 3147/3 3166/73
f 3218/1 3216/2 3219/7 3220/8
f 3214/7 3188/8 3187/1 3215/2
f 3204/1 3220/2 3219/7 3205/8
f 3185/11 3269/8 3270/1 3186/10
f 3271/13 3272/8 3273/1 3217/12
f 3274/36 3275/4 3276/1 3277/21
f 3278/9 3279/8 3272/1 3280/5
f 3281/9 3282/8 3283/1 3271/5
f 3216/13 3284/8 3279/1 3281/12
f 3285/9 3286/8 3275/1 3287/5
f 3288/7 3289/8 3290/1 3274/2
f 3218/20 3291/8 3292/1 3216/21
f 3293/20 3294/8 3286/1 3288/21
f 3295/11 3296/8 3297/1 3293/10
f 3299/1 3300/2 3301/7 3302/8
f 3303/1 3304/2 3305/3 3306/4
f 3304/1 3307/2 3308/7 3309/8
f 3276/1 3294/21 3173/36 3159/4
f 3284/1 3292/2 3161/3 3160/4
f 3161/1 3111/5 3314/9 3315/8
f 3316/1 3314/2 3114/7 3317/8
f 3205/1 3219/2 3166/7 3172/8
f 3168/1 3175/2 3318/3 3319/4
f 3359/1 3360/2 3361/3 3362/4
f 3363/1 3365/2 3366/7 3367/8
f 3169/1 3168/2 3319/3 3368/4
f 3297/1 3296/2 3176/3 3178/4
f 3369/1 3370/2 3371/7 3372/8
f 3112/1 3154/2 3200/3 3113/4
f 3164/1 3169/2 3368/3 3374/4
f 3377/1 3376/2 3378/7 3379/8
f 3398/1 3399/2 3400/7 3401/8
f 3403/1 3404/2 3405/3 3406/4
f 3165/1 3164/2 3374/3 3407/4
f 3175/1 3177/5 3408/6 3318/4
f 3133/1 3136/2 3409/3 3410/4
f 3411/1 3410/2 3412/7 3413/8
f 3414/1 3411/2 3415/3 3416/4
f 3376/1 3417/2 3418/7 3378/8
f 3291/1 3218/21 3220/20 3426/8
f 3426/1 3204/10 3171/11 3170/8
f 3294/1 3297/2 3178/3 3173/4
f 918/1 3120/2 1270/7 1274/8
f 901/22 3427/2 3428/7 3085/40
f 3429/1 3428/2 3430/7 3431/8
f 3121/1 898/2 901/3 3179/4
f 3120/1 3129/10 3432/61 1271/4
f 3433/1 3434/2 3435/3 3436/4
f 3434/1 3437/2 3438/7 3439/8
f 3132/1 3131/2 3440/3 3437/4
f 3273/1 3284/10 3160/61 3153/4
f 3427/1 3441/2 3442/3 3430/4
f 3443/1 3445/2 3446/7 3447/8
f 3270/1 3269/2 3146/3 3148/4
f 3162/1 3448/2 3372/3 3449/4
f 3448/1 3161/2 3315/7 3369/8
f 3292/1 3291/2 3170/3 3161/4
f 3450/1 3441/5 3427/9 1271/8
f 3090/50 3180/72 3179/7 901/8
f 3432/48 3437/55 3433/7 3450/8
f 3440/1 3095/10 3090/11 3437/8
f 3301/1 3410/10 3409/11 3302/8
f 3451/1 3360/5 3359/9 3213/8
f 3414/48 3452/55 3453/7 3410/8
f 3454/48 3307/55 3303/7 3451/8
f 3403/1 3455/5 3452/9 3404/8
f 3456/1 3105/2 3104/7 3457/8
f 3212/1 3458/12 3455/13 3454/8
f 3372/1 3200/10 3199/11 3449/8
f 3374/1 3378/2 3418/7 3407/8
f 3317/1 3114/2 3113/7 3371/8
f 3319/1 3459/10 3379/11 3368/8
f 3408/48 3460/52 3459/9 3318/8
f 3461/1 3429/2 3431/7 3462/8
f 3464/1 3463/2 3465/7 3466/8
f 3152/1 3151/2 3456/3 3457/4
f 3370/1 3316/2 3317/7 3371/8
f 3441/1 3433/2 3436/3 3442/4
f 3086/1 3461/2 3462/7 3088/8
f 3461/1 3086/2 3085/7 3429/8
f 3438/1 3445/2 3443/7 3439/8
f 3464/1 3092/2 3091/7 3463/8
f 3398/1 3413/2 3412/7 3399/8
f 3308/1 3365/2 3363/7 3309/8
f 3442/1 3462/2 3431/7 3430/8
f 3435/1 3089/10 3088/11 3436/8
f 3446/1 3466/2 3465/7 3447/8
f 3361/1 3401/2 3400/7 3362/8
f 3305/1 3416/10 3415/11 3306/8
f 3366/1 3406/2 3405/7 3367/8
f 3129/1 3132/2 3437/3 3432/4
f 3437/1 3090/10 3092/11 3438/8
f 3445/1 3464/2 3466/7 3446/8
f 3094/1 3183/2 3180/7 3090/8
f 3439/1 3443/2 3447/7 3435/8
f 3463/1 3091/2 3089/7 3465/8
f 3136/42 3135/2 3211/7 3476/71
f 3476/32 3299/2 3302/7 3409/33
f 3131/1 3130/21 3184/20 3477/8
f 3477/1 3093/10 3095/11 3440/8
f 3360/1 3303/2 3306/3 3361/4
f 3413/1 3398/2 3401/7 3415/8
f 3300/1 3210/2 3213/7 3301/8
f 3410/22 3359/2 3478/7 3412/40
f 3399/1 3478/2 3362/7 3400/8
f 3139/1 3133/2 3410/3 3453/4
f 3093/1 3184/2 3183/7 3094/8
f 3210/1 3300/2 3299/7 3211/8
f 3102/1 3197/2 3196/7 3103/8
f 3376/1 3377/2 3479/7 3417/8
f 3315/1 3316/2 3370/7 3369/8
f 3307/1 3403/5 3480/9 3308/8
f 3365/1 3480/2 3406/7 3366/8
f 3269/1 3273/2 3153/3 3146/4
f 3156/22 3152/2 3481/7 3196/40
f 3103/1 3481/2 3457/7 3104/8
f 3217/1 3185/2 3188/7 3214/8
f 3277/42 3276/2 3159/3 3149/43
f 3309/1 3363/2 3367/7 3305/8
f 3404/1 3414/2 3416/3 3405/4
f 3186/32 3270/2 3482/7 3187/33
f 3215/42 3482/2 3148/7 3141/71
f 3158/1 3165/10 3407/61 3212/4
f 3417/1 3479/2 3458/7 3418/8
f 3151/1 3162/2 3449/3 3456/4
f 3197/1 3102/2 3105/7 3199/8
f 3487/1 3488/2 3489/7 3490/8
f 3491/1 3492/2 3493/3 3494/4
f 3495/1 1299/2 1302/7 3496/8
f 3504/1 3505/2 3506/7 3507/8
f 3496/1 3510/2 3511/7 3512/8
f 3516/1 3517/2 3518/7 3519/8
f 3520/48 3521/55 3522/7 3514/8
f 3523/1 3524/10 3525/11 3526/8
f 3527/1 3528/2 3529/7 3530/8
f 3531/1 3532/10 3533/11 3534/8
f 3535/1 3536/2 3537/7 3538/8
f 3543/9 3544/8 3545/1 3546/5
f 3551/9 3552/8 3550/1 3547/5
f 3553/1 3554/2 3555/7 3556/8
f 3557/7 3558/8 3559/1 3560/2
f 3561/7 3562/8 3563/1 3551/2
f 3564/1 3565/10 3566/11 3567/8
f 3568/9 3569/8 3558/1 3548/5
f 3570/9 3571/8 3549/1 3561/5
f 3572/1 3573/2 3574/7 3575/8
f 3576/11 3577/8 3578/1 3579/10
f 3580/7 3581/8 3582/1 3576/2
f 3583/1 3584/12 3585/13 3586/8
f 3587/1 3588/5 3589/9 3583/8
f 3590/48 3591/55 3584/7 3592/8
f 3593/1 3594/2 3595/7 3587/8
f 3596/1 3597/2 3598/7 3599/8
f 3490/1 3491/5 3600/9 3593/8
f 3492/1 3601/10 3596/11 3602/8
f 3603/1 2405/12 3601/13 3489/8
f 2446/1 2445/2 1299/7 3495/8
f 3634/1 3635/2 3516/7 3519/8
f 3637/1 3638/2 3527/3 3530/4
f 3639/1 3640/10 3641/109 3642/35
f 3589/1 3588/2 3645/3 3646/4
f 3600/1 3491/2 3494/3 3651/4
f 126/1 3656/2 3657/7 205/8
f 3658/1 3659/5 3660/6 3657/4
f 3661/1 3662/2 3663/7 3660/8
f 3666/1 3667/21 3490/36 3586/4
f 3667/1 3668/2 3669/7 3487/8
f 3670/48 3671/55 116/7 205/8
f 3672/1 3673/2 3674/7 3675/8
f 3679/81 3680/82 3681/7 3682/8
f 3683/1 3684/2 3676/7 3673/8
f 3685/1 3686/2 3687/7 3677/8
f 3688/7 3689/8 3690/1 3691/2
f 3660/1 3638/5 3637/9 3670/8
f 3692/1 3693/5 3684/9 3694/8
f 3695/7 3696/8 3686/1 3689/2
f 3698/7 3697/8 3688/1 3699/2
f 3663/1 3700/12 3693/13 3660/8
f 3703/7 3702/8 3695/1 3697/2
f 3704/1 3705/2 3706/7 3707/8
f 3708/1 3709/5 3710/9 3711/8
f 3714/50 3715/72 3702/7 3701/8
f 3716/1 3717/21 3680/20 3704/8
f 3718/48 3719/55 3708/7 3720/8
f 3721/1 3722/12 3723/13 3716/8
f 3724/50 3725/72 3726/7 3721/8
f 3727/48 3728/55 3722/7 3729/8
f 3730/1 3731/5 3732/9 3718/8
f 3733/1 3734/5 3715/9 3735/8
f 3736/1 3737/12 3734/13 3730/8
f 3738/1 3739/5 3728/9 3740/8
f 3741/1 3742/12 3739/13 3724/8
f 3743/56 3744/4 3666/1 3745/12
f 3746/1 3747/5 3748/9 3749/8
f 3750/9 3751/8 3744/1 3752/5
f 3753/9 3754/8 3755/1 3743/5
f 3756/11 3757/8 3758/1 3759/10
f 3760/48 2697/55 3747/7 3761/8
f 3762/30 3667/8 3751/1 3763/31
f 3764/45 3668/8 3667/1 3765/44
f 2701/9 3766/8 3767/1 3762/5
f 165/1 3770/2 3771/7 202/8
f 3772/1 3773/2 3681/7 3774/8
f 3775/32 3776/2 3774/3 3680/73
f 3777/1 3778/2 3680/7 3717/8
f 3779/1 3780/2 3777/7 3781/8
f 3782/1 3729/2 3783/7 3784/8
f 3727/1 3782/2 3566/3 3565/4
f 3789/1 3787/2 3790/7 3791/8
f 3771/1 3794/2 203/7 202/8
f 3795/11 3796/8 3797/1 3798/10
f 3799/9 3800/8 3658/1 3801/5
f 3802/20 3803/8 3796/1 3776/21
f 3804/20 3659/8 3800/1 3805/21
f 3806/1 3807/2 3808/7 3809/8
f 3810/7 3811/8 3803/1 3812/2
f 3813/9 3814/8 3815/1 3802/5
f 3816/20 3817/8 3818/1 3819/21
f 3775/20 3820/8 3811/1 3813/21
f 3821/56 3822/4 3823/1 3824/12
f 3825/11 3826/8 3820/1 3827/10
f 3779/20 3828/8 3826/1 3780/21
f 3829/9 3830/8 3822/1 3831/5
f 3832/9 3833/8 3834/1 3821/5
f 3835/13 3836/8 3828/1 3837/12
f 3838/13 3839/8 3830/1 3832/12
f 3840/9 3841/8 3836/1 3842/5
f 3843/9 3844/8 3845/1 3835/5
f 3848/7 3846/8 3847/1 3838/2
f 3787/20 3849/8 3841/1 3788/21
f 3851/11 3852/8 3849/1 3853/10
f 3861/7 3862/8 3863/1 3864/2
f 2815/6 2814/4 3862/1 3869/5
f 3872/1 3873/2 3874/3 3875/4
f 3876/22 3872/2 3522/7 3521/40
f 3884/1 3883/2 3537/7 3536/8
f 3885/1 3886/2 3553/7 3556/8
f 3889/1 3890/2 3572/7 3575/8
f 3891/1 3892/2 3748/7 3747/8
f 2815/22 3869/2 3747/3 2697/23
f 3707/1 3706/2 3538/3 3531/4
f 3883/1 3895/2 3532/7 3537/8
f 3662/1 3896/21 3711/20 3663/8
f 3817/1 3823/5 3897/9 3898/8
f 3899/1 3900/2 3901/7 3902/8
f 3912/1 3913/2 3914/7 3915/8
f 3702/1 3703/2 3916/7 3907/8
f 3918/1 3919/2 3920/7 3921/8
f 3922/1 3923/2 3924/7 3925/8
f 3930/1 3816/2 3700/3 3710/4
f 3824/1 3933/2 3701/3 3702/4
f 3934/1 3935/2 3936/3 3937/4
f 3671/1 3637/2 3530/3 3523/4
f 3939/1 3940/2 3805/7 3941/8
f 3694/1 3683/2 3524/3 3529/4
f 3942/1 3943/5 3686/9 3684/8
f 3684/1 3685/2 3944/7 3945/8
f 3809/1 3808/2 3946/7 3943/8
f 3776/1 3795/2 3949/7 3772/8
f 3950/32 3951/2 3952/7 3953/33
f 3954/22 3952/2 3955/3 3956/23
f 3957/42 3958/2 3959/7 3960/71
f 3961/22 3959/2 3962/7 3950/40
f 3956/1 3963/2 3964/7 3965/8
f 3966/1 3967/2 3968/7 3969/8
f 3689/1 3686/2 3970/7 3971/8
f 3975/1 3976/2 3977/7 3978/8
f 3699/1 3688/2 3972/7 3979/8
f 3980/1 3974/2 3973/7 3981/8
f 3982/1 3983/2 3975/7 3984/8
f 3873/1 69/2 72/3 3874/4
f 3675/22 116/2 91/7 3988/40
f 3988/1 3634/2 3519/7 3518/8
f 131/1 3674/2 3989/7 94/8
f 3990/32 208/2 3991/34 3992/37
f 3993/32 3994/2 3995/34 3996/37
f 3674/1 3673/2 3997/7 3989/8
f 3683/1 3673/2 3525/3 3524/4
f 3940/1 3998/2 3804/7 3805/8
f 3958/1 3999/2 4000/3 3962/4
f 3963/1 3918/5 3921/9 3964/8
f 3896/1 4001/2 3708/7 3711/8
f 3923/1 4002/2 4003/7 3924/8
f 3708/1 4006/2 4007/7 4008/8
f 4009/1 4010/2 4011/7 4012/8
f 4006/1 3719/2 4013/38 4014/39
f 3559/1 3569/5 4015/76 4016/35
f 4017/1 3592/2 4018/7 4019/8
f 3590/1 4017/2 4020/3 4021/4
f 3731/1 3733/2 3548/3 3557/4
f 4022/1 4023/2 4024/7 4025/8
f 4027/1 4028/2 3562/7 3549/8
f 4029/1 4030/2 4031/7 4032/8
f 4033/1 1677/2 1680/34 4034/35
f 3886/1 4035/2 3567/7 3553/8
f 3784/1 4037/2 3554/7 3566/8
f 3640/1 4040/2 4041/34 3641/35
f 4042/1 4043/2 4014/3 4040/4
f 4010/1 4044/21 4045/20 4011/8
f 4048/1 4049/5 4044/6 4050/4
f 4051/1 4052/2 4049/3 4053/4
f 4055/1 1745/2 1743/7 4056/8
f 3780/1 3825/2 4057/7 3777/8
f 4058/1 3777/2 3717/7 3723/8
f 4059/1 4007/2 4043/34 4060/35
f 3547/1 3543/2 4061/7 4054/8
f 3685/1 3677/2 4067/7 3944/8
f 4067/1 4068/5 4069/76 4070/35
f 4071/1 3961/2 3953/3 4072/4
f 3967/1 4073/2 4074/7 3968/8
f 3900/1 4080/2 4081/7 3901/8
f 4047/1 4082/2 3545/7 3544/8
f 4084/1 4048/2 4050/3 4085/4
f 3733/1 3735/2 4083/7 4026/8
f 4026/1 4086/2 3568/7 3548/8
f 4023/1 4087/2 4088/7 4024/8
f 3758/1 3757/2 3596/3 3599/4
f 3596/1 3601/2 3505/7 4089/8
f 3601/1 2405/2 4090/3 3506/4
f 4091/1 1674/10 3996/11 3995/8
f 3983/1 3982/2 1674/7 4092/8
f 4093/48 4094/55 4095/7 4096/8
f 3965/1 3977/10 4097/11 4098/8
f 4099/1 4073/5 3967/9 3964/8
f 4100/1 4101/5 3978/9 3966/8
f 3921/1 3899/2 4102/7 4099/8
f 3913/1 4103/2 4101/7 4104/8
f 4105/1 4080/10 3900/11 3920/8
f 4106/1 4107/5 4103/9 3912/8
f 4011/1 4045/21 4108/20 4012/8
f 4109/1 1670/10 3992/11 3991/8
f 4110/1 3957/5 4111/9 4070/8
f 3974/1 3980/2 1670/7 4112/8
f 4069/9 3999/8 3958/1 4110/5
f 3925/9 4115/8 4116/1 4117/5
f 4003/7 4119/8 4115/1 3924/2
f 4060/9 4042/8 4119/1 4120/5
f 3645/1 4121/2 4122/7 3646/8
f 4125/1 4021/10 4020/11 4126/8
f 4127/1 4128/2 4123/7 4129/8
f 3494/1 3493/2 4130/7 3651/8
f 3507/1 3511/2 4127/7 4131/8
f 4090/1 4132/10 3512/11 3506/8
f 4133/22 193/2 162/3 3946/23
f 3976/1 4134/2 4097/7 3977/8
f 3690/1 3689/2 3971/7 4135/8
f 4111/1 3957/2 3960/7 4136/8
f 4137/1 4133/2 3808/7 3807/8
f 3913/1 4104/2 4140/7 3914/8
f 3848/59 3824/2 3702/3 3737/60
f 3543/1 3546/2 4141/7 4061/8
f 4142/1 4143/2 4108/18 4045/19
f 4052/1 4144/2 4145/7 4142/8
f 4028/1 4146/2 3563/7 3562/8
f 4030/1 4144/2 4145/7 4031/8
f 3576/1 3579/2 4149/34 4150/35
f 4151/1 4152/2 3580/7 3576/8
f 4153/1 4154/2 4155/3 4156/4
f 4154/1 4157/2 4127/7 4129/8
f 3510/1 4157/2 4127/7 3511/8
f 4000/7 4158/8 3951/1 3962/2
f 4040/34 3640/35 3639/1 4158/2
f 4142/1 4055/2 4159/7 4143/8
f 4013/7 4160/8 4040/1 4014/2
f 4145/1 1694/5 1745/9 4142/8
f 4025/1 4031/10 4145/11 4161/8
f 4034/1 1680/2 1694/7 4162/8
f 4088/1 4163/2 4032/7 4024/8
f 1463/1 3990/2 3992/34 1670/35
f 1673/1 3993/2 3996/34 1674/35
f 3698/1 3699/2 3979/7 4164/8
f 1651/1 3980/2 3981/7 1652/8
f 4095/1 3982/2 3984/7 4165/8
f 4166/1 1462/2 1359/7 1358/8
f 1742/1 1661/2 1664/7 4094/8
f 1730/1 1731/2 4167/7 1739/8
f 1732/1 1733/2 1738/7 4168/8
f 3762/1 3763/2 4169/7 1296/8
f 2701/1 3762/2 1299/3 2445/4
f 3594/1 3600/2 3651/3 4125/4
f 3602/1 3590/2 4021/3 4130/4
f 4157/1 1746/5 1732/9 4127/8
f 4128/1 1732/2 4168/7 4171/8
f 3761/1 3746/2 4172/7 4173/8
f 3869/1 3861/2 4174/7 3891/8
f 3757/1 3753/2 3591/3 3596/4
f 3597/1 3596/2 4089/7 4175/8
f 4157/1 4175/2 4131/7 4127/8
f 3763/1 3756/2 4176/7 4169/8
f 3592/22 3589/2 4177/7 4018/40
f 4178/1 4177/2 3646/7 4122/8
f 4179/1 4153/2 4156/3 4180/4
f 3725/1 3738/5 4181/9 4182/8
f 3890/1 4181/2 3573/7 3572/8
f 3787/1 4183/2 4184/7 3790/8
f 3577/1 3582/5 4185/9 4186/8
f 4186/1 4187/10 4150/61 4188/4
f 1485/22 4151/2 4187/3 1750/23
f 2698/1 3760/2 4192/7 2515/8
f 3668/1 2649/5 4193/9 3669/8
f 4194/1 4193/2 2443/7 3603/8
f 2408/1 2946/2 2945/7 4090/8
f 2948/1 2952/2 4132/7 2944/8
f 4196/1 3514/2 4197/7 3936/8
f 3935/1 4199/2 3520/7 4196/8
f 3706/1 3705/2 3535/3 3538/4
f 3726/1 4201/2 4035/7 4202/8
f 4201/1 4203/2 3564/3 3567/4
f 4203/1 3725/2 4182/7 4204/8
f 3861/1 3864/2 4205/7 4174/8
f 3760/22 3761/2 4173/7 4192/40
f 3876/50 4206/72 89/7 3873/8
f 4207/1 3635/2 3634/7 91/8
f 3997/1 4208/10 208/11 3989/8
f 1463/11 4208/8 208/1 3990/10
f 3945/1 3944/2 4067/7 4210/8
f 3971/9 3944/8 4067/1 4135/5
f 3979/7 3972/8 4211/1 1463/2
f 4212/1 4199/2 3935/7 3934/8
f 4213/7 4068/8 3944/1 3970/2
f 4166/3 4215/4 4214/1 4164/2
f 3884/1 4216/2 3895/7 3883/8
f 4007/1 4059/2 4218/7 4008/8
f 4035/1 3886/2 3885/7 4202/8
f 4037/1 3784/2 3783/7 4220/8
f 4028/7 4027/8 4221/1 4146/2
f 4223/7 4086/8 4026/1 4027/2
f 4182/1 3890/2 3889/7 4204/8
f 1484/9 4152/8 4151/1 1485/5
f 1491/11 4224/8 4225/1 1484/10
f 4226/9 4227/8 4224/1 4228/5
f 4169/7 4176/8 4226/1 1494/2
f 2515/48 4192/55 4173/7 4172/8
f 3669/1 4194/2 3488/7 3487/8
f 3672/1 3675/2 3518/3 3517/4
f 3692/1 3694/2 3529/3 3528/4
f 3951/1 4158/2 4229/34 3955/35
f 4116/1 4042/10 4040/61 4158/4
f 3823/1 4230/2 4231/7 3897/8
f 3919/1 4232/2 4105/7 3920/8
f 4230/1 4233/21 3736/36 3720/4
f 4040/1 4160/2 4234/34 4041/35
f 4235/1 4178/2 4122/7 4121/8
f 3492/1 3602/2 4130/3 3493/4
f 116/1 4236/2 4207/7 91/8
f 4236/1 3671/2 3523/3 3526/4
f 3818/1 3817/2 3898/7 4237/8
f 3595/1 3594/2 4125/3 4126/4
f 3488/1 4194/2 3603/7 3489/8
f 203/1 3794/2 4238/7 204/8
f 4240/1 4058/2 3723/7 3722/8
f 4183/32 3837/2 3722/3 3739/73
f 4242/1 4184/2 3739/7 3742/8
f 4243/9 4244/8 4245/1 157/5
f 4238/1 3656/2 126/7 204/8
f 3943/48 3946/55 162/7 206/8
f 3772/7 3949/8 4243/1 3773/2
f 4246/1 4247/5 3943/9 3942/8
f 3898/7 3662/8 3661/1 4237/2
f 4231/1 4001/2 3896/7 3897/8
f 3777/7 4057/8 4248/1 3778/2
f 4240/7 3781/8 3777/1 4058/2
f 4242/7 3791/8 3790/1 4184/2
f 3891/7 4174/8 4205/1 3892/2
f 4243/1 157/2 89/3 4249/4
f 3795/1 3798/2 4243/7 3949/8
f 4251/22 3682/2 4249/7 4206/40
f 4252/1 4251/2 3533/3 3532/4
f 3679/1 4252/2 3895/7 4216/8
f 3825/1 3827/2 4248/7 4057/8
f 4037/1 4220/2 3555/7 3554/8
f 3738/1 3740/2 3574/3 3573/4
f 4255/45 3770/8 165/1 4256/44
f 4257/9 4258/8 4259/1 193/5
f 4133/13 3939/8 4260/1 4257/12
f 4137/20 3998/8 3940/1 4133/21
f 3659/1 3818/2 4237/7 3661/8
f 3638/1 3692/2 3528/3 3527/4
f 3998/1 4274/5 4275/9 3804/8
f 3819/1 4275/2 4276/7 4246/8
f 4277/1 4137/2 3807/7 3806/8
f 3697/1 3698/2 4164/7 4214/8
f 4096/1 4095/2 4165/7 4279/8
f 4199/1 4212/2 3534/7 3520/8
f 4206/1 3876/2 3521/7 3533/8
f 4158/1 3639/2 3642/34 4229/35
f 3999/1 4116/2 4158/3 4000/4
f 4284/1 4285/2 4117/7 4069/8
f 4073/1 4102/2 4286/7 4074/8
f 4104/1 4100/2 4289/7 4140/8
f 3514/1 3522/2 3875/7 4197/8
f 3770/1 4291/21 3801/20 3771/8
f 3794/1 3658/2 3656/7 4238/8
f 3673/1 3676/2 4210/7 3997/8
f 3677/1 3687/2 4208/7 4067/8
f 3798/22 4292/2 4244/7 4243/40
f 3773/1 4243/2 3682/7 3681/8
f 3635/1 4207/2 3526/7 3516/8
f 3673/1 3672/2 3517/3 3525/4
f 4294/22 4295/2 4296/7 4091/40
f 4092/42 4296/2 4297/7 4298/71
f 4134/32 4297/2 4098/7 4097/33
f 4208/1 4067/2 4070/34 4109/35
f 4299/1 4071/2 4072/3 4294/4
f 3691/1 3690/2 4135/7 4211/8
f 4112/1 4111/2 4136/7 4300/8
f 4204/1 3889/2 3575/7 3564/8
f 3740/1 3727/2 3565/3 3574/4
f 4233/1 3848/12 3737/56 3736/4
f 3569/1 3578/2 4301/34 4015/35
f 4086/1 4223/2 3571/7 3568/8
f 4087/1 4302/2 4163/7 4088/8
f 3579/1 3570/2 4303/34 4149/35
f 4160/1 4304/21 4305/20 4306/8
f 4306/1 4084/10 4085/61 4234/4
f 3719/1 3732/2 3560/3 3559/4
f 4016/1 4307/2 4161/7 4013/8
f 3735/1 3714/2 4221/7 4083/8
f 4144/1 4310/2 4162/7 4145/8
f 3729/32 3726/2 4202/7 3783/33
f 4220/1 3885/2 3556/7 3555/8
f 3837/1 3779/2 3781/7 4240/8
f 4146/1 4221/2 3552/7 3563/8
f 4144/1 4311/2 4304/7 4145/8
f 3705/1 3679/5 4216/9 4312/8
f 4312/1 3884/2 3536/7 3535/8
f 3827/1 3775/2 3778/7 4248/8
f 4232/1 4009/2 4012/7 4105/8
f 4002/1 4313/2 4120/7 4003/8
f 4080/1 4106/2 4314/7 4081/8
f 3546/1 3541/2 4315/7 4141/8
f 4143/1 4159/2 4316/7 4317/8
f 4317/1 1742/5 4094/9 4318/8
f 4318/1 4093/2 4107/3 4108/4
f 4215/1 4166/2 1358/7 3541/8
f 4001/1 4231/2 3720/7 3708/8
f 3709/22 3708/2 4008/7 4082/40
f 4082/1 4218/2 4319/7 3545/8
f 3540/22 4319/2 4313/7 4320/40
f 3676/1 3684/2 3945/7 4210/8
f 4295/1 3954/2 3965/34 4098/35
f 4246/1 3942/2 3684/7 3693/8
f 3816/1 3819/2 3693/3 3700/4
f 4285/1 3922/2 3925/7 4117/8
f 4102/1 3899/2 3902/7 4286/8
f 4218/1 4059/2 4060/34 4120/35
f 3732/1 3731/2 3557/3 3560/4
f 4307/1 4022/2 4025/7 4161/8
f 3578/1 3577/2 4188/34 4301/35
f 3753/32 3745/2 3585/3 3591/73
f 3513/1 4321/2 3937/7 4322/8
f 4326/1 3707/2 3531/3 3534/4
f 3836/1 3852/10 3741/61 4327/4
f 3976/1 3975/2 4298/7 4134/8
f 4229/1 4329/2 3963/7 3955/8
f 4279/1 4165/2 3984/7 3975/8
f 4330/1 3918/5 4329/9 3642/8
f 4331/1 4232/2 3919/7 4330/8
f 3641/1 4010/5 4009/9 4331/8
f 4234/1 4085/10 4050/11 4041/8
f 4074/1 4289/2 3969/7 3968/8
f 3902/1 3914/10 4140/11 4286/8
f 4081/1 4314/2 3915/7 3901/8
f 4332/1 206/2 208/3 4208/4
f 208/1 4208/2 4109/34 3991/35
f 3994/1 4299/2 4091/34 3995/35
f 3943/1 4332/2 3687/7 3686/8
f 3806/1 3809/2 3943/7 4247/8
f 4100/1 3966/2 3969/7 4289/8
f 3686/1 3696/2 4213/7 3970/8
f 4106/1 3912/2 3915/7 4314/8
f 3539/1 3540/2 4320/7 4333/8
f 3714/1 3712/2 4046/7 4221/8
f 4311/1 4051/2 4053/3 4305/4
f 4223/1 4027/2 3549/7 3571/8
f 4302/1 4029/2 4032/7 4163/8
f 3582/1 3581/2 4334/7 4185/8
f 4225/1 4227/5 4335/6 4334/4
f 3598/1 3597/2 4175/7 4335/8
f 4175/1 3504/2 3507/7 4131/8
f 1673/11 4299/8 3994/1 3993/10
f 3960/9 3961/8 4071/1 4136/5
f 3981/7 3973/8 4300/1 1673/2
f 4311/1 4144/2 4052/7 4051/8
f 4336/1 4022/2 4307/7 4016/8
f 4030/1 4337/2 4310/7 4144/8
f 4015/1 4087/5 4023/9 4336/8
f 4302/1 4303/5 4337/9 4029/8
f 4188/1 4150/10 4149/11 4301/8
f 4180/1 1739/2 4167/7 4338/8
f 4155/1 1738/5 1739/9 4156/8
f 4171/1 4168/2 1738/7 4339/8
f 3688/1 3691/2 4211/7 3972/8
f 3974/1 4112/2 4300/7 3973/8
f 3983/1 4092/2 4298/7 3975/8
f 4279/1 3975/2 3978/7 4101/8
f 3703/1 3697/2 4214/7 3916/8
f 4093/22 4096/2 4101/3 4107/23
f 4159/1 4055/2 4056/7 4316/8
f 3561/22 3547/2 4054/7 4033/40
f 4310/1 4337/2 4034/7 4162/8
f 3570/1 3561/2 4337/34 4303/35
f 4340/1 4179/2 4180/3 4338/4
f 3756/1 3759/2 4226/7 4176/8
f 4123/1 4128/2 4171/7 4339/8
f 2446/1 3495/2 3512/3 4132/4
f 3953/7 3954/8 4295/1 4072/2
f 4056/1 1743/2 1742/7 4316/8
f 4084/1 4305/2 4053/7 4048/8
f 4322/1 3875/5 3874/9 211/8
f 3937/1 3936/2 4197/7 4322/8
f 3932/7 3922/8 4285/1 4284/2
f 4313/7 4002/8 3923/1 3922/2
f 4320/7 4077/8 3932/1 4333/2
f 4054/7 4061/8 4141/1 4315/2
f 1677/3 4033/4 4054/1 1684/2
f 4334/1 1749/10 1750/11 4185/8
f 4341/1 4179/5 4340/9 4334/8
f 4235/1 4019/2 4018/7 4178/8
f 4175/48 4157/55 4153/7 4341/8
f 3505/1 3504/2 4175/7 4089/8
f 3510/1 1302/5 1746/9 4157/8
f 4129/1 4123/2 4339/7 4155/8
f 3864/1 3863/2 4342/7 4205/8
f 3892/22 4342/2 3749/7 3748/40
f 3588/1 3595/2 4126/3 3645/4
f 4019/1 4235/2 4121/7 4020/8
f 3759/32 3758/2 4343/7 4226/33
f 4227/1 4343/2 3599/7 3598/8
f 3852/1 3789/21 3791/20 4344/8
f 4344/1 4242/12 3742/13 3741/8
f 3745/59 3666/2 3586/3 3585/60
f 4152/1 4225/2 3581/7 3580/8
f 1749/1 4340/2 4338/3 4167/4
f 4345/1 4346/2 4347/7 4348/8
f 4349/1 4350/2 4351/7 4352/8
f 4353/1 4354/10 4355/11 4356/8
f 4357/1 4358/2 4359/7 4360/8
f 4361/1 4362/2 4363/7 4364/8
f 4367/1 4366/2 4369/7 4370/8
f 4371/1 4372/2 4373/7 4374/8
f 4377/1 4376/2 4375/7 4378/8
f 4379/1 4380/2 4381/7 4382/8
f 681/1 4391/2 4392/3 241/4
f 4393/1 4396/2 4397/7 4398/8
f 4399/1 4401/2 4402/7 4400/8
f 4403/1 4404/2 4405/7 4406/8
f 4407/1 4408/12 4409/13 4410/8
f 4411/1 4412/21 4408/20 4413/8
f 4414/1 4415/2 4416/7 4417/8
f 4428/1 4429/2 4430/7 4431/8
f 4436/1 4437/2 4438/7 4439/8
f 4438/1 4440/5 4441/9 4442/8
f 4443/1 4441/2 4444/7 4445/8
f 4446/1 4447/2 4448/7 4449/8
f 4449/1 4450/21 4451/20 4452/8
f 4453/1 4451/10 4454/11 4455/8
f 4456/32 4457/2 4458/34 4459/37
f 4460/32 4461/2 4462/7 4463/33
f 4464/1 4465/2 4466/7 4467/8
f 4468/1 4469/2 4470/7 4471/8
f 4472/1 4473/2 4474/7 4475/8
f 4479/1 4480/5 4481/9 4478/8
f 4478/1 4482/2 4483/7 4484/8
f 4481/1 4485/10 4486/11 4487/8
f 4488/1 4489/2 4490/7 4491/8
f 4496/32 4497/2 4498/7 4499/33
f 4500/42 4498/2 4501/7 4502/71
f 4503/1 4504/2 4505/7 4506/8
f 4509/1 4510/2 4511/7 4512/8
f 4513/1 4514/2 4515/3 4516/4
f 4521/1 4522/2 4523/3 4524/4
f 4525/1 4526/21 4527/20 4528/8
f 4528/1 4529/12 4530/13 4531/8
f 4532/1 4533/2 4534/3 4535/4
f 4536/1 4537/2 4538/7 4539/8
f 4540/1 4541/2 4542/7 4543/8
f 4547/1 4546/2 4548/7 4549/8
f 4550/1 4551/2 4552/3 4553/4
f 4554/1 4555/2 4556/7 4557/8
f 4558/42 4559/2 4560/7 4561/71
f 4562/59 4560/2 4563/7 4564/67
f 4564/1 4569/2 4570/7 4571/8
f 4572/32 4571/2 4573/7 4574/33
f 4575/1 4576/2 4577/7 4578/8
f 4585/1 4586/2 4587/3 4588/4
f 4593/1 4594/2 4595/3 4596/4
f 4597/1 383/2 389/34 4598/35
f 4603/42 4604/2 4605/3 4606/43
f 4514/1 4607/2 4475/3 4515/4
f 4607/1 4438/2 4442/7 4472/8
f 4437/1 4608/2 4609/7 4438/8
f 4610/1 4611/2 4612/7 4613/8
f 4614/1 4615/2 4616/7 4617/8
f 4362/1 4414/2 4417/7 4363/8
f 4620/1 4621/2 4622/7 4619/8
f 4623/1 4624/2 4625/7 4626/8
f 4627/1 4628/2 4629/7 4630/8
f 4631/1 4632/5 2958/9 2503/8
f 4633/1 4634/5 2966/9 2960/8
f 456/7 4635/8 4636/1 457/2
f 4637/1 4638/12 4634/13 4631/8
f 4639/1 4640/2 4641/7 4642/8
f 4588/1 4595/10 4643/11 4644/8
f 4553/1 4552/2 4596/7 4587/8
f 4541/1 4540/2 4576/7 4573/8
f 4546/1 4547/2 4574/7 4575/8
f 4516/1 4523/2 4535/7 4534/8
f 4475/1 4483/10 4524/11 4515/8
f 4487/1 4488/2 4504/7 4503/8
f 4489/1 4486/2 4510/7 4509/8
f 4445/1 4444/2 4484/7 4474/8
f 4645/1 4646/2 4465/7 4462/8
f 4647/1 4648/2 4463/7 4464/8
f 4376/7 4367/8 4651/1 4652/2
f 4356/1 4357/2 4649/7 4653/8
f 4358/1 4355/2 4654/7 4650/8
f 4401/7 4399/8 4376/1 4377/2
f 4657/7 4658/8 4396/1 4399/2
f 4659/7 4660/8 4661/1 4662/2
f 4663/1 4664/2 4665/7 4666/8
f 4571/1 4668/21 4606/20 4605/8
f 4482/50 4481/72 4571/7 4570/8
f 4485/50 4501/72 4668/7 4572/8
f 4442/1 4443/2 4473/7 4472/8
f 4455/1 4669/14 4502/15 4481/8
f 4670/50 4353/72 4461/7 4454/8
f 4354/50 4671/72 4669/7 4460/8
f 4410/1 4409/12 4671/13 4670/8
f 4674/1 4675/12 4676/13 4677/8
f 4707/1 2964/2 2966/3 4634/4
f 4659/1 4662/2 4634/7 4638/8
f 4497/42 4603/2 4606/3 4501/43
f 4461/1 4708/2 4645/7 4462/8
f 4708/1 4709/2 4710/3 4711/4
f 4709/1 4353/2 4356/7 4653/8
f 4350/1 4411/2 4413/7 4351/8
f 4713/1 4714/2 4661/7 4660/8
f 4715/1 4572/2 4574/7 4547/8
f 4716/1 4715/2 4549/3 4511/4
f 4485/1 4716/2 4510/7 4486/8
f 4450/1 4349/10 4670/61 4454/4
f 4352/1 4407/2 4410/7 4670/8
f 4633/1 2960/2 2961/3 4717/4
f 4546/1 4575/2 4578/7 4548/8
f 4489/1 4509/2 4512/7 4490/8
f 4718/32 4719/2 4720/34 4721/37
f 2958/1 4632/2 4724/3 2959/4
f 4576/1 4540/2 4543/7 4577/8
f 4504/1 4488/2 4491/7 4505/8
f 4726/1 4727/2 4728/34 4729/35
f 4401/1 4377/2 4378/7 4402/8
f 4404/1 4379/2 4382/7 4405/8
f 4731/1 4732/2 4733/34 4734/35
f 4707/13 4735/8 2740/1 2964/12
f 4736/1 4737/12 4738/13 4739/8
f 4713/20 4740/8 4735/1 4714/21
f 4741/1 4742/5 4743/9 4736/8
f 4594/48 4744/55 4737/7 4745/8
f 4746/1 4585/2 4747/7 4741/8
f 4748/1 4550/5 4586/9 4746/8
f 4551/1 4749/5 4744/9 4593/8
f 4750/1 4751/21 4569/20 4563/8
f 4531/1 4530/12 4749/13 4748/8
f 4752/1 4513/5 4533/9 4750/8
f 4522/1 4521/2 4751/7 4532/8
f 4439/48 4438/55 4514/7 4752/8
f 4440/1 4453/5 4480/9 4479/8
f 4471/7 4470/8 4499/1 4500/2
f 4609/1 4753/10 4452/11 4438/8
f 4413/7 4407/8 4352/1 4351/2
f 4754/81 640/82 241/7 4392/8
f 4629/7 4755/8 4756/1 4630/2
f 4757/7 4758/8 4759/1 4760/2
f 4604/1 4562/2 4571/3 4605/4
f 4571/1 4761/2 4541/7 4573/8
f 4447/32 4536/2 4539/7 4448/33
f 4761/1 4762/2 4506/3 4542/4
f 4762/1 4481/2 4487/7 4503/8
f 4480/1 4453/2 4455/7 4481/8
f 4376/1 4652/2 4763/7 4375/8
f 4380/1 4764/2 4765/7 4381/8
f 4657/1 4399/2 4400/7 4766/8
f 4767/1 4403/2 4406/7 4768/8
f 4757/1 4760/2 4676/7 4675/8
f 2740/1 4740/5 4637/6 2503/4
f 4537/1 4558/2 4561/7 4538/8
f 4569/1 4521/5 4771/9 4570/8
f 4482/1 4771/2 4524/7 4483/8
f 4772/1 4446/2 4452/3 4753/4
f 4775/1 4776/2 4777/7 4778/8
f 4651/1 4367/2 4370/7 4779/8
f 4780/22 4371/2 4374/7 4781/40
f 4396/1 4658/2 4782/7 4397/8
f 4783/1 4784/2 4781/3 4785/4
f 4788/1 4789/2 4759/7 4758/8
f 4790/20 4562/8 4604/1 4603/21
f 4791/13 4538/8 4561/1 4790/12
f 4529/7 4527/8 4557/1 4556/2
f 4792/7 4793/8 4539/1 4794/2
f 4795/9 4796/8 4797/1 4791/5
f 4497/20 4798/8 4793/1 4795/21
f 4469/45 4448/8 4798/1 4496/44
f 4799/1 4608/2 4437/7 4436/8
f 4800/13 4801/8 4450/1 4468/12
f 4802/9 4803/8 4801/1 4804/5
f 4805/9 4806/8 4807/1 4800/5
f 4808/13 4349/8 4803/1 4805/12
f 4412/20 4411/8 4350/1 4808/21
f 777/7 4809/8 4810/1 778/2
f 4788/11 4628/8 4627/1 4789/10
f 4811/56 4812/4 4813/1 4814/12
f 4815/9 4816/8 4812/1 4817/5
f 4818/9 4819/8 4820/1 4811/5
f 4555/13 4821/8 4816/1 4818/12
f 4537/20 4822/8 4559/1 4558/21
f 4526/20 4525/8 4821/1 4554/21
f 4823/13 4824/8 4822/1 4536/12
f 4825/9 4826/8 4824/1 4827/5
f 4828/9 4829/8 4830/1 4823/5
f 4447/13 4831/8 4826/1 4828/12
f 4772/20 4832/8 4831/1 4446/21
f 776/34 4833/35 4391/1 681/2
f 4522/1 4532/2 4535/3 4523/4
f 4440/1 4479/2 4484/3 4444/4
f 4834/1 4456/2 4459/34 4835/35
f 4836/1 4837/2 4838/7 4834/8
f 4372/1 4839/2 4840/7 4373/8
f 4366/1 4393/2 4398/7 4369/8
f 4841/1 4428/2 4431/7 4842/8
f 4843/1 4844/2 4845/3 4846/4
f 4847/1 4845/2 4848/34 4849/35
f 4533/1 4513/2 4516/3 4534/4
f 4473/1 4443/2 4445/7 4474/8
f 4876/1 4877/2 4878/7 4879/8
f 4880/1 4881/2 4882/7 4883/8
f 4429/1 4361/2 4364/7 4430/8
f 4885/1 4886/2 4884/7 4887/8
f 4888/1 4889/2 4890/7 4891/8
f 4832/1 4772/21 4892/20 4799/8
f 4608/1 4892/10 4753/11 4609/8
f 4877/1 4610/2 4613/7 4878/8
f 4881/1 4614/2 4617/7 4882/8
f 4727/32 4836/2 4893/34 4728/37
f 4776/1 4893/2 4835/7 4777/8
f 4646/1 4645/2 4711/7 4894/8
f 4648/1 4647/2 4895/7 4896/8
f 4813/1 4525/12 4531/56 4739/4
f 4465/1 4646/2 4894/7 4466/8
f 4649/1 4357/2 4360/7 4897/8
f 4653/1 4649/2 4897/7 4710/8
f 4650/1 4654/2 4898/7 4899/8
f 4611/1 4900/2 4901/7 4612/8
f 4615/1 4902/2 4903/7 4616/8
f 4837/1 4876/2 4879/7 4838/8
f 4839/1 4880/2 4883/7 4840/8
f 4652/1 4651/2 4779/7 4763/8
f 4764/1 4775/2 4778/7 4765/8
f 4719/1 4726/2 4729/34 4720/35
f 4747/1 4585/2 4588/3 4644/4
f 4647/1 4464/2 4467/7 4895/8
f 4358/1 4650/2 4899/7 4359/8
f 4743/1 4742/2 4639/3 4642/4
f 4586/1 4550/2 4553/3 4587/4
f 4469/1 4496/2 4499/7 4470/8
f 4904/1 4460/2 4463/7 4648/8
f 4905/1 4904/2 4896/3 4898/4
f 4354/1 4905/2 4654/7 4355/8
f 4906/1 727/2 728/7 2943/8
f 4616/1 4883/2 4882/7 4617/8
f 4907/1 4373/10 4840/11 4903/8
f 4415/1 4414/2 4362/7 4907/8
f 4429/1 4908/5 4374/9 4361/8
f 4841/1 4781/2 4908/7 4428/8
f 4909/1 4624/2 4623/7 4910/8
f 4888/1 4785/5 4781/9 4889/8
f 4911/1 4849/10 4848/11 4909/8
f 4559/1 4831/21 4439/36 4563/4
f 4831/1 4832/2 4799/7 4436/8
f 4457/1 4912/2 4913/34 4458/35
f 4900/1 4345/2 4348/7 4901/8
f 4902/1 4914/2 4907/7 4903/8
f 4915/1 4916/2 4917/7 4918/8
f 4415/1 4910/2 4919/7 4416/8
f 4920/1 4921/2 4911/34 4909/35
f 4756/1 4755/2 4674/7 4677/8
f 4417/1 4430/2 4364/7 4363/8
f 4919/1 4842/10 4431/11 4416/8
f 4625/1 4891/2 4890/7 4626/8
f 4724/1 4717/2 2961/7 2959/8
f 4834/11 4912/8 4457/1 4456/10
f 4612/7 4901/8 4912/1 4613/2
f 4838/7 4879/8 4878/1 4834/2
f 4620/3 4916/4 4348/1 4347/2
f 4885/7 4621/8 4620/1 4886/2
f 4663/1 4666/2 4641/7 4640/8
f 4551/1 4593/2 4596/3 4552/4
f 4471/1 4500/2 4502/7 4669/8
f 4412/42 4468/2 4669/3 4409/43
f 2950/1 4922/5 4923/76 2951/35
f 4924/1 4745/2 4665/7 4664/8
f 4594/1 4924/2 4643/3 4595/4
f 4526/1 4554/2 4557/7 4527/8
f 4622/7 4920/8 4917/1 4619/2
f 4845/7 4887/8 4884/1 4846/2
f 4847/11 4921/8 4920/1 4845/10
f 4555/42 4814/2 4738/3 4749/43
f 4636/1 4635/2 4925/7 4926/8
f 2954/1 4927/2 4906/3 2943/4
f 4928/1 4597/2 4598/34 4929/35
f 4529/1 4556/2 4749/7 4530/8
f 4391/1 4833/10 4930/61 4392/4
f 4810/1 4809/2 4754/7 4930/8
f 4931/1 4927/2 2954/7 2951/8
f 4923/1 767/5 771/9 4931/8
f 4598/1 389/2 767/7 4929/8
f 4775/1 4729/5 4728/9 4776/8
f 4380/1 4932/5 4720/9 4764/8
f 4404/1 4933/2 4932/7 4379/8
f 4767/1 4721/5 4933/9 4403/8
f 4783/1 4734/5 4733/9 4784/8
f 4913/1 4835/10 4459/11 4458/8
f 4902/1 4615/2 4614/7 4913/8
f 4880/1 4778/5 4777/9 4881/8
f 4372/1 4381/5 4765/9 4839/8
f 4934/1 4405/5 4382/9 4371/8
f 4780/1 4768/2 4406/7 4934/8
f 4916/1 4620/2 4619/7 4917/8
f 4910/1 4623/2 4626/7 4919/8
f 4935/1 4843/2 4846/3 4884/4
f 4889/1 4841/2 4842/7 4890/8
f 4658/1 4657/2 4766/7 4782/8
f 4784/1 4767/2 4768/7 4780/8
f 4732/1 4718/2 4721/34 4733/35
f 4621/1 4885/2 4887/7 4622/8
f 4624/1 4888/2 4891/7 4625/8
f 4844/1 4731/10 4734/109 4936/35
f 4936/1 4783/2 4785/3 4848/4
f 4833/1 776/2 778/7 4810/8
f 4921/1 4847/10 4849/109 4911/35
f 4809/1 777/2 640/7 4754/8
f 4760/59 4756/2 4677/7 4676/67
f 4789/32 4627/2 4630/7 4759/33
f 4925/7 4939/8 2950/1 4926/2
f 770/9 4922/8 4939/1 768/5
f 383/7 4597/8 4928/1 770/2
f 4543/1 4548/2 4578/7 4577/8
f 4506/1 4511/10 4549/11 4542/8
f 4491/1 4490/2 4512/7 4505/8
f 4894/1 4895/2 4467/7 4466/8
f 4876/7 4611/8 4610/1 4877/2
f 4726/11 4837/8 4836/1 4727/10
f 4710/1 4898/10 4896/11 4711/8
f 4346/7 4345/8 4900/1 4611/2
f 4370/9 4940/8 4876/1 4779/5
f 4941/9 4375/8 4763/1 4719/5
f 4360/1 4359/2 4899/7 4897/8
f 4398/7 4421/8 4940/1 4369/2
f 4942/7 4402/8 4378/1 4941/2
f 4782/9 4935/8 4421/1 4397/5
f 4718/9 4766/8 4400/1 4942/5
f 4731/11 4844/8 4843/1 4732/10
f 4740/1 4713/21 4660/20 4943/8
f 4943/1 4659/12 4638/13 4637/8
f 4922/1 4928/2 4929/34 4923/35
f 4742/1 4747/2 4644/3 4639/4
f 4664/1 4663/2 4640/7 4643/8
f 4632/1 4633/2 4717/3 4724/4
f 4714/1 4707/2 4662/7 4661/8
f 4635/1 456/2 768/7 4925/8
f 4927/1 771/2 727/3 4906/4
f 4745/22 4743/2 4944/7 4665/40
f 4666/1 4944/2 4642/7 4641/8
f 4814/59 4813/2 4739/3 4738/60
f 457/1 4636/2 4926/7 769/8
f 5028/1 5029/2 5030/7 5031/8
f 5032/1 5033/2 5024/7 5034/8
f 5035/1 5036/2 5037/7 5025/8
f 5041/1 5042/2 5043/7 5044/8
f 5045/1 5046/2 5047/7 5048/8
f 5061/1 5062/2 5063/7 5064/8
f 5065/1 5066/21 5067/20 5068/8
f 5069/1 5070/5 5071/9 5072/8
f 5073/48 5074/55 5066/7 5075/8
f 5076/1 5077/5 5078/9 5079/8
f 5080/1 5081/2 5082/7 5069/8
f 5083/1 5084/21 5085/20 5086/8
f 5087/1 5088/5 5074/9 5089/8
f 5090/1 5091/2 5092/7 5093/8
f 5094/7 5095/8 5096/1 5097/2
f 5151/42 5152/2 5067/3 5088/43
f 5165/42 5166/2 5167/3 5168/43
f 5171/1 5165/2 5172/7 5173/8
f 5190/1 5191/2 5192/7 5193/8
f 5087/1 5089/2 5199/3 5200/4
f 5201/7 5202/8 5203/1 5204/2
f 1096/7 5205/8 5206/1 645/2
f 5207/7 5208/8 5209/1 5210/2
f 5211/7 5212/8 5213/1 5214/2
f 5217/1 5173/2 5172/7 5218/8
f 5219/56 5220/4 5221/1 5152/12
f 5222/9 5223/8 5224/1 5225/5
f 5226/9 5227/8 5220/1 5228/5
f 5229/9 5230/8 5231/1 5219/5
f 5151/15 5232/8 5223/1 5229/14
f 5233/1 5234/2 5235/3 5236/4
f 5237/1 5233/2 5037/7 5036/8
f 5045/1 5048/2 5238/7 5239/8
f 5240/1 5241/2 5242/3 5243/4
f 5251/1 5252/2 5065/7 5068/8
f 5082/1 5081/2 5253/3 5254/4
f 5259/1 5240/2 5243/3 5260/4
f 5218/1 5172/2 5168/7 5261/8
f 5282/1 5283/2 5284/3 5285/4
f 5024/1 5033/2 5288/7 5289/8
f 5290/1 5291/2 5041/7 5044/8
f 5291/1 5292/2 5293/3 5294/4
f 5222/1 5225/2 5078/3 5077/4
f 5316/59 5317/2 5064/7 5318/67
f 5318/42 5063/2 5319/7 5320/71
f 5252/1 5323/2 5072/7 5065/8
f 5075/22 5071/2 5324/7 5325/40
f 5191/1 5324/2 5326/7 5192/8
f 5327/1 5328/2 5329/3 5330/4
f 5333/1 5334/2 5335/3 5336/4
f 5081/1 5085/2 5337/3 5253/4
f 5089/1 5073/2 5341/3 5199/4
f 5093/1 5092/2 5342/7 5343/8
f 5342/1 5344/5 5345/9 5346/8
f 5347/1 5345/2 5348/7 5349/8
f 5352/1 5353/2 5097/7 5096/8
f 5086/1 5076/2 5355/3 5356/4
f 5227/1 5222/2 5077/3 5080/4
f 5317/1 5358/2 5061/7 5064/8
f 5358/1 5359/10 5343/61 5360/4
f 5359/1 5361/2 5090/7 5093/8
f 5292/1 5364/2 5365/3 5293/4
f 5241/1 5366/2 5367/3 5242/4
f 5372/1 5373/2 5201/7 5204/8
f 5374/1 5375/2 5028/7 5031/8
f 5375/1 5376/2 5377/3 5378/4
f 5379/1 5380/2 5211/7 5214/8
f 5382/1 5327/2 5330/3 5383/4
f 5384/1 5347/2 5349/7 5387/8
f 5391/1 5193/2 5192/7 5326/8
f 5253/1 5341/10 5393/11 5254/8
f 5346/1 5347/2 5384/7 5394/8
f 5395/1 5396/2 5356/7 5355/8
f 5397/1 5200/2 5199/7 5337/8
f 5400/1 5401/2 5402/3 5403/4
f 5406/1 5407/2 5408/3 5409/4
f 5410/1 5333/2 5336/3 5411/4
f 5412/1 5352/2 5096/7 5095/8
f 1096/1 645/2 5413/7 5414/8
f 5416/42 5417/2 5414/3 5418/43
f 4628/1 5431/2 4755/7 4629/8
f 5432/1 5282/2 5285/3 5433/4
f 5434/1 4788/2 4758/7 4757/8
f 645/59 5203/2 5435/7 5413/67
f 5436/32 5372/2 5204/7 5206/33
f 5034/1 5024/2 5289/7 5437/8
f 5025/1 5037/2 5236/7 5438/8
f 5029/1 5028/2 5378/7 5439/8
f 5441/1 5400/2 5403/3 5442/4
f 5208/1 5207/2 5443/7 5444/8
f 5447/1 5379/2 5214/7 5213/8
f 5448/1 5406/2 5409/3 5449/4
f 5450/32 5290/2 5044/7 5047/33
f 5048/1 5043/2 5451/7 5238/8
f 5452/1 5453/2 5437/3 5454/4
f 5453/1 5455/2 5032/7 5034/8
f 5456/1 5457/2 5207/7 5210/8
f 5457/1 5458/21 5459/36 5443/4
f 5083/1 5086/2 5356/3 5396/4
f 5461/1 5283/5 5282/9 4674/8
f 5462/1 5463/5 4675/9 5432/8
f 5464/1 5414/12 5413/13 5435/8
f 5465/48 5455/55 5452/7 5461/8
f 5237/48 5466/55 5463/7 5234/8
f 5467/48 5376/55 5374/7 5464/8
f 5400/1 5468/5 5414/9 5401/8
f 5469/1 5470/2 5468/7 5441/8
f 5444/1 5471/46 5167/47 5465/8
f 5472/1 5448/5 5473/9 5467/8
f 5406/1 5474/5 5470/9 5407/8
f 5475/48 5292/55 5290/7 5443/8
f 5366/48 5170/55 5471/7 5450/8
f 5476/1 5418/12 5474/13 5472/8
f 5477/1 5259/5 5364/9 5475/8
f 5240/1 5168/5 5170/9 5241/8
f 5459/1 5479/21 5261/20 5477/8
f 5485/56 5486/4 5317/1 5316/12
f 5323/1 5252/2 5251/7 5487/8
f 5488/9 5489/8 5486/1 5490/5
f 5491/9 5492/8 5493/1 5485/5
f 5353/13 5359/8 5489/1 5491/12
f 5412/20 5361/8 5359/1 5352/21
f 5512/1 5075/2 5325/7 5513/8
f 5073/1 5512/2 5393/3 5341/4
f 5516/32 5434/2 4675/3 5466/73
f 5517/1 5450/2 5047/7 5046/8
f 5366/1 5517/2 5518/3 5367/4
f 5217/1 5218/2 5261/7 5479/8
f 5071/1 5070/2 5391/3 5326/4
f 5085/1 5084/2 5397/3 5337/4
f 5527/13 5528/8 5431/1 5434/12
f 5529/11 5373/8 5372/1 5436/10
f 5530/9 5531/8 5528/1 5532/5
f 5533/9 5534/8 5535/1 5527/5
f 5536/13 5537/8 5538/1 5417/12
f 5516/13 5539/8 5531/1 5533/12
f 5540/9 5541/8 5537/1 5542/5
f 5543/9 5544/8 5545/1 5536/5
f 5546/56 5547/4 5456/1 5166/12
f 5548/13 5447/8 5541/1 5543/12
f 5416/20 5380/8 5379/1 5548/21
f 5549/9 5550/8 5547/1 5551/5
f 5169/9 5552/8 5553/1 5546/5
f 5171/56 5458/4 5550/1 5169/12
f 5462/1 5432/2 5433/3 5561/4
f 5035/1 5025/2 5438/7 5562/8
f 5043/1 5042/2 5563/7 5451/8
f 5364/1 5259/2 5260/3 5365/4
f 5221/1 5564/2 5323/7 5487/8
f 5564/1 5227/5 5080/6 5072/4
f 5458/1 5559/21 5479/36 5459/4
f 5152/59 5221/2 5487/7 5583/67
f 5583/42 5251/2 5068/7 5067/71
f 5062/1 5061/2 5360/7 5584/8
f 5585/1 5382/2 5383/3 5586/4
f 5394/1 5384/2 5387/7 5587/8
f 5588/1 5410/2 5411/3 5589/4
f 5225/22 5224/2 5079/3 5078/23
f 5070/1 5082/2 5254/3 5391/4
f 5513/1 5190/2 5193/7 5393/8
f 5590/1 5591/2 5592/7 5593/8
f 5084/1 5087/2 5200/3 5397/4
f 5595/1 5151/2 5088/3 5596/4
f 5361/1 5412/21 5095/20 5090/8
f 5091/1 5094/21 5597/20 5598/8
f 5203/1 5202/2 5464/7 5435/8
f 5538/1 5447/10 5472/61 5464/4
f 5213/1 5212/2 5476/7 5472/8
f 5063/1 5062/2 5584/7 5319/8
f 5328/1 5601/2 5587/3 5329/4
f 5601/1 5342/2 5346/7 5394/8
f 5092/1 5091/2 5598/7 5342/8
f 5431/1 5539/10 5465/61 4674/4
f 5209/1 5208/2 5444/7 5465/8
f 5076/1 5603/2 5395/3 5355/4
f 5030/1 5029/2 5439/7 5604/8
f 5473/1 5448/2 5449/3 5605/4
f 5334/1 5585/2 5586/3 5335/4
f 5344/1 5588/2 5589/3 5348/4
f 5330/1 5335/2 5586/7 5383/8
f 5587/1 5411/10 5336/11 5329/8
f 5349/1 5348/2 5589/7 5387/8
f 5529/1 5436/2 5206/7 5205/8
f 5469/1 5441/2 5442/3 5606/4
f 5353/42 5316/2 5320/3 5608/43
f 5094/1 5097/2 5608/7 5597/8
f 5283/1 5452/2 5454/3 5284/4
f 5234/1 5462/2 5561/3 5235/4
f 5373/1 5538/2 5202/7 5201/8
f 5401/22 5374/2 5031/7 5609/40
f 5609/1 5030/2 5604/7 5402/8
f 5417/1 5529/2 5205/7 1096/8
f 5284/1 5561/2 5433/7 5285/8
f 5437/1 5236/10 5235/11 5454/8
f 5439/1 5403/2 5402/7 5604/8
f 5288/1 5562/2 5438/7 5289/8
f 5377/1 5606/10 5442/11 5378/8
f 5449/1 5409/2 5408/7 5605/8
f 5563/1 5239/2 5238/7 5451/8
f 5293/1 5367/10 5518/11 5294/8
f 5260/1 5243/2 5242/7 5365/8
f 5584/1 5610/21 5320/20 5319/8
f 5611/1 5327/5 5382/9 5360/8
f 5334/1 5612/5 5610/9 5585/8
f 5190/1 5513/2 5325/7 5191/8
f 5343/48 5342/55 5328/7 5611/8
f 5410/1 5613/2 5612/7 5333/8
f 5344/1 5608/5 5613/9 5588/8
f 5598/1 5597/21 5608/20 5342/8
f 5539/1 5456/2 5210/7 5209/8
f 5455/1 5237/10 5036/11 5032/8
f 5033/1 5035/2 5562/7 5288/8
f 5376/1 5473/2 5605/3 5377/4
f 5407/1 5469/2 5606/3 5408/4
f 5166/1 5516/2 5466/3 5167/4
f 5212/1 5614/12 5418/13 5476/8
f 5380/1 5416/21 5614/20 5211/8
f 5042/1 5041/2 5294/7 5563/8
f 5046/1 5045/2 5239/7 5518/8
f 5888/1 5889/12 5596/13 5890/8
f 5891/1 5892/2 5893/7 5888/8
f 5894/1 5895/5 5891/9 5896/8
f 5901/1 5902/2 5903/7 5904/8
f 5905/1 5906/2 5907/7 5908/8
f 5909/1 5910/2 5911/7 5912/8
f 5925/1 5926/2 5927/7 5918/8
f 5930/1 5931/2 5932/7 5933/8
f 5934/1 5935/21 5936/20 5937/8
f 5938/7 5939/8 5940/1 5929/2
f 5941/1 5942/5 5943/9 5928/8
f 5944/1 5945/10 5946/11 5947/8
f 5948/1 5949/2 5942/7 5950/8
f 5951/48 5952/55 5944/7 5953/8
f 5954/1 5955/10 5956/11 5945/8
f 5957/1 5958/5 5949/9 5959/8
f 5960/1 5961/5 5962/9 5954/8
f 5963/1 5964/10 5958/11 5965/8
f 5966/1 5967/2 5968/7 5960/8
f 5972/7 5973/8 5974/1 5963/2
f 5986/1 5987/2 5938/7 5929/8
f 5988/1 5989/2 5990/7 5991/8
f 5992/1 5993/2 5994/3 5995/4
f 5989/1 5996/2 5997/3 5998/4
f 6001/1 6002/2 6003/7 6004/8
f 6023/32 6024/2 6025/3 6026/73
f 6027/1 6028/2 6026/7 6029/8
f 6032/1 6033/2 6034/7 6035/8
f 5962/1 5961/2 6036/7 6037/8
f 6039/9 6040/8 6041/1 5590/5
f 6042/11 6043/8 5591/1 5595/10
f 6044/11 6045/8 6046/1 6039/10
f 6047/9 6048/8 6045/1 6049/5
f 6050/1 6051/2 6052/7 6048/8
f 6027/7 6053/8 6054/1 6028/2
f 6055/20 6056/8 6057/1 6058/21
f 6059/13 6060/8 6056/1 6061/12
f 6062/20 6063/8 6064/1 6065/21
f 6066/9 6067/8 6060/1 6068/5
f 6069/9 6070/8 6071/1 6059/5
f 6072/13 6073/8 6074/1 6062/12
f 6075/13 6076/8 6067/1 6069/12
f 6077/9 6078/8 6073/1 6079/5
f 6080/7 6081/8 6082/1 6083/2
f 6084/11 6085/8 6086/1 6087/10
f 6088/20 6089/8 6078/1 6080/21
f 5996/1 6092/2 6093/3 5997/4
f 6076/1 6086/2 6098/7 6099/8
f 6100/1 6101/2 6102/3 6103/4
f 5965/1 5957/2 6104/3 6105/4
f 6087/1 6075/2 6106/7 6107/8
f 6112/1 6113/2 6114/7 6115/8
f 6118/1 6117/2 6119/7 6120/8
f 6121/1 6122/2 6083/7 6072/8
f 6123/1 6032/2 6035/7 6124/8
f 5955/1 5962/2 6037/7 6125/8
f 6127/1 5992/2 5995/3 6128/4
f 5591/1 6043/2 6134/7 5592/8
f 5909/1 5912/2 6140/7 6141/8
f 5925/1 5918/2 6144/7 6145/8
f 6146/1 6147/2 5946/7 5945/8
f 5954/1 5945/2 6148/7 6118/8
f 5960/1 5954/2 6120/3 6149/4
f 6122/1 6150/5 6088/9 6083/8
f 5966/1 5960/2 6153/7 6154/8
f 6159/7 6160/8 6161/1 6162/2
f 6166/62 6167/19 6160/1 6168/5
f 6183/7 6184/8 6185/1 6166/2
f 6186/9 6187/8 6188/1 6183/5
f 6189/7 6190/8 6187/1 6191/2
f 5888/1 5890/2 6205/3 6206/4
f 5891/1 5888/2 6207/7 6208/8
f 6047/1 6049/2 5891/3 5895/4
f 6183/59 6168/2 6209/7 6210/67
f 6211/1 6212/2 5905/7 5908/8
f 6212/1 6213/2 6214/3 6215/4
f 6186/1 6183/2 6221/34 6222/35
f 6224/1 6112/2 6115/7 6225/8
f 6226/1 6227/2 6228/7 6229/8
f 6057/1 6056/2 5934/3 5937/4
f 6056/1 6067/5 6251/9 6252/8
f 6253/1 6254/2 6255/3 6256/4
f 6258/1 6100/2 6103/3 6259/4
f 6288/1 6289/2 6290/7 6291/8
f 6292/1 6294/2 6105/7 6295/8
f 5972/22 5965/2 6294/7 6296/40
f 6297/1 6206/5 6205/9 5395/8
f 6298/1 6299/2 6300/7 6297/8
f 6290/1 6313/2 6311/7 6291/8
f 5990/1 6314/2 6315/7 5991/8
f 6316/1 6317/10 6318/11 6319/8
f 6115/1 6119/2 6320/7 6225/8
f 6105/1 6104/2 6321/7 6295/8
f 6322/1 6149/10 6120/11 6114/8
f 6228/1 6323/2 6324/7 6229/8
f 6327/1 6207/2 6206/7 6300/8
f 6329/1 6330/21 5889/20 5893/8
f 6043/1 6042/10 6330/11 6134/8
f 6055/1 6058/2 5936/3 5935/4
f 5948/1 5950/2 6318/3 6317/4
f 6084/1 6087/2 6107/7 6333/8
f 6048/1 6047/5 5895/6 5894/4
f 6162/1 6161/2 6048/3 6052/4
f 6347/1 6348/2 5904/7 5903/8
f 6349/32 6211/2 5908/7 5911/33
f 5912/1 5907/2 6351/7 6140/8
f 6024/1 6352/2 6349/3 6025/4
f 6213/1 6358/2 6359/3 6214/4
f 5918/1 5927/2 6361/7 6144/8
f 6364/1 6365/2 6184/7 6188/8
f 6366/1 6367/2 5931/7 5930/8
f 6210/1 6369/10 6053/11 6370/8
f 6370/1 6027/21 6029/20 6221/8
f 5928/119 5940/2 6373/7 6371/120
f 6252/22 5986/2 5929/7 5934/40
f 6371/1 6288/2 6291/7 6311/8
f 6061/1 6055/2 5935/3 5943/4
f 6377/1 6327/2 6300/7 6299/8
f 6159/1 6162/2 6052/3 6051/4
f 6378/1 6347/2 5903/7 5902/8
f 6365/1 6379/2 6185/7 6184/8
f 6367/1 6380/2 5932/7 5931/8
f 6189/1 6191/2 6064/3 6063/4
f 6382/1 6383/2 5944/7 5947/8
f 5944/1 6384/2 6113/7 6385/8
f 6384/1 5952/2 6322/3 6114/4
f 6134/7 6329/8 5593/1 5592/2
f 6348/1 6349/12 6390/13 6391/8
f 6378/1 6212/2 6211/7 6347/8
f 6392/50 6026/72 6025/7 6349/8
f 6393/1 6213/5 6212/9 6394/8
f 6395/1 6396/10 6358/11 6393/8
f 6367/1 6029/12 6026/13 6380/8
f 6397/1 6222/5 6221/9 6366/8
f 6398/9 5987/8 5986/1 6252/5
f 6399/1 6383/2 6382/7 6397/8
f 6146/1 6400/2 6401/7 6147/8
f 6251/11 6402/8 6403/1 6398/10
f 6128/7 5995/8 5994/1 6404/2
f 6405/6 6406/4 6128/1 6098/5
f 6407/7 6333/8 6107/1 6106/2
f 6315/1 6314/2 6415/7 6416/8
f 6417/22 6127/2 6128/3 6406/23
f 6092/1 6418/2 6419/3 6093/4
f 6042/1 5595/2 5596/3 5889/4
f 5940/1 5939/2 6420/7 6373/8
f 6403/1 6402/2 6421/3 6420/4
f 5956/1 5955/2 6125/7 6421/8
f 6204/1 6123/2 6124/7 6422/8
f 6352/1 6460/2 6390/3 6349/4
f 6461/1 6349/2 5911/7 5910/8
f 6462/1 6461/2 6463/3 6361/4
f 6392/1 6462/2 5927/7 5926/8
f 6369/1 6464/2 6054/7 6053/8
f 6062/1 6065/2 6401/7 6400/8
f 6465/1 6121/2 6072/7 6062/8
f 6468/1 6469/2 6470/7 6471/8
f 5968/1 5967/2 6472/7 6473/8
f 6352/11 6477/8 6209/1 6460/10
f 6479/20 6480/8 6477/1 6024/21
f 6482/7 6483/8 6480/1 6484/2
f 6485/9 6486/8 6487/1 6479/5
f 6023/20 6488/8 6483/1 6485/21
f 6369/11 6210/8 6488/1 6464/10
f 5992/11 6121/8 6465/1 5993/10
f 6034/9 6489/8 6122/1 6035/5
f 6490/9 6422/8 6124/1 6127/5
f 6470/7 6150/8 6489/1 6471/2
f 6417/7 6004/8 6003/1 6490/2
f 6190/1 6189/2 6063/3 6074/4
f 6492/1 6292/2 6295/7 6316/8
f 5959/1 5948/2 6317/3 6321/4
f 6383/1 6399/2 5953/7 5944/8
f 5945/32 5944/2 6385/7 6148/33
f 6494/1 6224/2 6225/7 6320/8
f 6402/32 6146/2 5945/7 5956/33
f 5993/32 6465/2 6400/3 5994/73
f 6314/1 5990/2 5998/7 6415/8
f 6492/1 6253/2 6256/3 6496/4
f 6039/1 5590/2 5593/7 6329/8
f 6044/1 6039/2 5893/3 5892/4
f 5907/1 5906/2 6500/7 6351/8
f 6358/1 6396/2 6504/3 6359/4
f 6117/1 6494/2 6320/7 6119/8
f 6507/1 6506/2 6324/7 6323/8
f 6516/1 6226/2 6229/7 6322/8
f 6506/1 6153/2 6149/7 6324/8
f 6418/1 6258/2 6259/3 6419/4
f 6085/1 6084/10 6333/11 6517/8
f 6517/1 6407/21 5964/20 5974/8
f 5952/1 5951/2 6519/7 6516/8
f 6033/1 6468/2 6471/7 6034/8
f 5961/1 5968/2 6473/7 6036/8
f 6002/1 6204/2 6422/7 6003/8
f 5890/1 5083/2 5396/3 6205/4
f 6533/1 6492/2 6316/7 6319/8
f 6101/1 6492/2 6496/3 6102/4
f 6086/1 6085/2 6517/7 6098/8
f 6405/1 6517/2 5974/7 5973/8
f 6534/1 5896/2 6298/3 6297/4
f 6074/1 6078/5 5951/6 5953/4
f 6078/1 6089/2 6535/7 6536/8
f 5941/1 5928/2 6311/3 6313/4
f 5957/1 5959/2 6321/3 6104/4
f 6415/1 6256/2 6255/7 6416/8
f 5997/1 6102/10 6496/11 5998/8
f 6419/1 6259/2 6103/7 6093/8
f 6075/32 6061/2 5943/3 5958/73
f 6407/1 6106/2 5958/7 5964/8
f 5896/1 5891/5 6208/9 6539/8
f 6539/1 6377/2 6299/7 6298/8
f 6049/1 6044/2 5892/3 5891/4
f 6540/59 6050/2 6391/7 6390/67
f 6168/1 6159/2 6541/7 6209/8
f 6460/42 6541/2 6051/7 6540/71
f 6394/1 6378/2 5902/7 5901/8
f 5906/1 5905/2 6215/7 6500/8
f 5910/1 5909/2 6141/7 6463/8
f 6377/1 6208/2 6207/7 6327/8
f 6500/1 6141/2 6140/7 6351/8
f 6214/1 6361/10 6463/11 6215/8
f 6504/1 6145/2 6144/7 6359/8
f 6420/1 6289/12 6288/13 6373/8
f 6125/48 5996/55 5988/7 6420/8
f 6253/1 6492/2 6533/7 6254/8
f 6113/1 6112/2 6224/7 6385/8
f 6117/1 6118/2 6148/7 6494/8
f 6101/1 6294/2 6292/7 6492/8
f 6036/1 6418/10 6092/11 6037/8
f 6258/1 6542/5 6294/9 6100/8
f 6543/1 6227/5 6226/9 6519/8
f 6507/1 6154/2 6153/7 6506/8
f 6472/1 6296/44 6542/45 6473/8
f 6396/1 6392/5 5926/9 6544/8
f 6544/1 5925/2 6145/7 6504/8
f 6464/1 6023/2 6028/7 6054/8
f 6379/1 6513/2 6167/7 6185/8
f 6380/1 6395/2 5933/7 5932/8
f 6058/42 6057/2 5937/3 5936/43
f 6191/1 6186/2 6548/3 6064/4
f 6147/32 6382/2 5947/7 5946/33
f 6065/32 6548/2 6222/7 6401/33
f 5987/1 6403/2 5939/7 5938/8
f 6254/22 5988/2 5991/7 6549/40
f 6549/1 6315/2 6416/7 6255/8
f 6289/1 6533/2 6319/7 6290/8
f 5950/1 5941/2 6313/3 6318/4
f 6831/1 6832/2 6833/7 6834/8
f 6841/1 6842/2 6843/7 6844/8
f 6853/1 6854/2 6847/7 6848/8
f 6857/1 6858/2 6859/3 6860/4
f 6861/1 6856/2 6855/7 6862/8
f 6863/1 6864/2 6857/7 6865/8
f 6866/1 6867/21 6868/36 6869/4
f 6870/1 6871/2 6872/7 6873/8
f 6874/1 6870/2 6875/3 6876/4
f 6877/1 6874/2 6878/7 6879/8
f 6877/1 6884/2 6885/7 6879/8
f 6886/7 6832/8 6831/1 6887/2
f 6895/7 6894/8 6886/1 6896/2
f 6897/7 6854/8 6853/1 6894/2
f 6898/1 6899/2 6900/7 6901/8
f 6902/1 6903/10 6904/11 6905/8
f 6906/1 6907/2 6908/7 6909/8
f 6910/1 6911/2 6912/7 6913/8
f 6914/1 6915/10 6916/11 6917/8
f 6918/1 6919/2 6920/7 6921/8
f 6922/1 6923/2 6924/7 6925/8
f 6926/1 6927/2 6928/7 6929/8
f 6930/1 6931/10 6932/11 6933/8
f 6934/1 6935/2 6936/7 6923/8
f 6940/1 6941/2 6942/7 6943/8
f 6944/1 6945/10 6946/11 6947/8
f 6948/1 6949/2 6950/7 6938/8
f 6951/1 6952/2 6953/7 6954/8
f 6955/1 6876/2 6875/7 6956/8
f 6957/1 5076/2 5079/7 6958/8
f 6959/1 5603/5 5076/9 6960/8
f 7017/1 7018/21 7019/20 7020/8
f 7021/1 7022/5 7023/9 7017/8
f 7024/1 7025/5 7026/9 7027/8
f 7028/1 7029/2 7030/7 7021/8
f 7031/1 7032/2 7025/7 7033/8
f 7034/1 7035/5 7036/9 7028/8
f 7037/1 7038/10 7039/11 7031/8
f 7040/1 7041/5 7042/9 7043/8
f 7044/1 7045/5 7038/9 7046/8
f 7047/1 7048/21 7041/20 6869/8
f 7049/48 7050/55 7045/7 7051/8
f 7052/48 7053/55 7054/7 7047/8
f 7055/1 7056/2 7057/7 7048/8
f 7058/1 7059/5 7060/9 7055/8
f 6868/1 7061/5 7062/9 7052/8
f 7063/1 7064/5 7065/9 7066/8
f 7067/1 7068/44 7069/45 7070/8
f 6877/50 7071/72 7072/7 6871/8
f 7073/1 7074/21 7075/20 7076/8
f 5223/7 7077/8 7078/1 5224/2
f 7079/1 6884/2 6877/7 7080/8
f 5232/9 7084/8 7085/1 5223/5
f 7090/11 7091/8 7092/1 7093/10
f 7094/13 7095/8 7096/1 7097/12
f 7098/9 7099/8 7095/1 7100/5
f 7101/9 7102/8 7103/1 7094/5
f 7104/47 7105/8 7099/1 7106/46
f 7107/45 7108/8 7105/1 7109/44
f 7110/13 7111/8 6866/1 7112/12
f 7113/9 7114/8 7115/1 7107/5
f 7116/25 7117/8 7111/1 7118/24
f 7119/9 7120/8 7117/1 7121/5
f 7122/47 7123/8 7124/1 7116/46
f 7125/47 6867/8 7120/1 7126/46
f 7127/9 7128/8 7129/1 7122/5
f 7130/30 7131/8 7132/1 7127/31
f 7133/9 7134/8 7131/1 7135/5
f 7136/13 7137/8 7138/1 7130/12
f 7108/1 6866/2 7143/7 7144/8
f 7145/22 7143/2 6869/7 7040/40
f 7146/1 7147/2 6917/7 6910/8
f 7051/1 7044/2 6911/3 6916/4
f 7149/42 7150/2 7151/3 7152/43
f 7056/1 7060/2 6923/3 6922/4
f 7153/1 7154/2 6933/7 6918/8
f 7156/1 7155/2 6919/7 6932/8
f 7157/1 7158/2 6923/7 6936/8
f 7050/1 7049/2 7157/7 7159/8
f 6927/1 6926/2 7160/7 7161/8
f 7162/1 7163/2 7164/3 7165/4
f 7061/1 7063/2 6941/3 6940/4
f 7064/1 7069/2 6954/3 6944/4
f 7166/1 7168/2 6945/7 6953/8
f 7169/1 7170/5 6949/9 7171/8
f 7171/1 6948/2 7172/7 7173/8
f 7174/1 7175/2 7176/3 7170/4
f 6867/1 7132/2 7070/3 6868/4
f 7024/1 7027/2 6900/3 6899/4
f 7183/1 7182/2 6908/7 6907/8
f 7042/1 7041/2 7147/7 7183/8
f 7041/1 7048/2 6914/3 6917/4
f 7055/1 7048/2 7184/7 7156/8
f 7058/1 7055/2 6932/3 6931/4
f 7138/1 7137/2 7185/7 7186/8
f 7187/32 7188/2 7185/3 7189/73
f 7137/1 7136/12 7192/13 7185/8
f 7193/1 7192/21 7074/20 7073/8
f 7188/59 7194/2 7134/7 7137/67
f 6873/1 7195/2 6956/7 6875/8
f 7137/32 7133/2 7196/7 7185/33
f 7197/1 7198/2 7199/7 7200/8
f 6895/1 6896/2 7201/7 7202/8
f 7203/1 7204/2 7205/34 7206/35
f 7092/1 7091/2 7207/7 7208/8
f 7209/1 7210/2 7211/18 7212/19
f 7215/1 7216/2 7212/34 7217/35
f 7030/1 7029/2 6902/3 6905/4
f 7218/1 7145/2 7040/7 7043/8
f 7219/1 7153/2 6918/7 6921/8
f 7062/1 7061/2 6940/3 6943/4
f 7221/1 7222/2 7223/3 7224/4
f 7080/1 6877/2 6879/7 7228/8
f 7071/1 6877/2 6879/7 7229/8
f 7232/1 7221/2 7224/3 7233/4
f 7077/1 7085/2 6960/3 6957/4
f 7235/1 7236/5 7237/76 7238/35
f 7239/1 7218/2 7043/7 7034/8
f 7035/1 7042/2 6907/3 6906/4
f 7046/1 7037/2 6913/3 6912/4
f 7109/1 7104/2 7243/7 7244/8
f 6857/1 7245/2 7246/7 6858/8
f 7247/1 6865/2 6857/7 7248/8
f 7078/1 7077/2 6957/3 6958/4
f 7253/1 7200/10 7199/11 7254/8
f 6841/1 7255/2 7256/7 6842/8
f 7257/1 7258/5 7255/9 7259/8
f 7260/1 6860/2 6859/7 7257/8
f 7215/9 6862/8 6855/1 7216/5
f 7236/9 7235/8 7264/1 7265/5
f 6928/1 6927/2 7161/7 7270/8
f 7271/1 7169/2 7173/3 7272/4
f 7203/1 7277/2 7278/7 7204/8
f 7280/1 7162/2 7165/3 7281/4
f 7170/1 7280/2 6950/7 6949/8
f 7282/1 7174/2 7170/3 7283/4
f 7101/22 7097/2 7026/3 7032/23
f 7044/1 7046/2 6912/3 6911/4
f 7158/1 7284/2 6924/7 6923/8
f 7060/1 7059/2 6934/3 6923/4
f 7069/1 7068/2 6951/3 6954/4
f 6887/1 6831/2 6834/7 7286/8
f 7198/1 7288/2 7289/7 7199/8
f 7290/1 7291/2 7292/34 7293/35
f 7244/1 7294/2 7039/7 7038/8
f 7113/22 7109/2 7038/3 7296/23
f 7296/1 7050/2 7159/7 7297/8
f 7168/1 7298/2 6946/7 6945/8
f 7259/1 6841/2 6844/7 7303/8
f 6894/1 6895/2 7202/7 7301/8
f 7204/1 7278/2 7304/34 7205/35
f 7305/42 7306/2 7020/7 7019/71
f 7093/32 7092/2 7208/7 7305/33
f 7248/1 6857/2 6860/3 7260/4
f 6856/1 7209/5 7216/9 6855/8
f 6864/1 7308/2 7245/7 6857/8
f 7022/1 7030/2 6905/3 6898/4
f 7033/1 7024/2 6899/3 6904/4
f 7307/1 7312/2 7264/7 7263/8
f 7316/1 7317/5 7318/9 7319/8
f 7147/48 7146/55 7327/7 7182/8
f 7329/1 7330/21 7152/20 7151/8
f 7154/1 7153/2 7219/7 7331/8
f 7155/1 7156/2 7184/7 7332/8
f 7158/1 7157/2 7333/7 7284/8
f 7159/1 7334/2 7329/7 7297/8
f 7163/1 7335/5 7330/9 7336/8
f 7338/1 7339/5 7334/9 7157/8
f 7170/48 7176/55 7335/7 7162/8
f 7168/1 7169/5 7271/9 7298/8
f 7340/1 7283/12 7170/13 7166/8
f 7195/1 6873/2 6872/7 7341/8
f 7228/1 6879/2 6878/7 7342/8
f 7229/1 7224/2 7223/7 7343/8
f 6885/1 7344/10 7233/11 6879/8
f 7207/7 7345/8 7306/1 7208/2
f 7244/7 7243/8 7346/1 7294/2
f 7144/1 7145/2 7218/7 7239/8
f 7347/36 7348/4 7150/1 7149/21
f 7349/7 7350/8 7348/1 7351/2
f 7352/9 7353/8 7354/1 7347/5
f 7175/20 7355/8 7350/1 7352/21
f 7282/11 7356/8 7355/1 7174/10
f 7185/1 7193/2 7357/7 7186/8
f 7358/1 7359/10 7185/11 7196/8
f 7221/1 7360/5 7359/9 7222/8
f 7361/1 7189/2 7360/7 7232/8
f 7190/13 7316/8 7194/1 7188/12
f 7231/20 7371/8 7316/1 7372/21
f 7375/9 7317/8 7371/1 7376/5
f 7048/1 7057/2 6925/3 6914/4
f 7284/1 7333/2 6915/7 6924/8
f 7048/32 7054/2 7331/7 7184/33
f 7332/1 7219/2 6921/7 6920/8
f 7118/1 7113/2 7297/34 7329/35
f 7336/22 7329/2 6929/7 7378/40
f 7378/1 6928/2 7270/7 7379/8
f 7053/1 7062/2 6943/3 6930/4
f 7066/1 7058/2 6931/3 6942/4
f 7339/1 7271/2 7272/3 7380/4
f 6938/1 6950/2 7281/7 7381/8
f 7059/1 7065/2 6947/3 6934/4
f 7298/1 7338/2 6935/7 6946/8
f 7090/1 7093/2 7019/3 7018/4
f 7031/1 7033/2 6904/3 6903/4
f 7037/1 7031/2 7327/7 7382/8
f 7382/1 7146/2 6910/7 6913/8
f 7057/1 7056/2 6922/3 6925/4
f 7065/1 7064/2 6944/3 6947/4
f 7357/1 7193/2 7073/7 7076/8
f 7135/1 7138/10 7186/11 7383/8
f 7383/1 7357/21 7076/20 7072/8
f 7068/1 7384/46 7283/47 7385/8
f 7385/1 7340/2 6952/7 6951/8
f 7356/1 7282/10 7384/11 7075/8
f 6871/1 7067/2 7341/7 6872/8
f 7386/22 7290/2 7387/38 7304/133
f 7388/1 7386/2 7278/34 7277/35
f 7023/1 7022/2 6898/3 6901/4
f 7036/1 7035/2 6906/3 6909/4
f 7155/1 7332/2 6920/7 6919/8
f 7063/1 7066/2 6942/3 6941/4
f 7361/1 7232/2 7233/3 7344/4
f 7342/1 6878/2 6876/7 6955/8
f 7222/1 7358/2 7343/3 7223/4
f 5224/1 7078/2 6958/3 5079/4
f 6886/1 6887/2 7286/7 7390/8
f 7392/22 7393/2 7256/7 7258/40
f 6897/1 6894/2 7301/7 7394/8
f 7306/1 7345/2 7017/7 7020/8
f 7308/1 7395/2 7246/7 7245/8
f 7096/1 7105/10 7034/61 7017/4
f 7236/1 7265/2 7396/34 7237/35
f 7105/1 7108/2 7144/7 7239/8
f 7054/1 7397/2 7154/7 7331/8
f 7397/1 7053/2 6930/3 6933/4
f 7133/1 7135/2 7072/3 7398/4
f 7358/1 7196/2 7398/7 7399/8
f 7399/1 7071/2 7229/7 7343/8
f 7401/1 7402/2 6884/7 7079/8
f 6884/1 7081/2 7403/7 6885/8
f 7082/1 7404/2 7344/7 7405/8
f 7197/1 7406/2 7387/7 7198/8
f 7407/1 7304/5 7406/9 7393/8
f 7392/1 7206/2 7205/7 7407/8
f 7303/1 6844/2 6843/7 7408/8
f 7163/1 7336/2 7379/3 7164/4
f 6948/1 6938/2 7381/7 7172/8
f 7175/42 7149/2 7152/3 7176/43
f 7085/1 7084/2 6959/3 6960/4
f 7308/1 7212/2 7211/7 7395/8
f 6863/1 7217/5 7212/9 6864/8
f 7238/1 7237/5 7396/9 7412/8
f 7104/1 7106/2 7346/7 7243/8
f 7413/1 7051/2 6916/3 6915/4
f 7049/1 7413/2 7333/7 7157/8
f 7338/1 7157/2 6936/7 6935/8
f 7340/1 7166/2 6953/7 6952/8
f 7150/1 7414/2 7329/3 7151/4
f 7130/42 7118/2 7414/7 7356/71
f 7329/1 7334/2 6926/7 6929/8
f 7334/1 7339/2 7380/3 7160/4
f 7136/1 7130/2 7075/3 7074/4
f 7393/1 7197/2 7200/7 7256/8
f 6842/1 7253/2 7408/7 6843/8
f 6896/1 6886/2 7390/7 7201/8
f 6833/7 7416/8 7417/1 6834/2
f 7418/9 7390/8 7286/1 7290/5
f 7386/7 7202/8 7201/1 7418/2
f 7388/9 7394/8 7301/1 7386/5
f 7209/9 6856/8 6847/1 7210/5
f 6861/7 7312/8 7307/1 6856/2
f 7161/1 7164/2 7379/7 7270/8
f 7380/1 7281/10 7165/11 7160/8
f 7173/1 7172/2 7381/7 7272/8
f 6854/1 6897/2 7394/7 6847/8
f 6858/1 7419/5 7206/9 7420/8
f 7420/1 7392/2 7258/7 6859/8
f 7395/1 7211/2 7419/7 7246/8
f 7210/1 7388/2 7277/34 7203/35
f 7091/1 7096/2 7345/7 7207/8
f 7027/1 7023/2 6901/3 6900/4
f 7097/1 7090/2 7018/3 7026/4
f 7312/1 6861/2 6862/7 7264/8
f 7412/1 6863/2 6865/7 7247/8
f 7265/1 7215/2 7217/34 7396/35
f 7029/1 7036/2 6909/3 6902/4
f 7182/1 7327/2 6903/7 6908/8
f 7106/1 7101/2 7422/7 7346/8
f 7294/22 7422/2 7032/7 7039/40
f 7423/42 7424/2 7425/3 7426/43
f 7441/1 7442/2 7443/7 7444/8
f 7445/1 7446/2 7447/34 7448/35
f 7443/1 7449/2 7450/7 7451/8
f 7449/1 7452/2 7453/3 7445/4
f 7456/1 7457/2 7458/3 7459/4
f 7464/1 7463/2 7465/7 7466/8
f 2310/32 7467/2 7468/3 2278/73
f 7473/1 2695/2 2514/7 7474/8
f 7475/42 7476/2 7477/7 7478/71
f 7479/42 7480/2 7481/7 7482/71
f 7459/1 7465/2 7483/7 7484/8
f 7485/1 7486/10 7466/11 7458/8
f 7487/1 2245/10 2278/11 7468/8
f 7488/1 7489/2 7490/7 7491/8
f 7492/1 7493/5 7494/9 7487/8
f 7495/1 7496/2 7497/7 7492/8
f 7498/1 7499/5 7500/9 7495/8
f 7501/1 2458/10 7502/11 7498/8
f 7503/1 2483/2 2922/7 7504/8
f 7505/1 7506/2 7507/7 7508/8
f 7509/1 7510/10 7511/11 7512/8
f 7513/1 2941/2 2482/7 7514/8
f 7515/1 7516/2 7517/7 7518/8
f 7450/1 7519/2 7520/7 7451/8
f 7521/1 7522/2 7523/7 7524/8
f 7578/1 7473/5 7579/9 7580/8
f 7581/1 7582/21 7478/20 7477/8
f 7583/1 2325/10 2695/11 7578/8
f 7584/1 7456/5 7585/9 7581/8
f 7586/50 7587/72 7588/7 7582/8
f 7589/48 7590/55 7457/7 7584/8
f 7591/61 7592/4 7467/1 2310/10
f 7593/1 7594/21 7587/20 7590/8
f 7595/1 7596/2 7597/7 7598/8
f 7599/9 7600/8 7592/1 7601/5
f 2715/61 7605/4 7600/1 7606/10
f 7611/7 7612/8 7613/1 7614/2
f 7615/1 7616/2 7607/7 7617/8
f 7618/1 7619/2 7620/7 7608/8
f 7621/1 7622/21 7612/20 7623/8
f 7624/1 7625/5 7626/9 7621/8
f 7627/1 7628/2 7622/7 7629/8
f 7630/1 7631/2 7632/7 7624/8
f 7633/1 7442/2 7441/7 7634/8
f 7635/1 7636/5 7637/9 7630/8
f 7638/1 7639/5 7640/9 7641/8
f 7642/1 7643/12 7639/13 7635/8
f 7644/1 7645/2 7646/7 7647/8
f 7648/1 7649/2 7650/7 7642/8
f 7651/1 7652/2 7653/7 7654/8
f 2322/61 7655/4 7656/1 2814/10
f 7657/20 7658/8 7480/1 7479/21
f 7659/13 7660/8 7661/1 7657/12
f 7662/9 7663/8 7660/1 7664/5
f 7665/9 7666/8 7667/1 7659/5
f 7668/13 7669/8 7663/1 7665/12
f 7670/1 7671/2 7672/7 7673/8
f 7674/1 7675/2 7676/7 7677/8
f 7678/20 7679/8 7669/1 7680/21
f 7681/1 7682/2 7683/7 7684/8
f 7685/1 7686/2 7687/7 7688/8
f 7689/11 7690/8 7691/1 7692/10
f 7693/1 7694/2 7695/7 7696/8
f 7697/47 7698/8 7699/1 7700/46
f 7701/9 7702/8 7703/1 7704/5
f 7705/9 7706/8 7707/1 7697/5
f 7708/13 7709/8 7702/1 7705/12
f 7710/7 7711/8 7712/1 7708/2
f 7585/1 7456/2 7459/3 7484/4
f 7713/1 7714/2 7488/7 7491/8
f 7715/1 7716/2 7681/7 7684/8
f 7716/1 7717/10 7718/61 7719/4
f 7717/1 7720/2 7693/7 7696/8
f 7721/22 7722/2 7723/3 7724/23
f 7725/1 7726/2 7727/3 7728/4
f 7729/1 7730/2 7731/3 7732/4
f 7499/1 7502/2 7733/3 7734/4
f 7735/42 7715/2 7684/7 7736/71
f 7736/32 7683/2 7737/7 7738/33
f 7476/1 7739/2 7581/7 7477/8
f 7661/1 7669/10 7589/61 7581/4
f 7669/1 7679/2 7740/7 7741/8
f 7521/1 7524/2 7753/7 7754/8
f 7741/1 7755/2 7590/7 7589/8
f 7590/1 7586/10 7756/11 7757/8
f 7714/1 7758/2 7489/7 7488/8
f 7680/1 7668/2 7759/7 7760/8
f 7671/1 7670/2 7763/7 7764/8
f 7765/22 7764/2 7598/7 7766/40
f 7766/1 7597/2 7767/7 7768/8
f 7675/1 7674/2 7769/7 7770/8
f 7493/1 7497/2 7771/3 7772/4
f 7776/1 7777/5 7643/9 7653/8
f 7711/1 7710/2 7777/7 7778/8
f 7519/1 7450/2 7448/18 7779/19
f 7522/1 7521/2 7754/7 7780/8
f 7781/32 7721/2 7782/7 7646/33
f 7647/22 7782/2 7724/7 7783/40
f 7654/1 7650/2 7784/7 7785/8
f 7631/1 7637/2 7518/3 7509/4
f 7641/1 7640/5 7788/9 7786/8
f 7786/1 7789/2 7510/7 7517/8
f 7788/1 2582/2 2941/7 7513/8
f 7722/59 7796/2 7634/7 7797/67
f 7797/42 7441/2 7444/7 7723/71
f 7696/1 7695/2 7801/7 7718/8
f 7801/1 7802/10 7619/11 7615/8
f 7616/1 7618/2 7803/7 7804/8
f 7805/1 7806/2 7807/7 7699/8
f 7690/1 7807/2 7810/7 7811/8
f 7629/1 7626/2 7508/3 7507/4
f 7700/1 7689/2 7812/7 7813/8
f 2483/1 7503/2 7814/7 2940/8
f 7820/1 7821/21 7686/20 7822/8
f 7822/1 7685/10 7823/11 7824/8
f 7825/1 7826/2 7827/3 7828/4
f 7829/1 7830/2 7831/3 7832/4
f 7833/22 7613/2 7834/7 2552/40
f 2776/1 7835/2 7614/7 7833/8
f 7579/1 7473/2 7474/7 7837/8
f 7494/1 7493/2 7772/3 7840/4
f 7500/1 7499/2 7734/3 7843/4
f 7835/1 7844/2 7611/7 7614/8
f 7845/1 7846/2 7503/7 7504/8
f 7708/32 7700/2 7813/7 7847/33
f 7846/1 7848/2 7849/3 7814/4
f 7848/1 7788/2 7513/7 7514/8
f 7640/1 7639/2 7850/7 7788/8
f 7710/1 7708/2 7639/3 7643/4
f 7772/1 2901/2 7851/7 7840/8
f 7852/1 2894/5 2901/9 7771/8
f 7734/1 7733/2 2894/7 7843/8
f 7597/1 7596/2 7853/7 7767/8
f 7726/1 7854/2 7855/3 7727/4
f 7691/1 7690/2 7811/7 7856/8
f 7632/1 7631/2 7509/3 7512/4
f 7650/1 7649/2 7857/7 7784/8
f 7858/1 7448/2 7447/7 7859/8
f 7860/1 7861/5 7779/9 7858/8
f 7656/1 7655/5 7583/6 7580/4
f 7467/1 7600/10 7495/61 7468/4
f 7674/1 7677/2 7862/7 7769/8
f 7730/1 7863/2 7600/7 7864/8
f 7865/1 7731/2 7498/7 7495/8
f 7864/1 7605/2 7501/3 7498/4
f 7685/1 7688/2 7866/7 7823/8
f 7627/1 7629/2 7507/3 7506/4
f 7638/1 7641/2 7517/3 7516/4
f 7868/1 7776/2 7653/7 7652/8
f 7869/1 7475/2 7478/7 7582/8
f 7870/1 7582/2 7871/7 7464/8
f 7872/1 7870/2 7466/3 7486/4
f 7586/1 7872/2 7873/7 7756/8
f 7678/1 7680/2 7760/7 7874/8
f 7875/1 7825/2 7828/3 7876/4
f 7607/1 7616/2 7804/7 7877/8
f 7644/1 7647/2 7783/7 7878/8
f 7879/1 7880/2 7670/7 7673/8
f 7880/1 7735/5 7738/6 7763/4
f 7881/1 7829/2 7832/3 7882/4
f 7802/1 7881/2 7620/7 7619/8
f 7883/1 7805/2 7699/7 7698/8
f 7884/1 7885/5 7886/6 7887/4
f 7888/1 7713/2 7491/7 7485/8
f 7889/1 7873/2 7486/7 7490/8
f 7890/59 7879/2 7673/7 7676/67
f 7677/32 7672/2 7891/7 7862/33
f 2245/1 7494/2 7840/3 7851/4
f 7796/1 7892/2 7633/7 7634/8
f 7892/1 7893/5 7894/6 7895/4
f 7655/1 2322/10 2325/61 7583/4
f 7424/1 7896/2 7897/3 7425/4
f 7658/1 7661/2 7739/7 7898/8
f 7582/22 7585/2 7899/7 7871/40
f 7900/1 7899/2 7484/7 7483/8
f 7901/1 7869/2 7582/7 7588/8
f 7474/1 2514/2 2515/7 7837/8
f 7903/81 7426/82 7425/7 7897/8
f 7463/1 7464/2 7871/7 7900/8
f 7757/1 7714/2 7713/7 7888/8
f 7758/1 7756/2 7873/7 7889/8
f 7853/1 7904/2 7768/7 7767/8
f 7728/1 7731/10 7865/11 7905/8
f 7855/1 7906/2 7732/7 7727/8
f 7828/1 7831/2 7907/7 7876/8
f 7908/1 7882/10 7832/11 7827/8
f 7909/1 2549/5 2552/9 7834/8
f 7804/1 7803/2 7910/7 7877/8
f 7789/50 7788/72 7845/7 7909/8
f 7443/1 7912/21 7723/20 7444/8
f 7850/1 2579/2 2582/7 7788/8
f 7894/48 7452/55 7443/7 7895/8
f 7913/1 7724/2 7912/7 7914/8
f 7915/1 7878/10 7783/11 7913/8
f 7857/1 7916/2 7785/7 7784/8
f 7898/7 7739/8 7476/1 7481/2
f 7869/1 7901/2 7482/7 7475/8
f 7423/18 7921/19 7896/1 7424/2
f 7764/1 7769/10 7862/11 7891/8
f 7740/1 7922/2 7755/7 7741/8
f 7923/7 7874/8 7760/1 7759/2
f 7738/48 7725/55 7764/7 7763/8
f 7924/1 7925/5 7770/9 7765/8
f 7730/1 7926/2 7925/7 7863/8
f 7927/1 7854/12 7726/13 7737/8
f 7928/1 7929/5 7926/9 7729/8
f 7930/1 7825/5 7875/9 7719/8
f 7830/1 7823/12 7866/13 7931/8
f 7718/48 7801/55 7826/7 7930/8
f 7802/48 7810/55 7824/7 7829/8
f 2775/7 7844/8 7835/1 2776/2
f 7811/7 7810/8 7932/1 7856/2
f 2781/9 7812/8 7933/1 2775/5
f 7934/1 7935/21 7810/20 7801/8
f 2802/34 7847/35 7813/1 2781/2
f 7721/56 7936/4 7796/1 7722/12
f 7886/48 7937/55 7938/7 7887/8
f 7939/9 7893/8 7936/1 7940/5
f 7941/13 7942/8 7943/1 7781/12
f 7868/1 7944/2 7778/7 7776/8
f 7945/56 7946/4 7879/1 7890/12
f 7947/9 7735/8 7946/1 7948/5
f 7949/9 7950/8 7951/1 7945/5
f 7821/135 7952/4 7715/1 7949/24
f 7953/9 7954/8 7952/1 7955/5
f 7956/9 7957/8 7958/1 7820/5
f 7806/13 7717/8 7954/1 7956/12
f 7883/20 7720/8 7717/1 7805/21
f 7960/56 7885/4 7884/1 7959/12
f 7463/1 7900/2 7483/7 7465/8
f 7758/1 7889/2 7490/7 7489/8
f 7683/1 7682/2 7927/7 7737/8
f 7826/1 7961/2 7908/3 7827/4
f 7961/1 7801/2 7615/7 7617/8
f 7695/1 7694/2 7934/7 7801/8
f 7854/1 7928/2 7906/3 7855/4
f 7688/1 7687/2 7929/7 7866/8
f 7605/1 2715/10 2458/61 7501/4
f 7682/1 7681/2 7719/7 7927/8
f 7931/1 7875/2 7876/3 7907/4
f 7480/1 7658/2 7898/7 7481/8
f 7457/1 7962/2 7485/3 7458/4
f 7962/1 7590/2 7757/7 7888/8
f 7755/1 7922/2 7593/7 7590/8
f 7913/1 7914/2 7523/7 7522/8
f 7915/1 7913/2 7780/3 7963/4
f 7921/1 7423/2 7426/3 7903/4
f 7679/1 7678/21 7874/20 7740/8
f 7922/1 7923/21 7594/20 7593/8
f 7496/1 7500/2 7843/3 7852/4
f 7596/1 7595/2 7905/7 7853/8
f 7863/1 7924/2 7904/3 7865/4
f 7520/1 7519/2 7969/7 7970/8
f 7971/1 7969/2 7779/34 7861/35
f 7636/1 7638/2 7516/3 7515/4
f 7847/1 2802/2 2579/3 7850/4
f 7442/1 7633/2 7895/7 7443/8
f 7446/1 7972/2 7859/34 7447/35
f 7914/32 7443/2 7451/7 7523/33
f 7524/1 7520/2 7970/7 7753/8
f 7959/59 7884/2 7973/7 7712/67
f 7709/1 7973/2 7887/7 7938/8
f 7720/1 7883/21 7698/20 7693/8
f 7694/1 7703/21 7935/20 7934/8
f 7514/1 2482/2 2942/7 7849/8
f 7625/1 7632/2 7512/3 7505/4
f 7628/1 7627/2 7506/3 7511/4
f 7617/1 7607/2 7877/7 7908/8
f 7608/1 7620/2 7882/7 7910/8
f 7844/59 7932/2 7623/7 7611/67
f 7692/32 7691/2 7856/7 7933/33
f 2549/1 7845/2 7504/7 2922/8
f 2695/1 2698/2 2515/7 2514/8
f 2450/1 2245/2 7851/3 2901/4
f 7502/1 2460/2 2894/3 7733/4
f 7924/1 7765/2 7768/3 7904/4
f 7928/1 7729/2 7732/3 7906/4
f 7626/1 7625/2 7505/3 7508/4
f 7637/1 7636/2 7515/3 7518/4
f 7651/1 7654/2 7785/7 7916/8
f 7762/1 7890/2 7676/7 7675/8
f 7980/32 7762/2 7770/3 7929/73
f 7497/1 7496/2 7852/3 7771/4
f 7821/1 7980/2 7687/7 7686/8
f 7613/1 7628/10 7981/11 7834/8
f 7689/1 7692/2 7933/7 7812/8
f 7789/1 7981/2 7511/7 7510/8
f 7982/1 7959/2 7712/7 7711/8
f 7960/1 7982/2 7778/3 7944/4
f 7657/1 7479/2 7482/7 7901/8
f 7668/32 7657/2 7588/3 7587/73
f 7923/1 7759/2 7587/7 7594/8
f 7830/1 7931/2 7907/3 7831/4
f 7618/1 7608/2 7910/7 7803/8
f 7941/1 7781/2 7646/7 7645/8
f 7672/1 7671/2 7764/7 7891/8
f 7764/1 7983/2 7595/7 7598/8
f 7983/1 7725/2 7728/3 7905/4
f 7806/22 7820/2 7824/3 7810/23
f 7932/1 7935/5 7624/9 7623/8
f 7703/1 7709/5 7635/6 7624/4
f 7938/1 7937/5 7648/9 7635/8
f 7849/1 2942/2 2940/7 7814/8
f 7453/3 7984/4 7972/1 7446/2
f 7969/1 7754/2 7753/7 7970/8
f 7971/1 7963/5 7780/9 7969/8
f 7452/1 7985/2 7971/3 7453/4
f 7986/1 7915/2 7963/3 7987/4
f 8048/1 8049/2 8050/7 8051/8
f 8069/1 8070/2 8071/7 8072/8
f 8073/1 8074/2 8069/3 8075/4
f 8086/1 8087/2 8088/7 8089/8
f 8116/1 8117/2 8118/7 8119/8
f 8088/1 8051/2 8050/7 8089/8
f 8252/1 8253/2 8254/7 8255/8
f 8256/1 8087/2 8086/7 8257/8
f 8048/1 8072/2 8071/7 8049/8
f 8258/1 8259/2 8260/7 8261/8
f 8262/1 8263/5 8264/9 8265/8
f 8069/1 8266/2 8267/7 8070/8
f 8268/1 8075/44 8069/45 8259/8
f 8269/1 8270/2 8271/7 8272/8
f 8281/25 8282/8 8283/1 8284/24
f 8073/15 8285/8 8282/1 8074/14
f 8281/1 8284/2 8267/3 8266/4
f 8264/1 8263/2 8256/7 8257/8
f 8254/1 8253/2 8116/7 8119/8
f 8272/1 8271/2 8259/7 8258/8
f 8259/1 8262/5 8327/9 8252/8
f 8253/1 8327/2 8117/7 8116/8
f 8263/1 8069/10 8072/11 8256/8
f 8087/1 8048/2 8051/7 8088/8
f 8074/1 8281/2 8266/3 8069/4
f 8262/1 8265/2 8118/3 8117/4
f 8285/1 8073/14 8328/15 8269/8
f 8270/1 8328/44 8075/45 8268/8
f 8260/1 8259/2 8252/7 8255/8
f 8271/1 8270/2 8268/7 8259/8
f 8283/1 8282/2 8258/3 8261/4
f 8282/1 8285/2 8269/7 8272/8
f 8329/1 8330/2 7453/7 8331/8
f 8332/1 8333/2 8334/7 8335/8
f 8336/1 8337/2 8338/7 8339/8
f 8340/1 8338/2 8341/7 8342/8
f 8343/1 8344/2 8345/7 8346/8
f 8347/1 8348/2 8349/34 8350/35
f 8351/1 8352/2 8353/7 8354/8
f 8355/42 8356/2 8354/3 8357/43
f 8358/1 8359/2 8360/3 8361/4
f 8366/1 8367/2 8368/3 8369/4
f 8370/1 8371/2 8372/3 8373/4
f 4914/1 8378/2 8379/7 4907/8
f 8380/1 8381/2 8382/7 8383/8
f 8384/1 8385/2 8386/34 8387/35
f 8388/1 7417/2 8389/34 8385/35
f 8390/1 8391/2 8392/3 8393/4
f 8394/1 8395/2 8396/3 8397/4
f 8398/1 8399/2 8400/7 8401/8
f 8401/1 8402/12 8403/56 8404/4
f 8405/1 4915/2 4918/7 8406/8
f 8416/1 8417/10 8418/61 8419/4
f 8416/42 8420/2 8421/3 8419/43
f 8422/22 8423/2 8424/7 8425/40
f 8425/1 8426/2 8427/7 8428/8
f 8429/1 8430/2 8431/3 8432/4
f 8433/1 8434/21 8435/20 8436/8
f 8437/1 8438/10 8434/11 8439/8
f 8440/1 8435/2 8441/7 8442/8
f 8443/1 8444/2 8445/7 8446/8
f 8447/1 8448/2 8449/3 8450/4
f 8455/1 8441/2 8456/7 8457/8
f 8458/22 8459/2 8460/7 8461/40
f 8462/1 8463/2 8464/7 8465/8
f 8466/1 8467/2 8468/3 8469/4
f 8470/1 8471/2 8472/7 8473/8
f 8474/1 8475/2 8476/7 8477/8
f 8478/1 8480/2 8481/7 8482/8
f 8479/1 8483/2 8484/7 8485/8
f 8356/1 8486/2 8487/7 8351/8
f 8491/1 8347/2 8350/34 8492/35
f 8493/1 8494/2 8495/3 8496/4
f 8499/1 8501/2 8502/7 8503/8
f 8352/1 8504/2 8505/7 8353/8
f 8509/1 8508/2 8510/7 8511/8
f 8512/1 8501/2 8502/7 8513/8
f 8516/1 8514/2 8517/7 8518/8
f 8519/1 8515/2 8520/7 8521/8
f 8348/1 8522/2 8523/34 8349/35
f 8524/1 8525/2 8526/3 8527/4
f 8532/1 8531/2 8533/7 8534/8
f 8539/1 8537/2 8540/7 8541/8
f 8542/1 8543/2 8544/7 8545/8
f 8546/1 8547/2 8548/34 8549/35
f 8550/1 8340/2 8342/7 8551/8
f 8552/1 8343/2 8346/7 8553/8
f 8554/1 8555/2 8556/7 8557/8
f 8558/1 8559/2 8560/3 8561/4
f 8562/1 8563/12 8564/13 8565/8
f 8565/1 8566/21 8567/20 8568/8
f 8569/1 8570/2 8571/3 8554/4
f 8558/1 8556/2 8572/7 8573/8
f 8565/22 8574/2 8575/7 8568/40
f 8568/1 8576/2 8577/3 8578/4
f 8329/7 8581/8 8582/1 8330/2
f 8583/9 8584/8 8581/1 8585/5
f 8590/7 8342/8 8341/1 8583/2
f 8522/9 8591/8 8551/1 8590/5
f 8527/1 8533/2 8573/7 8572/8
f 8347/7 8491/8 8591/1 8348/2
f 8496/1 8502/10 8534/11 8526/8
f 8513/1 8520/2 8545/7 8544/8
f 8469/1 8468/2 8503/7 8495/8
f 8477/1 8484/10 8521/11 8502/8
f 8457/1 8460/2 8485/7 8476/8
f 8592/1 8431/21 8461/20 8456/8
f 8593/48 8594/55 8423/7 8592/8
f 8595/1 8596/5 8432/9 8422/8
f 8597/1 8598/2 8599/7 8600/8
f 8601/1 8602/2 8596/7 8603/8
f 8361/1 8370/12 8604/13 8605/8
f 8371/1 8606/5 8602/9 8607/8
f 8397/1 8396/2 8369/7 8360/8
f 8404/1 8403/12 8606/13 8368/8
f 8610/1 8611/5 7985/9 7894/8
f 8612/1 8613/5 8614/9 7986/8
f 8615/1 8616/5 8617/9 8618/8
f 8619/1 8620/10 8621/11 8622/8
f 8338/1 8623/10 8624/11 8339/8
f 8625/1 8626/2 8616/7 8627/8
f 8628/1 8629/2 8630/7 8631/8
f 8340/7 8550/8 8632/1 8338/2
f 8557/1 8558/5 8633/9 8634/8
f 8559/1 8577/5 8626/9 8635/8
f 8531/1 8548/21 8578/20 8558/8
f 8501/1 8512/2 8543/7 8532/8
f 8515/1 8636/5 8549/9 8542/8
f 8637/92 8357/93 8353/7 8505/8
f 8638/1 8474/2 8501/7 8499/8
f 8483/1 8639/2 8636/7 8519/8
f 8442/1 8455/5 8475/9 8638/8
f 8459/1 8458/5 8639/9 8479/8
f 8640/1 8641/2 8642/7 8643/8
f 8382/1 8337/2 8336/7 8383/8
f 8675/1 8676/2 8677/7 8674/8
f 8678/1 8524/5 8555/9 8571/8
f 8679/1 8493/2 8525/7 8678/8
f 8351/7 8487/8 8504/1 8352/2
f 8680/1 8466/5 8494/9 8679/8
f 8436/1 8440/10 8467/11 8680/8
f 8430/7 8418/8 8450/1 8449/2
f 8681/1 8682/21 8419/20 8421/8
f 8683/13 8682/8 8419/1 8429/12
f 8684/1 8685/5 8686/9 8681/8
f 8687/7 8688/8 8689/1 8690/2
f 8691/9 8692/8 8693/1 8683/5
f 8694/1 8358/2 8695/7 8684/8
f 8402/36 8400/4 8688/1 8691/21
f 8393/1 8394/5 8359/9 8694/8
f 8395/1 8401/2 8367/7 8366/8
f 8696/1 8697/10 8401/11 8392/8
f 8698/15 8380/8 7893/1 7941/14
f 8699/1 8700/2 7937/7 7886/8
f 8701/48 8702/55 7944/7 7868/8
f 8703/13 8381/8 8380/1 8704/12
f 8705/9 8706/8 8707/1 8698/5
f 8708/1 8709/5 8710/9 8699/8
f 8576/7 8575/8 8711/1 8705/2
f 8568/1 8567/21 8701/20 8708/8
f 8355/18 8712/19 8486/1 8356/2
f 8439/7 8433/8 8465/1 8464/2
f 8713/1 8714/2 8399/7 8398/8
f 8574/20 8569/8 8715/1 8716/21
f 8566/1 8564/2 8717/7 8718/8
f 8547/45 8719/8 8570/1 8565/44
f 8720/9 8721/8 8719/1 8722/5
f 8511/9 8723/8 8724/1 8540/5
f 8725/9 8517/8 8541/1 8546/5
f 8473/20 8462/8 8721/1 8510/21
f 8726/7 8481/8 8518/1 8725/2
f 8446/20 8437/8 8463/1 8472/21
f 8448/9 8445/8 8482/1 8726/5
f 8417/11 8416/8 8438/1 8447/10
f 8727/20 8728/8 8420/1 8416/21
f 8729/13 8730/8 8728/1 8731/12
f 8732/9 8377/8 8730/1 8733/5
f 8734/9 8735/8 8736/1 8729/5
f 8738/13 8390/8 8377/1 8734/12
f 8741/7 8742/8 8409/1 8738/2
f 8749/9 8750/8 7885/1 8751/5
f 8752/9 8753/8 8754/1 7960/5
f 8563/56 8562/4 8750/1 8752/12
f 8615/1 8618/2 8779/3 8780/4
f 8559/1 8635/2 8781/3 8560/4
f 8501/1 8532/2 8534/7 8502/8
f 8508/1 8470/2 8473/7 8510/8
f 8501/1 8474/2 8477/7 8502/8
f 8438/1 8416/2 8592/18 8456/19
f 8727/1 8416/2 8419/3 8682/4
f 8419/1 8682/2 8782/3 8592/4
f 8642/1 8641/2 8593/7 8782/8
f 8367/1 8401/2 8404/3 8368/4
f 8713/1 8398/2 8401/7 8697/8
f 8614/1 8613/2 8783/3 8784/4
f 8633/1 8558/2 8561/3 8785/4
f 8531/1 8558/2 8573/7 8533/8
f 8638/1 8499/2 8503/7 8468/8
f 8467/1 8440/2 8442/7 8638/8
f 8640/1 8643/2 8599/7 8598/8
f 8395/1 8366/2 8369/3 8396/4
f 8624/1 8623/2 8786/3 8787/4
f 8555/1 8524/2 8527/3 8572/4
f 8494/1 8466/2 8469/3 8495/4
f 8686/1 8685/2 8597/3 8600/4
f 8359/1 8394/2 8397/3 8360/4
f 7293/1 8788/2 8789/34 7387/35
f 8612/1 7986/2 7987/3 8790/4
f 8715/1 8569/2 8557/34 8634/35
f 8525/1 8493/2 8496/3 8526/4
f 8463/1 8437/2 8439/7 8464/8
f 8695/1 8358/2 8361/3 8605/4
f 8391/1 8791/2 8696/3 8392/4
f 8792/1 8793/2 8794/34 8795/35
f 7291/1 8796/2 8792/34 7292/35
f 8682/22 8686/2 8797/7 8642/40
f 8643/1 8797/2 8600/7 8599/8
f 8731/1 8727/2 8682/3 8689/4
f 8798/1 8799/2 8800/7 8801/8
f 8603/1 8595/2 8803/3 8804/4
f 4912/1 8805/2 8806/34 4913/35
f 8807/1 7971/2 7861/34 8808/35
f 7985/1 8611/2 8807/3 7971/4
f 8583/1 8585/2 8808/18 8809/19
f 8522/22 8583/2 8810/34 8523/41
f 8570/1 8462/10 8680/61 8571/4
f 8465/1 8433/2 8436/7 8680/8
f 8420/1 8390/21 8393/36 8421/4
f 7288/1 8811/2 8812/7 7289/8
f 8712/1 8355/2 8357/3 8637/4
f 8594/1 8604/2 8813/3 8814/4
f 8607/1 8601/2 8817/3 8818/4
f 8685/1 8695/2 8605/3 8597/4
f 8641/1 8640/2 8598/7 8593/8
f 8819/50 4909/72 4907/7 8379/8
f 8805/1 8820/5 8378/76 8806/35
f 8820/1 8405/2 8821/18 8379/19
f 8406/1 8823/5 8819/76 8821/35
f 8386/1 8795/10 8794/11 8387/8
f 7288/1 7387/5 8789/9 8811/8
f 7254/1 7289/5 8812/9 8824/8
f 8801/1 8803/2 8428/7 8427/8
f 8814/1 8817/10 8804/11 8800/8
f 4915/34 8405/35 8805/1 4912/2
f 8373/1 8372/2 8818/7 8813/8
f 8675/1 8674/2 8630/7 8629/8
f 8710/1 8709/2 8628/3 8631/4
f 8402/42 8429/2 8432/3 8403/43
f 8343/1 8841/2 8810/7 8344/8
f 8842/1 8523/5 8841/9 8552/8
f 8492/1 8350/2 8349/7 8842/8
f 4920/3 8823/4 8406/1 4918/2
f 8332/1 8808/2 7861/7 8333/8
f 8849/1 8809/5 8808/9 8850/8
f 8553/1 8346/2 8345/7 8849/8
f 8792/11 8385/8 8384/1 8793/10
f 7293/7 7292/8 8792/1 8788/2
f 8851/22 7960/2 7944/3 8702/23
f 8563/1 8851/2 8717/7 8564/8
f 8854/1 8335/2 8334/7 8855/8
f 8378/48 4914/55 4913/7 8806/8
f 8856/1 7868/2 8621/3 8620/4
f 8701/1 8856/2 8677/7 8676/8
f 8566/1 8718/2 8701/7 8567/8
f 8791/1 8741/21 8714/20 8861/8
f 8861/1 8713/10 8697/11 8696/8
f 8576/32 7941/2 8617/3 8577/73
f 8514/1 8539/2 8541/7 8517/8
f 8515/1 8542/2 8545/7 8520/8
f 8444/1 8478/2 8482/7 8445/8
f 8459/1 8479/2 8485/7 8460/8
f 8426/1 8798/2 8801/7 8427/8
f 8604/1 8370/2 8373/3 8813/4
f 8823/1 4920/2 4909/34 8819/35
f 8793/32 8384/2 8387/34 8794/37
f 8625/1 8627/2 8862/3 8863/4
f 8574/1 8716/2 8711/7 8575/8
f 8537/1 8509/2 8511/7 8540/8
f 8543/1 8512/2 8513/7 8544/8
f 8471/1 8443/2 8446/7 8472/8
f 8475/1 8455/2 8457/7 8476/8
f 8423/1 8864/2 8799/7 8424/8
f 8738/32 8731/2 8689/3 8400/73
f 8864/1 8594/2 8814/3 8800/4
f 8741/1 8738/2 8399/7 8714/8
f 8796/32 8388/2 8385/34 8792/37
f 8811/22 8386/2 8824/7 8812/40
f 8788/1 8792/2 8795/34 8789/35
f 7937/1 8700/2 8619/3 8622/4
f 8448/32 8546/2 8549/34 8458/37
f 8430/1 8449/2 8461/3 8431/4
f 8601/1 8603/2 8804/3 8817/4
f 7885/1 8562/10 8568/61 7886/4
f 8547/1 8565/2 8578/34 8548/35
f 8480/1 8516/2 8518/7 8481/8
f 8483/1 8519/2 8521/7 8484/8
f 8417/1 8447/2 8450/3 8418/4
f 8595/1 8422/2 8428/3 8803/4
f 8371/1 8607/2 8818/3 8372/4
f 8807/7 8331/8 7453/1 7971/2
f 8807/1 8790/2 7987/7 7971/8
f 8783/1 8780/2 8779/7 8784/8
f 8786/1 8863/10 8862/11 8787/8
f 8561/1 8560/2 8781/7 8785/8
f 8799/1 8798/2 8426/7 8424/8
f 7291/11 7417/8 8388/1 8796/10
f 8381/1 8872/10 8873/11 8382/8
f 8337/1 8873/5 8634/9 8338/8
f 8344/1 8810/2 8809/7 8345/8
f 8623/1 8633/2 8785/3 8786/4
f 8635/1 8625/2 8863/3 8781/4
f 8709/1 8701/5 8676/9 8874/8
f 8874/1 8675/2 8629/7 8628/8
f 8718/1 8717/2 8702/7 8701/8
f 8338/1 8632/2 8584/7 8341/8
f 8875/22 8715/2 8872/7 8703/40
f 8716/1 8876/2 8706/7 8711/8
f 8383/1 8336/2 8339/7 8610/8
f 8850/1 8332/2 8335/7 8854/8
f 8611/1 8612/2 8790/3 8807/4
f 8700/1 8710/2 8631/3 8619/4
f 8674/1 8677/2 8620/7 8630/8
f 8585/1 8329/2 8331/7 8807/8
f 8613/1 8624/2 8787/3 8783/4
f 8627/1 8615/2 8780/3 8862/4
f 8330/1 8582/2 7984/7 7453/8
f 8333/1 7860/2 8855/7 8334/8
f 8618/1 8614/2 8784/3 8779/4
f 7645/1 7644/2 7878/7 8617/8
f 7649/1 7648/2 8622/7 7857/8
f 7652/1 7651/2 7916/7 8621/8
f 7402/1 8900/2 8901/7 6884/8
f 8906/1 8907/2 8908/3 8900/4
f 8918/1 8919/2 8920/7 6959/8
f 8921/48 5894/52 6534/9 8918/8
f 8922/7 8923/8 8924/1 8925/2
f 8926/81 5933/82 8927/7 8928/8
f 8937/7 8938/8 8939/1 8933/2
f 8943/1 5930/5 5933/9 8944/8
f 8945/1 8946/2 5930/7 8947/8
f 8901/1 8998/2 7081/7 6884/8
f 8999/1 9000/2 7404/7 7082/8
f 6048/76 9001/35 7084/1 5232/5
f 9002/1 6050/10 6048/11 9003/8
f 9004/50 9005/72 9006/7 9002/8
f 6160/9 9018/8 9019/1 6161/5
f 9020/11 9021/8 9022/1 6160/10
f 9023/9 9024/8 9021/1 9025/5
f 9026/11 9027/8 9024/1 9028/10
f 9029/9 9030/8 9027/1 9031/5
f 9032/7 9033/8 9030/1 9034/2
f 9035/9 9036/8 9033/1 9037/5
f 6190/9 9038/8 9039/1 6187/5
f 9040/22 7187/2 7189/3 9041/23
f 9042/1 9043/2 9044/34 9045/35
f 9047/1 9048/2 9049/18 9044/19
f 9050/1 9051/5 9052/9 9049/8
f 9053/1 9054/2 9055/7 9056/8
f 9061/1 9062/2 9063/34 9064/35
f 8999/1 7082/2 7405/7 9065/8
f 9078/1 9079/2 9080/7 9081/8
f 9082/1 9083/10 9084/11 9085/8
f 9086/1 9087/2 9088/7 9089/8
f 9090/48 9051/55 9050/7 9091/8
f 9092/1 9093/5 9094/9 9090/8
f 9063/1 9095/2 9093/7 9064/8
f 9100/9 9101/8 9095/1 9096/5
f 9102/9 9103/8 9104/1 9105/5
f 9106/1 9107/5 9108/9 9109/8
f 9110/1 9111/2 9112/7 9106/8
f 8920/1 8919/2 9113/3 9114/4
f 9115/1 9116/2 9117/34 9118/35
f 9119/1 9120/2 9121/7 8928/8
f 9122/1 9121/2 9123/7 9124/8
f 9125/1 9126/2 9127/7 9128/8
f 9131/1 9132/5 8926/9 9122/8
f 9133/1 9134/2 9135/18 9136/19
f 9137/1 9138/2 9029/7 9031/8
f 9139/22 9140/2 9136/34 9141/41
f 9142/1 9144/2 9035/7 9037/8
f 9143/1 9145/2 8945/7 8947/8
f 9147/1 9148/2 9149/7 9150/8
f 9151/1 9152/10 9153/11 9154/8
f 9155/1 9156/2 9157/7 9158/8
f 9159/1 9160/5 9161/9 9162/8
f 9163/1 9164/5 9165/9 9166/8
f 9167/1 9168/2 9164/7 9169/8
f 9170/1 9171/5 9168/9 9172/8
f 9173/1 9174/5 9175/9 9176/8
f 9113/1 6297/2 5395/7 9114/8
f 9177/7 9178/8 9179/1 9180/2
f 9181/7 9054/8 9053/1 9178/2
f 9183/7 9182/8 9177/1 9184/2
f 9188/7 9189/8 9181/1 9182/2
f 9190/9 9191/8 9192/1 9193/5
f 9194/7 9195/8 9191/1 9196/2
f 9199/7 9200/8 9201/1 9140/2
f 9202/9 9203/8 9195/1 9204/5
f 9139/9 9205/8 9197/1 9199/5
f 9206/11 9207/8 9208/1 9209/10
f 9211/1 8906/2 8900/3 9212/4
f 8900/1 9214/10 9000/11 8901/8
f 8998/1 8999/2 9065/7 9216/8
f 8919/1 6534/2 6297/3 9113/4
f 9217/1 9042/2 9045/34 9218/35
f 9219/1 9220/2 9221/7 9222/8
f 9223/1 9224/2 9150/7 9149/8
f 9225/1 9226/2 9227/34 9228/35
f 9229/1 9230/10 9231/109 9232/35
f 9233/1 9234/2 9235/7 9236/8
f 9163/1 9166/2 9237/7 9238/8
f 9170/1 9172/2 9244/7 9245/8
f 9208/1 9207/2 9249/34 9250/35
f 9226/11 9217/8 9254/1 9255/10
f 9256/9 9043/8 9042/1 9221/5
f 9257/9 9258/8 9222/1 9225/5
f 9261/3 9262/4 9263/1 9257/2
f 9264/1 9118/10 9117/11 9265/8
f 9234/1 9266/5 9267/9 9232/8
f 9268/1 9269/5 9270/9 9271/8
f 9233/7 9272/8 9273/1 9234/2
f 9233/1 9274/2 9275/7 9234/8
f 9125/1 9276/2 9269/7 9126/8
f 9279/1 9280/5 9276/9 9281/8
f 9286/1 9287/2 9158/7 9151/8
f 9288/1 9289/2 9152/7 9157/8
f 9001/1 6048/5 5894/6 8921/4
f 9048/1 9290/2 9091/34 9050/35
f 9180/1 9179/2 9291/7 9292/8
f 9116/32 9293/2 9265/34 9117/37
f 9294/32 9295/2 9003/7 6048/33
f 6161/22 9019/2 9296/7 9294/40
f 9295/1 9297/2 9002/7 9003/8
f 9022/1 9027/10 9004/61 9002/4
f 8924/1 8923/2 9298/7 9299/8
f 9267/1 9266/2 9300/7 9301/8
f 9302/32 9300/2 9165/34 9171/37
f 8939/1 8938/2 9305/7 9306/8
f 9027/1 9036/10 9307/109 9308/35
f 9311/1 9309/2 9197/7 9205/8
f 9312/1 9313/2 9112/7 9111/8
f 9054/1 9181/2 9318/7 9055/8
f 9051/1 9094/2 9319/7 9052/8
f 9182/1 9183/2 9321/7 9320/8
f 9322/1 9319/2 9323/3 9324/4
f 9327/1 9328/2 9081/7 9080/8
f 9234/1 9273/2 9329/7 9235/8
f 9166/1 9159/2 9330/7 9237/8
f 9266/1 9275/2 9160/18 9165/19
f 9120/1 9335/2 9333/3 9123/4
f 9126/1 9268/2 9336/7 9127/8
f 9220/1 9337/2 9256/7 9221/8
f 9224/1 9338/2 9147/7 9150/8
f 9177/1 9180/2 9292/7 9339/8
f 9287/1 9340/2 9155/7 9158/8
f 9340/1 9322/2 9324/3 9341/4
f 9188/1 9182/2 9320/7 9342/8
f 9345/1 9346/2 9082/7 9085/8
f 9104/1 9103/2 9357/34 9358/35
f 9062/1 9364/10 9096/109 9063/35
f 9346/1 9366/2 9089/7 9082/8
f 9370/1 9371/2 9083/7 9088/8
f 9230/1 9372/2 9193/7 9373/8
f 9172/1 9167/2 9374/7 9244/8
f 8938/1 8937/2 9375/7 9305/8
f 9134/1 9376/2 9280/34 9377/35
f 9373/1 9192/2 9379/3 9231/4
f 9005/1 9004/2 9308/7 9380/8
f 9377/1 9279/2 9381/7 9135/8
f 9382/1 9137/2 9031/7 9026/8
f 9226/1 9255/2 9383/34 9227/35
f 9384/22 9385/2 9263/7 9262/40
f 9289/1 9386/2 9153/7 9152/8
f 9387/22 9384/2 9388/3 9389/23
f 9390/1 9327/2 9080/7 9079/8
f 9392/1 9370/2 9088/7 9087/8
f 9396/1 9397/2 9102/7 9105/8
f 9103/1 9106/12 9174/56 9410/4
f 9410/1 9173/10 9411/11 9357/8
f 9397/1 9412/10 9106/11 9102/8
f 9309/1 9413/2 9200/7 9197/8
f 9313/1 9414/2 9107/7 9112/8
f 9415/1 9142/2 9037/7 9032/8
f 9416/1 9143/2 8947/7 8943/8
f 7317/1 9211/2 9212/3 7401/4
f 9216/1 9065/2 7405/7 7403/8
f 9335/1 9120/2 9119/7 9420/8
f 9380/1 9423/2 9131/7 9424/8
f 9425/1 9132/5 9423/9 9308/8
f 9426/1 9416/2 9427/7 9425/8
f 9307/1 9145/5 9143/9 9426/8
f 9428/1 6399/5 6397/9 9429/8
f 6535/9 9430/8 9431/1 6536/5
f 9212/1 8900/2 7402/7 7401/8
f 9214/1 9469/2 7189/7 7361/8
f 8908/1 9041/21 9469/20 8900/8
f 9470/7 9297/8 9295/1 9296/2
f 9207/1 9206/10 9473/109 9249/35
f 9038/1 6190/5 6399/76 9428/35
f 9215/9 9211/8 7317/1 7375/5
f 9476/9 8907/8 8906/1 9067/5
f 6536/22 9431/2 9488/3 6519/23
f 9254/1 9217/2 9218/34 9489/35
f 9490/1 9286/2 9151/7 9154/8
f 9179/1 9178/2 9491/7 9291/8
f 9181/1 9189/2 9492/7 9318/8
f 9094/1 9101/10 9493/109 9323/35
f 9214/1 7361/2 7404/7 9000/8
f 9290/1 9495/10 9092/109 9091/35
f 7081/1 8998/2 9216/7 7403/8
f 9255/32 9254/2 9489/34 9383/37
f 5603/1 8920/2 9114/3 5395/4
f 6348/1 6391/2 8927/7 5904/8
f 9376/32 9501/2 9270/34 9280/37
f 6395/22 6394/2 5901/7 5933/40
f 6513/1 9382/2 9026/7 6167/8
f 9481/1 6364/2 6188/7 6187/8
f 6397/1 6366/2 5930/7 8946/8
f 9218/1 9227/10 9383/11 9489/8
f 9044/1 9338/5 9224/9 9045/8
f 9502/1 9503/5 9228/9 9223/8
f 9049/1 9286/2 9490/7 9044/8
f 9289/1 9504/2 9503/7 9386/8
f 9052/48 9322/52 9287/9 9049/8
f 9505/1 9506/5 9504/9 9288/8
f 9324/1 9330/10 9507/11 9341/8
f 9508/1 9509/5 9328/9 9323/8
f 9390/1 9238/5 9237/9 9327/8
f 9510/1 9346/2 9345/7 9508/8
f 9371/1 9374/5 9511/9 9512/8
f 9493/1 9513/5 9366/9 9510/8
f 9392/1 9245/5 9244/9 9370/8
f 9357/1 9411/10 9514/11 9358/8
f 9293/1 9515/2 9264/34 9265/35
f 9516/1 9517/2 9161/34 9160/35
f 9275/1 9274/2 9519/7 9516/8
f 9167/1 9169/2 9511/7 9374/8
f 9372/1 9520/2 9190/7 9193/8
f 9106/1 9109/2 9175/3 9174/4
f 9521/1 9522/2 9202/7 9204/8
f 9412/1 9523/2 9110/7 9106/8
f 9525/7 9337/8 9220/1 9219/2
f 9292/9 9048/8 9047/1 9337/5
f 9384/3 9526/4 9525/1 9385/2
f 9491/9 9527/8 9290/1 9291/5
f 9055/7 9528/8 9527/1 9056/2
f 9492/9 9495/8 9528/1 9318/5
f 9529/7 9342/8 9320/1 9321/2
f 9364/11 9062/8 9061/1 9529/10
f 7084/1 9001/10 8921/61 6959/4
f 9019/1 9018/2 9470/7 9296/8
f 8922/1 8925/2 9530/7 9333/8
f 9268/1 9271/2 9531/7 9336/8
f 9006/1 9532/2 9335/7 9420/8
f 9532/1 9534/2 8933/3 8922/4
f 8937/1 8933/2 9533/7 9375/8
f 9279/1 9281/2 9535/7 9381/8
f 9534/1 9005/2 9380/7 9424/8
f 9413/1 9536/2 9201/7 9200/8
f 9414/1 9537/2 9108/7 9107/8
f 9538/1 9415/2 9032/7 9034/8
f 9427/1 9416/2 8943/7 8944/8
f 9206/1 9209/2 9539/34 9473/35
f 9039/1 9038/2 9428/34 9429/35
f 9431/1 9430/2 9540/3 9488/4
f 8907/1 9040/21 9041/36 8908/4
f 9337/22 9047/2 9043/7 9256/40
f 9338/1 9490/2 9154/7 9147/8
f 9385/1 9525/2 9258/7 9263/8
f 9386/1 9502/2 9148/7 9153/8
f 9516/11 9542/8 9388/1 9517/10
f 9300/1 9336/2 9531/7 9301/8
f 9543/7 9389/8 9542/1 9329/2
f 9519/7 9236/8 9235/1 9516/2
f 9544/1 9128/5 9127/9 9300/8
f 9545/1 9381/2 9535/7 9544/8
f 9546/9 9547/8 9548/1 9549/5
f 9302/1 9136/5 9135/9 9545/8
f 9550/7 9397/8 9396/1 9546/2
f 9414/1 9551/2 9136/7 9537/8
f 9552/1 9523/5 9412/9 9550/8
f 9312/1 9141/5 9551/9 9313/8
f 9249/1 9473/10 9539/11 9250/8
f 9525/1 9219/2 9222/7 9258/8
f 9502/1 9223/2 9149/7 9148/8
f 9505/1 9288/2 9157/7 9156/8
f 9328/1 9509/2 9078/7 9081/8
f 9548/1 9547/2 9100/7 9096/8
f 9366/1 9513/2 9086/7 9089/8
f 9262/1 9261/2 9560/7 9388/8
f 9178/1 9053/2 9056/7 9491/8
f 9184/1 9177/2 9339/7 9526/8
f 9162/32 9155/2 9341/7 9507/33
f 9561/42 9505/2 9156/7 9161/71
f 9517/22 9560/2 9506/3 9561/23
f 9515/1 9229/2 9232/34 9264/35
f 9018/1 9022/2 9297/7 9470/8
f 8925/1 8924/2 9299/7 9530/8
f 9271/1 9267/2 9301/7 9531/8
f 6050/22 9006/2 9420/7 6391/40
f 6391/1 9119/2 8928/7 8927/8
f 9501/1 9115/2 9118/34 9270/35
f 9261/32 9225/2 9228/34 9506/37
f 9159/1 9162/2 9507/7 9330/8
f 9273/1 9272/2 9543/7 9329/8
f 9371/1 9512/2 9084/7 9083/8
f 9192/1 9203/10 9552/109 9549/35
f 9173/1 9176/2 9514/7 9411/8
f 9495/1 9061/2 9064/34 9092/35
f 9189/1 9188/2 9342/7 9492/8
f 9424/1 9131/2 9124/3 9533/4
f 9281/1 9125/2 9128/7 9535/8
f 9509/1 9345/2 9085/7 9078/8
f 9512/1 9390/2 9079/7 9084/8
f 9274/1 9233/2 9236/7 9519/8
f 9169/1 9163/2 9238/7 9511/8
f 9115/11 9515/8 9293/1 9116/10
f 9298/9 9562/8 9229/1 9299/5
f 9563/9 9333/8 9530/1 9501/5
f 9518/7 9564/8 9562/1 9332/2
f 9565/7 9124/8 9123/1 9563/2
f 9305/9 9230/8 9564/1 9306/5
f 9376/9 9375/8 9533/1 9565/5
f 9133/11 9520/8 9372/1 9134/10
f 9413/7 9309/8 9310/1 9536/2
f 9311/7 9522/8 9521/1 9309/2
f 9540/1 6543/5 6519/9 9488/8
f 9101/1 9104/2 9358/34 9493/35
f 9547/1 9396/2 9105/7 9100/8
f 9513/1 9392/2 9087/7 9086/8
f 9176/1 9170/2 9245/7 9514/8
f 9109/1 9568/2 9171/3 9175/4
f 9536/1 9133/2 9140/7 9201/8
f 9537/1 9302/2 9568/7 9108/8
f 9138/1 9538/2 9034/7 9029/8
f 9132/1 9427/2 8944/7 8926/8
f 9203/1 9208/2 9250/34 9552/35
f 9522/1 9311/2 9205/7 9202/8
f 9523/1 9312/2 9111/7 9110/8
f 9036/1 9039/2 9429/34 9307/35
f 9209/1 9139/2 9141/34 9539/35
f 9144/1 9481/2 6187/7 9035/8
f 9145/1 6397/2 8946/7 8945/8
f 9599/1 9604/10 9605/11 9600/8
f 9606/1 9607/2 9608/7 9609/8
f 9610/1 9605/2 9611/7 9612/8
f 9613/1 9614/2 9615/7 9616/8
f 9625/1 9626/2 9627/7 9628/8
f 9638/1 9639/2 9640/7 9641/8
f 9642/1 9643/2 9644/7 9645/8
f 9650/1 9651/2 9652/7 9653/8
f 9660/1 9661/2 9662/3 9663/4
f 9664/22 9662/2 9665/7 9666/40
f 9666/1 9667/2 9668/7 9669/8
f 9670/1 9671/2 9672/7 9673/8
f 9676/1 9677/2 9678/7 9679/8
f 9680/1 9681/2 9682/34 9683/35
f 9684/1 9685/2 9686/34 9687/35
f 9688/22 9687/2 9689/3 9690/23
f 9691/1 9692/2 9693/7 9694/8
f 9695/1 9696/2 9697/34 9698/35
f 9699/1 9700/2 9701/34 9702/35
f 9703/22 9704/2 9705/34 9706/41
f 9707/7 9708/8 9612/1 9611/2
f 9641/7 9640/8 9661/1 9660/2
f 9714/9 9715/8 9600/1 9610/5
f 9716/9 9717/8 9718/1 9719/5
f 9694/9 9684/8 9704/1 9703/5
f 9673/9 9762/8 9685/1 9693/5
f 9647/7 9638/8 9762/1 9672/2
f 9621/9 9633/8 9639/1 9647/5
f 9604/9 9603/8 9621/1 9763/5
f 9766/7 9764/8 9598/1 9599/2
f 9773/22 9774/2 9775/7 9776/40
f 9781/1 9782/5 9783/9 9784/8
f 9696/1 9783/2 9776/34 9697/35
f 9704/1 9684/2 9687/34 9705/35
f 9687/1 9664/2 9669/3 9689/4
f 9671/1 9646/2 9647/7 9672/8
f 9651/1 9625/2 9628/7 9652/8
f 9607/1 9787/2 9788/7 9608/8
f 9716/1 9719/2 9787/34 9789/35
f 9675/7 9670/8 9692/1 9691/2
f 9649/7 9646/8 9671/1 9670/2
f 9806/1 9807/2 9808/34 9809/35
f 9814/1 9815/2 9816/7 9817/8
f 9818/1 9819/2 9820/7 9821/8
f 9681/1 9695/2 9698/34 9682/35
f 9685/1 9762/2 9663/34 9686/35
f 9762/1 9638/2 9641/7 9660/8
f 9667/1 9642/2 9645/7 9668/8
f 9766/1 9599/2 9600/7 9715/8
f 9823/1 9606/2 9609/7 9824/8
f 9764/1 9766/2 9715/7 9718/8
f 9826/1 9823/2 9824/7 9827/8
f 9719/1 9714/2 9708/7 9711/8
f 9711/1 9707/5 9828/76 9788/35
f 9717/1 9716/5 9789/76 9829/35
f 9675/1 9691/2 9694/7 9674/8
f 9830/1 9676/2 9679/7 9831/8
f 9614/1 9832/2 9833/7 9615/8
f 9845/1 9846/2 9847/7 9848/8
f 9849/1 9699/2 9702/34 9850/35
f 9692/1 9670/2 9673/7 9693/8
f 9677/1 9650/2 9653/7 9678/8
f 9626/1 9613/2 9616/7 9627/8
f 9714/1 9610/2 9612/7 9708/8
f 9851/1 9821/2 9820/7 9852/8
f 9853/9 9854/8 9855/1 9784/5
f 9783/7 9817/8 9816/1 9853/2
f 9696/9 9856/8 9857/1 9783/5
f 9681/7 9680/8 9856/1 9695/2
f 9858/1 9846/2 9845/7 9774/8
f 9773/1 9859/5 9860/9 9858/8
f 9702/1 9701/2 9859/7 9850/8
f 9861/1 9862/5 9775/9 9863/8
f 9847/1 9864/2 9865/7 9848/8
f 9818/1 9776/2 9862/7 9819/8
f 9866/1 9697/5 9776/9 9867/8
f 9683/1 9682/2 9698/7 9866/8
f 9643/1 9642/2 9667/7 9665/8
f 9823/1 9787/2 9607/7 9606/8
f 9829/1 9789/5 9787/9 9826/8
f 9669/1 9676/5 9690/9 9689/8
f 9645/1 9650/5 9677/9 9668/8
f 9872/1 9625/5 9651/9 9644/8
f 9873/1 9613/10 9626/11 9872/8
f 9827/1 9824/2 9609/7 9873/8
f 9788/1 9828/5 9614/9 9608/8
f 9874/1 9809/2 9808/7 9875/8
f 9653/1 9831/2 9679/7 9678/8
f 9628/1 9833/5 9831/9 9652/8
f 9616/1 9615/2 9833/7 9627/8
f 9843/7 9878/8 9781/1 9844/2
f 9814/7 9881/8 9882/1 9815/2
f 9883/9 9782/8 9878/1 9879/5
f 9700/7 9699/8 9849/1 9883/2
f 9806/7 9884/8 9885/1 9807/2
f 9687/1 9688/5 9706/9 9705/8
f 9663/1 9664/2 9687/7 9686/8
f 9881/1 9814/2 9817/7 9857/8
f 9867/1 9818/2 9821/7 9851/8
f 9782/1 9849/2 9850/34 9773/35
f 9884/1 9806/2 9813/7 9869/8
f 9870/1 9810/2 9809/7 9874/8
f 9846/1 9860/2 9864/7 9847/8
f 9815/1 9882/2 9854/7 9816/8
f 9819/1 9861/2 9852/7 9820/8
f 9784/1 9888/2 9889/34 9775/35
f 9890/1 9845/2 9848/7 9865/8
f 9895/1 9896/2 9897/7 9898/8
f 9899/1 9900/2 9901/7 9902/8
f 9909/1 9910/2 9911/7 9912/8
f 9915/1 9916/2 9917/7 9918/8
f 9919/1 9920/2 9921/7 9922/8
f 9923/1 9921/2 9924/34 9925/35
f 9936/1 9937/2 9938/3 9939/4
f 9949/1 9950/2 9951/3 9952/4
f 9953/1 9954/2 9955/7 9956/8
f 9957/1 9958/2 9959/7 9960/8
f 9959/1 9961/5 9962/76 9963/35
f 9968/1 9969/2 9970/3 9962/4
f 9971/1 9972/2 9973/7 9974/8
f 9969/1 9975/2 9976/7 9977/8
f 9980/1 9981/2 9982/34 9983/35
f 9978/1 9984/2 9985/7 9979/8
f 9986/1 9987/2 9988/7 9989/8
f 9994/1 9995/2 9996/7 9997/8
f 9998/1 9999/2 10000/7 10001/8
f 10002/1 10003/2 10004/34 10005/35
f 10012/1 10013/21 10014/36 10015/4
f 10016/1 10017/2 10018/7 10014/8
f 9953/11 10019/8 10020/1 9954/10
f 10021/1 9983/10 9982/11 10022/8
f 10023/1 10024/5 10025/9 10026/8
f 10027/1 10028/5 10029/9 10030/8
f 10031/1 10032/2 10033/7 10023/8
f 9998/1 10034/2 10028/7 9999/8
f 10035/1 10036/5 10037/9 10031/8
f 10038/1 10039/5 10034/9 10040/8
f 10041/1 10005/10 10004/11 10042/8
f 9938/1 6956/2 10043/7 9939/8
f 10044/1 6955/5 6956/9 10045/8
f 9951/1 10050/2 6955/7 9952/8
f 10119/1 10120/2 10115/7 10121/8
f 10122/1 10123/2 10124/7 10116/8
f 10125/1 7067/10 7070/11 10015/8
f 10126/1 9937/5 9936/9 10125/8
f 10127/1 10128/2 10129/7 10126/8
f 10014/1 9950/5 9949/9 10127/8
f 10018/1 7079/10 7080/11 10014/8
f 10136/7 10137/8 10138/1 10139/2
f 10140/7 10141/8 10142/1 10137/2
f 9994/7 10143/8 10136/1 9995/2
f 10144/7 10145/8 10140/1 10143/2
f 7134/61 10146/4 10012/1 7132/10
f 10147/9 10148/8 10146/1 10149/5
f 10150/11 10013/8 10148/1 7319/10
f 7318/9 10151/8 10152/1 10150/5
f 10167/1 9923/10 9925/109 10168/35
f 10137/1 10142/2 10169/7 10170/8
f 10024/1 10033/2 10171/7 10172/8
f 9995/1 10136/2 10175/7 9996/8
f 9999/1 10027/2 10176/7 10000/8
f 10178/1 10179/10 10180/61 10181/4
f 10206/1 10207/2 10042/34 10035/35
f 10145/1 10144/2 10210/7 10211/8
f 10036/1 10038/2 10212/7 10213/8
f 10003/1 10214/2 10039/34 10004/35
f 7132/32 10012/2 10015/3 7070/73
f 9937/1 10129/2 10045/3 9938/4
f 10013/1 10152/2 10230/7 10016/8
f 9950/1 7080/2 10050/3 9951/4
f 10245/1 10246/2 10247/34 10248/35
f 9984/1 10249/2 10250/7 9985/8
f 9987/1 10251/2 10252/7 9988/8
f 9920/1 7235/2 10253/18 9924/19
f 10254/1 10255/2 10026/34 10021/35
f 10139/1 10138/2 10256/7 10257/8
f 10030/1 10025/2 10258/7 10259/8
f 10261/1 9980/2 9983/34 10029/35
f 10264/1 10265/2 10266/3 10267/4
f 10270/1 10264/2 10124/7 10123/8
f 10276/1 10277/2 10278/3 10279/4
f 10115/1 10120/2 10282/7 10283/8
f 10294/1 9969/2 9968/7 10295/8
f 10296/1 9975/5 9969/9 10297/8
f 10298/1 10299/2 10300/7 10296/8
f 9915/1 7247/2 7248/7 9916/8
f 10248/1 9987/5 9986/9 10298/8
f 10251/1 10253/5 7247/9 10301/8
f 10168/1 9925/10 9924/11 10247/8
f 10302/1 9900/5 9899/9 9963/8
f 9962/1 10303/2 10304/7 10302/8
f 9970/1 9910/5 9909/9 9962/8
f 10305/1 7260/5 7257/9 10306/8
f 10309/7 9972/8 9971/1 10308/2
f 9978/7 10310/8 10311/1 9972/2
f 7264/9 10312/8 10309/1 7263/5
f 10249/7 9984/8 9978/1 10312/2
f 7235/7 9920/8 9919/1 7264/2
f 10313/1 10314/5 10315/9 10316/8
f 9957/1 9896/5 9895/9 9958/8
f 10317/1 10318/10 10319/11 10320/8
f 10321/7 10318/8 10319/1 9896/2
f 10322/1 10178/2 10181/3 10323/4
f 10324/1 10276/2 10279/3 10325/4
f 10326/1 10327/2 10328/7 10329/8
f 10330/1 9959/2 9963/34 10331/35
f 7417/1 10332/2 9895/34 8389/35
f 7254/1 9899/2 9902/7 10333/8
f 10315/1 10314/2 10334/7 10335/8
f 10336/1 10337/2 10294/34 10295/35
f 10311/1 10310/2 10338/7 10339/8
f 10300/1 10299/2 10340/7 10341/8
f 10136/1 10139/2 10257/7 10175/8
f 10027/1 10030/2 10259/7 10176/8
f 10246/1 10167/2 10168/34 10247/35
f 10144/1 10143/2 10345/7 10210/8
f 10038/1 10040/2 10346/7 10212/8
f 10121/1 10115/2 10283/7 10348/8
f 10116/1 10124/2 10267/7 10350/8
f 10352/1 10353/10 10354/61 10355/4
f 10355/1 10336/2 10356/7 10317/8
f 10303/1 9909/2 9912/7 10357/8
f 10318/22 10356/2 10359/7 10360/40
f 9961/1 10359/2 10295/7 9968/8
f 9905/1 10307/2 10318/3 10321/4
f 10020/1 10019/2 10313/18 10316/19
f 10361/1 10254/2 10021/34 10022/35
f 10142/1 10141/2 10362/7 10169/8
f 10033/1 10032/2 10363/7 10171/8
f 10207/1 10368/2 10041/34 10042/35
f 10370/1 10371/21 10372/36 10373/4
f 10379/1 10380/5 7260/9 10305/8
f 9914/1 7307/2 7263/7 9913/8
f 9916/1 7248/2 10380/7 9917/8
f 9972/1 10311/2 10339/7 9973/8
f 9975/1 10300/2 10341/7 9976/8
f 7253/1 7254/2 10333/7 7408/8
f 7257/1 7259/2 7303/7 10390/8
f 7238/1 7412/2 7247/7 10253/8
f 7195/1 7341/2 10043/7 6956/8
f 7228/1 7342/2 6955/7 10050/8
f 10353/1 10392/2 10319/34 10318/35
f 10319/1 10318/2 10360/7 10393/8
f 10304/1 10303/2 10357/7 10394/8
f 10307/1 10308/2 10396/7 10354/8
f 10398/1 10379/2 10305/7 10306/8
f 10249/1 10312/2 10399/7 10250/8
f 10251/1 10301/2 10400/7 10252/8
f 10214/32 10261/2 10029/34 10039/37
f 10129/1 10128/2 10044/3 10045/4
f 10152/1 10151/2 10407/7 10230/8
f 10278/1 10408/2 10325/7 10279/8
f 10348/1 10267/10 10266/11 10409/8
f 10282/1 10410/2 10350/7 10283/8
f 10457/1 10277/5 10276/9 10181/8
f 10458/1 10459/5 10329/9 10324/8
f 10180/48 10460/55 10461/7 10457/8
f 10270/48 10462/55 10459/7 10265/8
f 10373/1 10372/21 10462/20 10460/8
f 9980/11 10254/8 10361/1 9981/10
f 10170/9 10463/8 10255/1 10256/5
f 10464/9 10175/8 10257/1 10261/5
f 10362/7 10465/8 10463/1 10169/2
f 10466/7 9997/8 9996/1 10464/2
f 10211/9 10206/8 10465/1 10467/5
f 10214/9 10210/8 10345/1 10466/5
f 10002/11 10368/8 10207/1 10003/10
f 10407/7 10017/8 10016/1 10230/2
f 10262/20 10468/8 10178/1 10263/21
f 10470/9 10471/8 10468/1 10472/5
f 10473/9 10474/8 10475/1 10476/5
f 10477/13 10179/8 10471/1 10473/12
f 10371/20 10370/8 10479/1 10477/21
f 10141/1 10140/2 10467/7 10362/8
f 10032/1 10037/2 10487/7 10363/8
f 10143/1 9994/2 9997/7 10345/8
f 10040/1 9998/2 10001/7 10346/8
f 10368/1 10002/10 10005/109 10041/35
f 7067/1 9936/2 9939/3 10043/4
f 10128/1 9949/2 9952/3 10044/4
f 10017/1 7401/10 7079/11 10018/8
f 10151/1 7318/5 7401/9 10407/8
f 10458/1 10324/2 10325/3 10408/4
f 10122/1 10116/2 10350/7 10410/8
f 10461/1 10498/2 10348/3 10409/4
f 10498/1 10460/2 10119/7 10121/8
f 10479/1 10370/2 10373/3 10460/4
f 9976/1 10379/2 10398/7 9977/8
f 10340/1 9918/10 9917/11 10341/8
f 9988/1 10252/2 10400/7 9989/8
f 9901/1 7408/2 10333/7 9902/8
f 10357/1 7303/5 7408/9 10394/8
f 9911/1 10390/2 7303/7 9912/8
f 10396/9 10337/8 10336/1 10354/5
f 9973/9 10501/8 10502/1 9974/5
f 10338/7 10503/8 10501/1 10339/2
f 9985/9 10245/8 10503/1 9979/5
f 9921/7 10250/8 10399/1 9922/2
f 9923/11 10167/8 10246/1 9921/10
f 10334/1 9960/2 9959/7 10335/8
f 9897/9 9960/8 9959/1 9898/5
f 10360/7 9961/8 9960/1 10393/2
f 10504/1 10352/2 10317/34 10320/35
f 10502/1 10245/10 10248/109 10297/35
f 10138/1 10137/2 10170/7 10256/8
f 10025/1 10024/2 10172/7 10258/8
f 10140/1 10145/2 10211/7 10467/8
f 10037/1 10036/2 10213/7 10487/8
f 10019/1 9953/10 9956/11 10505/8
f 10505/1 10504/2 10320/34 10313/35
f 10314/1 9957/2 9960/7 10334/8
f 10392/1 10506/2 9896/34 10319/35
f 10277/1 10461/2 10409/3 10278/4
f 10265/1 10458/2 10408/3 10266/4
f 9896/1 10319/2 10393/7 9897/8
f 9900/1 10304/2 10394/7 9901/8
f 7416/11 9956/8 9955/1 7417/10
f 10353/11 10352/8 10504/1 10392/10
f 7307/3 9914/4 9908/1 7300/2
f 10172/1 10176/2 10259/7 10258/8
f 10363/1 10001/10 10000/11 10171/8
f 10213/1 10212/2 10346/7 10487/8
f 10255/1 10206/10 10035/109 10026/35
f 10179/1 10479/2 10460/3 10180/4
f 10460/1 10270/10 10123/11 10119/8
f 10120/1 10122/2 10410/7 10282/8
f 9977/1 10398/2 10306/7 9970/8
f 9910/1 7257/2 10390/7 9911/8
f 10337/1 10502/2 10297/34 10294/35
f 10308/1 9971/2 9974/7 10396/8
f 10371/42 10507/2 10329/3 10372/43
f 10310/1 9978/2 9979/7 10338/8
f 10299/1 9986/2 9989/7 10340/8
f 10312/1 9919/2 9922/7 10399/8
f 10301/1 9915/2 9918/7 10400/8
f 9981/32 10361/2 10022/34 9982/37
f 10508/1 10509/2 10510/7 10511/8
f 10515/1 10516/2 10517/3 10518/4
f 10519/1 10520/2 10521/3 10522/4
f 10527/1 10526/2 10528/7 10529/8
f 10530/22 10531/2 10532/7 10533/40
f 10534/1 10532/2 10535/7 10536/8
f 10537/22 10538/2 10539/3 10540/23
f 10541/1 10534/2 10536/7 10542/8
f 10546/1 10545/2 10547/7 10548/8
f 10556/1 10557/2 10558/7 10559/8
f 10560/1 10561/2 10562/7 10563/8
f 10564/1 10565/2 10566/7 10567/8
f 10568/1 10569/2 10570/7 10571/8
f 10572/1 10573/2 10574/7 10575/8
f 10576/1 10577/10 10578/61 10579/4
f 10574/1 10580/5 10577/9 10581/8
f 10582/1 10583/2 10584/7 10585/8
f 10593/1 10594/2 10595/3 10596/4
f 10597/1 10598/2 10599/7 10600/8
f 10601/1 10580/2 10602/3 10603/4
f 10604/1 10603/2 10605/7 10606/8
f 10607/1 10606/2 10608/7 10582/8
f 10611/42 10612/2 10613/7 10614/71
f 10615/1 10593/2 10596/3 10616/4
f 10617/1 10618/2 10619/3 10620/4
f 10618/1 10621/2 10622/7 10623/8
f 10624/1 10625/2 10626/3 10621/4
f 10627/1 10628/2 10629/34 10630/35
f 10632/1 10633/5 10583/9 10608/8
f 10522/1 10528/2 10634/7 10635/8
f 10511/1 10517/10 10633/11 10636/8
f 10637/1 10638/10 10529/11 10521/8
f 10639/1 10640/2 10518/7 10510/8
f 10541/1 10641/2 10533/7 10534/8
f 10642/1 10643/2 10644/7 10645/8
f 10648/1 10649/2 10650/7 10643/8
f 10622/1 10651/2 10646/7 10623/8
f 10546/1 10652/2 10653/7 10545/8
f 10661/1 10662/2 10654/7 10663/8
f 10675/1 10676/2 10669/7 10677/8
f 10684/1 10685/2 10686/7 10682/8
f 8582/7 10557/8 10556/1 10687/2
f 10600/1 10568/2 10728/7 10729/8
f 10569/1 10730/2 10731/7 10732/8
f 10603/1 10604/2 10733/7 10734/8
f 10735/1 10736/21 10730/20 10599/8
f 10737/50 10738/72 10603/7 10602/8
f 10739/1 10519/5 10740/9 10735/8
f 10741/48 10742/55 10743/7 10736/8
f 10744/48 10745/55 10520/7 10739/8
f 10746/1 10747/2 10516/7 10515/8
f 10748/1 10749/10 10747/11 10738/8
f 10750/1 10751/2 10752/7 10745/8
f 10760/1 10761/2 10762/7 10763/8
f 10767/1 10768/2 10769/7 10770/8
f 10775/50 10776/72 10777/7 10778/8
f 10779/1 10780/2 10781/7 10782/8
f 10580/9 10574/8 10783/1 10784/5
f 10785/11 10601/8 10786/1 10787/10
f 10788/7 10789/8 10567/1 10566/2
f 10790/7 10791/8 10575/1 10574/2
f 10792/13 10793/8 10580/1 10612/12
f 10794/13 10795/8 10789/1 10790/12
f 10796/9 10797/8 10793/1 10798/5
f 10799/9 10800/8 10801/1 10792/5
f 10802/9 10803/8 10795/1 10804/5
f 10805/9 10806/8 10807/1 10794/5
f 10808/13 10809/8 10797/1 10799/12
f 10810/13 10811/8 10803/1 10805/12
f 10611/20 10812/8 10813/1 10808/21
f 10814/20 10815/8 10811/1 10816/21
f 10817/7 10818/8 10819/1 10820/2
f 10821/1 10597/2 10600/7 10729/8
f 10565/1 10822/2 10788/7 10566/8
f 10520/1 10823/2 10637/3 10521/4
f 10823/1 10745/2 10824/7 10825/8
f 10826/1 10827/2 10750/7 10745/8
f 10828/1 10829/12 10830/56 10831/4
f 10841/1 10842/2 10843/7 10778/8
f 10663/1 10654/2 10844/7 10845/8
f 10846/1 10847/2 10848/3 10849/4
f 10625/1 10850/10 10851/61 10626/4
f 10859/1 10826/2 10745/7 10744/8
f 10745/1 10752/2 10860/7 10824/8
f 10860/1 10861/2 10643/7 10642/8
f 10816/1 10810/2 10862/7 10863/8
f 10812/1 10611/21 10614/20 10864/8
f 10864/1 10865/10 10749/11 10748/8
f 10623/1 10646/2 10866/7 10619/8
f 10545/1 10653/2 10867/7 10547/8
f 10868/22 10861/2 10643/7 10869/40
f 10869/1 10650/2 10870/7 10871/8
f 10872/1 10873/2 10874/3 10875/4
f 10820/1 10819/2 10876/7 10877/8
f 10878/1 10627/2 10630/34 10879/35
f 10687/1 10556/2 10559/7 10880/8
f 7858/1 10560/2 10563/7 10881/8
f 10573/1 10882/2 10783/7 10574/8
f 10790/1 10574/2 10581/7 10883/8
f 10805/22 10790/2 10743/3 10742/23
f 10810/1 10805/2 10884/7 10862/8
f 10885/1 10868/2 10871/3 10886/4
f 10887/1 10846/2 10849/3 10888/4
f 10767/1 10770/2 10889/7 10890/8
f 10891/1 10890/2 10669/7 10676/8
f 10892/1 10891/2 10893/3 10894/4
f 10895/1 10892/2 10686/7 10685/8
f 10779/1 10782/2 10895/7 10896/8
f 10897/1 10895/5 10685/9 10898/8
f 10898/1 10684/2 10899/7 10900/8
f 10782/1 10781/2 10901/7 10895/8
f 10903/1 10841/2 10778/7 10777/8
f 10569/1 10732/2 10904/7 10570/8
f 10526/1 10905/2 10634/7 10528/8
f 10861/1 10906/2 10644/7 10643/8
f 10861/1 10907/2 10648/7 10643/8
f 10907/1 10908/2 10845/3 10909/4
f 10908/1 10910/2 10661/7 10663/8
f 10762/1 10761/2 10911/7 10910/8
f 10912/1 10913/2 10914/3 10915/4
f 10916/1 10897/2 10900/3 10917/4
f 10913/1 10925/2 10926/3 10914/4
f 10676/1 10675/2 10927/7 10893/8
f 10770/1 10929/5 10930/9 10889/8
f 10931/1 10932/2 10929/7 10769/8
f 10939/1 10828/2 10940/7 10760/8
f 10761/22 10940/2 10831/7 10911/40
f 10879/1 7858/5 7859/9 10948/8
f 10629/1 10561/5 10560/9 10630/8
f 10583/1 10633/2 10950/7 10584/8
f 10951/1 10952/2 10633/7 10517/8
f 10516/1 10749/5 10953/9 10951/8
f 10865/1 10954/2 10955/3 10953/4
f 10733/1 10604/2 10606/7 10956/8
f 10606/1 10957/2 10632/7 10608/8
f 10509/1 10958/2 10639/7 10510/8
f 10580/1 10784/2 10963/34 10578/35
f 10580/1 10809/10 10737/61 10602/4
f 10964/32 10872/2 10875/3 10965/73
f 10825/1 10968/2 10645/7 10637/8
f 10906/1 10969/2 10638/7 10644/8
f 10809/1 10813/2 10738/3 10737/4
f 10738/1 10746/5 10970/9 10971/8
f 10958/1 10970/2 10640/7 10639/8
f 10972/22 10741/2 10969/7 10973/40
f 10974/1 10884/2 10742/7 10972/8
f 10975/1 10617/2 10620/3 10976/4
f 10641/1 10541/2 10542/7 10977/8
f 10979/1 10530/2 10533/7 10641/8
f 10980/1 10979/2 10977/3 10867/4
f 7903/1 10980/2 10653/7 10652/8
f 10850/1 7921/2 7903/3 10851/4
f 8582/1 10687/2 10880/7 7984/8
f 7860/1 7858/2 10881/7 8855/8
f 10822/1 10982/10 10791/11 10788/8
f 10952/1 10615/2 10616/3 10950/4
f 10736/22 10740/2 10983/7 10984/40
f 10905/1 10983/2 10635/7 10634/8
f 10883/1 10985/2 10736/7 10743/8
f 10957/1 10986/2 10636/7 10632/8
f 7896/1 10537/2 10540/3 7897/4
f 10594/1 10988/2 10989/3 10595/4
f 10531/1 10975/2 10976/3 10535/4
f 10646/1 10651/2 10990/7 10866/8
f 10991/1 10878/2 10879/34 10948/35
f 10787/32 10786/2 10992/7 10993/33
f 10994/1 10992/2 10734/7 10733/8
f 10995/1 10996/2 10997/3 10998/4
f 10988/1 11000/2 11001/3 10989/4
f 10571/1 10570/2 10904/7 11002/8
f 10579/1 10578/10 10963/11 11003/8
f 10606/1 10607/2 10996/7 10956/8
f 10594/1 11004/2 10539/7 10988/8
f 10986/1 10957/2 10606/7 10605/8
f 10615/1 10540/5 11004/9 10593/8
f 10526/1 10527/2 10984/7 10905/8
f 10951/1 10530/21 7897/20 10952/8
f 10971/1 10958/2 10509/7 10508/8
f 11005/1 10975/5 10531/9 10951/8
f 10824/1 10860/2 10968/7 10825/8
f 10861/1 10874/10 10973/11 10906/8
f 10955/48 10621/55 10617/7 11005/8
f 11006/50 10910/72 10861/7 10860/8
f 10885/1 10966/5 10875/9 10868/8
f 10847/1 11007/2 10966/7 11008/8
f 10626/1 10851/10 7903/11 10621/8
f 10887/1 10965/5 11007/9 10846/8
f 10911/1 10930/21 10965/20 10910/8
f 11010/1 10890/21 10889/20 10831/8
f 11011/1 10913/5 10912/9 11010/8
f 10895/50 10901/72 11012/7 10890/8
f 11014/1 11015/2 10925/7 11011/8
f 11016/1 10897/5 10916/9 11014/8
f 10830/1 10896/21 10895/20 11016/8
f 10598/1 10597/2 10821/7 11018/8
f 10537/6 11019/4 11020/1 10538/5
f 10985/1 10883/2 10581/7 10576/8
f 11021/61 11022/4 11019/1 7896/10
f 10873/7 10862/8 10884/1 10974/2
f 11023/7 10614/8 11022/1 11024/2
f 11025/7 11026/8 11027/1 11021/2
f 11028/1 10827/2 10826/7 10859/8
f 11029/11 11030/8 10863/1 10872/10
f 7921/20 10954/8 10865/1 11025/21
f 11031/9 11032/8 11033/1 11030/5
f 11034/9 11035/8 11036/1 11029/5
f 10850/11 10625/8 10624/1 7921/10
f 10932/56 10939/4 11032/1 11034/12
f 11037/56 11038/4 10828/1 10931/12
f 11039/9 11040/8 11038/1 11041/5
f 11042/9 11043/8 11044/1 11037/5
f 11045/56 10829/4 11040/1 11042/12
f 10877/3 10876/4 10841/1 10903/2
f 10573/13 10564/8 11046/1 10882/12
f 10982/11 10822/8 10565/1 10572/10
f 11046/1 10564/2 10598/3 11018/4
f 10567/1 10811/21 10744/36 10599/4
f 10811/1 10815/2 11028/7 10859/8
f 10877/22 10903/2 10777/7 11047/40
f 10817/1 10820/2 11047/3 10776/4
f 10763/1 10762/2 10910/7 11006/8
f 10910/1 10887/5 11048/9 10661/8
f 10662/1 11048/2 10888/7 11049/8
f 10815/1 10814/21 11030/20 11028/8
f 10827/1 11033/2 10751/7 10750/8
f 10954/1 10624/2 10621/3 10955/4
f 10621/1 7903/10 10652/11 10622/8
f 10651/1 10546/2 10548/7 10990/8
f 10649/1 10648/2 10909/7 11052/8
f 11008/1 10885/2 10886/3 11053/4
f 10731/1 10730/2 10579/7 11003/8
f 10982/1 10572/2 10575/7 10791/8
f 10985/1 10576/2 10730/7 10736/8
f 11054/1 10736/2 10984/7 10527/8
f 10741/1 11054/2 10529/3 10638/4
f 10814/1 10816/2 10863/7 11030/8
f 10650/1 10649/2 11052/7 10870/8
f 10654/1 10662/2 11049/7 10844/8
f 10675/1 10677/2 11055/7 10927/8
f 10684/1 10682/2 11056/7 10899/8
f 10829/1 11045/12 10780/13 11057/8
f 11057/1 10779/21 10896/20 10830/8
f 7972/22 10991/2 10948/34 7859/41
f 10728/1 10568/2 10571/7 11002/8
f 10740/1 10519/2 10522/3 10635/4
f 10968/1 10860/2 10642/7 10645/8
f 10752/1 10751/2 11058/7 10860/8
f 11033/1 11059/5 11006/6 11058/4
f 11059/1 10939/2 10760/7 10763/8
f 10925/1 11015/2 11060/3 10926/4
f 11015/1 10916/2 10917/3 11060/4
f 10682/1 10686/2 10894/7 11056/8
f 10890/22 10912/2 11061/7 10669/40
f 10677/1 11061/2 10915/7 11055/8
f 10768/1 10767/2 10890/7 11012/8
f 10562/1 8855/2 10881/7 10563/8
f 10996/1 10607/2 10585/3 10997/4
f 10746/1 10515/2 10518/3 10640/4
f 10786/1 10601/2 10603/3 10734/4
f 10603/1 11062/2 10986/7 10605/8
f 11062/1 11063/2 10511/3 10636/4
f 11063/1 10738/2 10971/7 10508/8
f 10813/1 10812/2 10748/3 10738/4
f 10585/1 10595/10 10989/11 10997/8
f 10950/1 10616/2 10596/7 10584/8
f 10976/1 10542/2 10536/7 10535/8
f 10619/1 10867/10 10977/11 10620/8
f 11052/1 10886/2 10871/7 10870/8
f 10990/1 10548/2 10547/7 10866/8
f 10845/1 10848/10 11053/11 10909/8
f 11049/1 10888/2 10849/7 10844/8
f 10914/1 10927/2 11055/7 10915/8
f 11060/1 10894/10 10893/11 10926/8
f 10900/1 10899/2 11056/7 10917/8
f 10880/9 10878/8 10991/1 7972/5
f 10558/9 10628/8 10627/1 10559/5
f 10873/1 10974/2 10973/3 10874/4
f 10847/1 11008/2 11053/3 10848/4
f 11065/1 10931/2 10769/7 10768/8
f 11066/32 11065/2 11012/3 10901/73
f 11045/1 11066/2 10781/7 10780/8
f 10818/1 10817/2 11067/7 11068/8
f 11073/1 11074/21 11075/20 11076/8
f 11077/1 11078/10 11074/11 11079/8
f 11080/1 11081/2 11082/7 11083/8
f 11084/1 11085/10 11086/11 11087/8
f 11088/1 11089/2 11090/7 11091/8
f 11092/1 11093/2 11094/7 11095/8
f 11098/1 11099/2 11100/7 11101/8
f 11102/1 11103/2 11104/3 11105/4
f 11110/1 11111/2 11112/3 11113/4
f 11114/1 11115/2 11116/3 11117/4
f 11118/1 11119/2 11120/3 11121/4
f 11148/7 11149/8 11150/1 11145/2
f 11105/1 11112/2 11121/7 11120/8
f 11095/1 11100/10 11113/11 11104/8
f 11091/1 11090/2 11101/7 11094/8
f 11087/1 11088/2 11093/7 11092/8
f 11089/1 11086/2 11099/7 11098/8
f 11200/1 11102/5 11119/9 11116/8
f 11111/1 11110/2 11201/7 11118/8
f 11202/48 11084/55 11103/7 11200/8
f 11076/1 11075/21 11085/20 11202/8
f 11119/1 11102/2 11105/3 11120/4
f 11093/1 11088/2 11091/7 11094/8
f 11223/32 11222/2 11224/34 9778/37
f 11225/1 9781/2 9774/34 11226/35
f 11079/7 11073/8 11083/1 11082/2
f 11227/20 11228/8 11115/1 11229/21
f 11230/9 11231/8 11228/1 11232/5
f 11233/7 11234/8 11235/1 11227/2
f 11236/20 11080/8 11231/1 11233/21
f 11078/11 11077/8 11081/1 11236/10
f 11103/1 11237/2 11095/3 11104/4
f 11237/1 11084/2 11087/7 11092/8
f 11081/1 11077/2 11079/7 11082/8
f 11249/1 11248/2 11250/34 11251/35
f 9808/32 11251/2 11253/7 11254/33
f 11148/1 11145/2 11252/7 11255/8
f 9888/1 11256/2 11257/34 9889/35
f 11149/1 11148/2 11255/7 11260/8
f 11256/1 11261/2 11262/34 11257/35
f 11263/1 11225/2 11226/34 11264/35
f 11145/1 11150/2 11265/7 11252/8
f 11266/1 11267/2 11268/34 11269/35
f 11270/1 11110/2 11113/3 11100/4
f 11085/1 11270/2 11099/7 11086/8
f 11078/1 11236/2 11271/7 11074/8
f 11251/1 11274/2 11275/7 11253/8
f 11222/1 11249/2 11251/34 11224/35
f 11111/1 11118/2 11121/3 11112/4
f 11089/1 11098/2 11101/7 11090/8
f 11267/1 11263/2 11264/34 11268/35
f 11248/1 11283/2 11284/34 11250/35
f 9888/7 9855/8 11261/1 11256/2
f 11264/1 11290/2 11269/7 11268/8
f 9774/1 9890/5 11290/9 11226/8
f 9863/1 9889/2 11257/7 11262/8
f 11274/1 11251/2 11250/7 11284/8
f 9808/50 9778/72 11224/7 11251/8
f 11291/50 11254/72 11253/7 11275/8
f 11292/7 11263/8 11267/1 11266/2
f 9880/9 9781/8 11225/1 11292/5
f 11249/7 11293/8 11283/1 11248/2
f 11294/9 11265/8 11293/1 11222/5
f 11295/7 11255/8 11252/1 11294/2
f 11223/9 9885/8 11260/1 11295/5
f 9875/1 9808/2 11254/7 11291/8
f 9807/1 11223/2 9778/34 9808/35
f 11296/1 11297/2 11298/7 11299/8
f 11300/1 11301/5 11302/9 11303/8
f 11303/1 11304/2 11305/7 11306/8
f 11307/1 11308/2 11309/3 11301/4
f 11322/1 11323/2 11324/3 11325/4
f 11311/22 11330/2 11331/7 11312/40
f 11319/32 11331/2 11332/3 11333/73
f 11341/1 11342/2 11343/7 11344/8
f 11345/32 11346/2 11347/3 11348/73
f 11337/1 11349/2 11350/7 11338/8
f 11351/1 11352/2 11353/7 11354/8
f 11355/1 11356/2 11357/7 11358/8
f 11362/1 11361/2 11363/7 11364/8
f 10332/22 11374/2 11375/34 9895/41
f 11378/1 9895/2 9898/7 11379/8
f 11380/1 11381/2 11382/3 11383/4
f 11361/1 11386/2 11387/7 11363/8
f 11388/42 11389/2 11390/7 11391/71
f 11392/42 11393/2 11394/7 11395/71
f 10628/1 11400/2 11401/34 10629/35
f 11402/1 11403/2 11404/18 11401/19
f 11403/1 11405/2 11406/34 11407/35
f 11408/1 11409/2 11410/3 11406/4
f 11415/1 11414/2 11416/7 11417/8
f 11418/1 11419/2 11420/7 11415/8
f 11419/1 11380/2 11383/3 11421/4
f 11423/1 11422/2 11425/7 11424/8
f 11432/1 11320/2 11333/34 11433/35
f 11434/1 11435/2 11436/7 11437/8
f 11438/1 11439/2 11440/7 11441/8
f 11446/1 11447/2 11448/7 11449/8
f 11450/1 11418/2 11417/3 11451/4
f 11456/22 11457/2 11458/7 11459/40
f 11356/1 11458/2 11460/7 11357/8
f 11461/1 11462/10 11463/11 11464/8
f 11465/1 11466/2 11467/7 11468/8
f 11409/1 11469/2 11470/3 11410/4
f 11349/1 11471/2 8591/7 11350/8
f 11352/1 8842/2 11472/7 11353/8
f 11477/1 11478/2 11479/3 11480/4
f 11339/7 11483/8 11484/1 10557/2
f 11485/1 11486/2 11487/7 11488/8
f 11489/9 11403/8 11402/1 11339/5
f 11493/7 11405/8 11403/1 11494/2
f 11464/1 11465/2 11490/7 11495/8
f 11466/1 11463/2 11496/7 11491/8
f 11350/7 11497/8 11493/1 11338/2
f 8491/9 11499/8 11497/1 8591/5
f 11420/48 11500/55 11499/7 11414/8
f 11355/1 11501/2 11459/7 11356/8
f 11502/1 11503/21 11395/20 11394/8
f 11362/1 11504/2 11386/7 11361/8
f 11505/1 11506/5 11507/9 11508/8
f 11301/50 11309/72 11503/7 11509/8
f 11512/1 11513/2 11514/7 11505/8
f 11299/1 11300/5 11517/9 11512/8
f 11520/1 11521/10 11301/11 11298/8
f 11432/11 11522/8 11330/1 11320/10
f 11523/9 11524/8 11525/1 11526/5
f 11530/9 11528/8 11529/1 11531/5
f 11532/7 11533/8 11524/1 11527/2
f 11536/3 9954/4 11436/1 11530/2
f 11537/9 11538/8 11533/1 11534/5
f 11568/1 11569/2 11570/7 11571/8
f 11572/1 11573/2 11447/7 11446/8
f 11574/20 11575/8 11389/1 11388/21
f 11576/13 11577/8 11575/1 11578/12
f 11581/1 11422/2 11423/7 11582/8
f 11583/9 11584/8 11577/1 11585/5
f 11586/9 11587/8 11588/1 11576/5
f 11308/13 11592/8 11584/1 11586/12
f 11599/50 11600/72 11325/7 11324/8
f 11601/20 11602/8 11592/1 11307/21
f 11610/18 11611/19 11323/1 11322/2
f 10327/1 10326/2 11614/7 11615/8
f 11618/1 11619/2 11620/3 11621/4
f 11466/1 11491/2 11624/7 11467/8
f 11389/1 11575/2 11625/7 11390/8
f 11575/1 11592/10 11299/61 11508/4
f 11592/1 11602/2 11626/7 11296/8
f 10775/1 11627/2 11628/7 11629/8
f 11628/1 11630/2 11485/7 11488/8
f 11630/1 11634/2 11635/3 11636/4
f 11634/1 11461/2 11464/7 11495/8
f 11637/1 11638/2 11639/7 11640/8
f 11645/1 8712/21 11646/20 11581/8
f 11422/1 11646/10 8637/11 11425/8
f 11506/1 11514/2 11647/3 11648/4
f 11653/1 11652/2 11654/7 11655/8
f 11574/1 11388/2 11391/7 11661/8
f 11662/1 11509/2 11663/7 11653/8
f 11664/1 11662/2 11655/3 11665/4
f 11301/1 11664/2 11666/7 11302/8
f 11601/1 11307/2 11301/3 11521/4
f 10327/1 11615/2 11668/7 10328/8
f 11669/1 11670/2 11570/7 11569/8
f 11671/42 11669/2 11672/3 11673/43
f 11507/1 11506/2 11648/3 11674/4
f 11517/1 11300/2 11306/3 11678/4
f 10331/1 7254/5 8824/9 11681/8
f 11648/1 11654/2 11682/7 11674/8
f 11683/1 11665/10 11655/11 11647/8
f 11306/1 11305/2 11685/7 11678/8
f 11401/1 11690/2 11691/7 10629/8
f 11404/1 11342/5 11341/9 11401/8
f 11692/1 8553/5 8849/9 11693/8
f 11353/1 11472/2 8553/7 11354/8
f 11694/1 11695/10 11696/11 11697/8
f 11698/1 11699/5 11700/9 11701/8
f 11438/1 11378/5 11375/9 11439/8
f 10316/1 11702/2 11703/7 11698/8
f 11704/1 9895/2 11378/7 11705/8
f 8389/7 9895/8 11378/1 8385/2
f 11710/1 11709/2 11527/7 11523/8
f 11713/1 11714/2 11701/7 11694/8
f 11435/1 11712/2 11528/7 11436/8
f 11439/1 11700/2 11715/7 11440/8
f 11374/1 11716/2 11695/34 11375/35
f 11611/1 11610/2 11717/7 11718/8
f 11538/1 10020/2 11720/34 11721/35
f 11722/1 11723/2 11724/7 11537/8
f 11702/1 10315/2 10335/7 11725/8
f 9954/1 11536/2 11726/7 9955/8
f 9958/1 11704/2 10330/7 9959/8
f 11727/1 11477/2 11480/3 11728/4
f 11729/1 11450/2 11451/3 11730/4
f 11731/1 11732/5 11733/6 11734/4
f 11732/1 11645/2 11581/7 11582/8
f 11712/1 11736/2 11529/7 11528/8
f 11700/1 11699/2 11738/7 11715/8
f 11739/1 11740/10 11449/61 11741/4
f 11740/1 11742/2 11572/7 11446/8
f 11330/1 11522/2 11743/34 11332/35
f 11709/1 11745/2 11532/7 11527/8
f 11714/1 11720/5 10316/9 11701/8
f 11690/1 11341/2 11344/7 11746/8
f 11619/22 11628/2 11488/7 11748/40
f 11748/1 11487/2 11749/7 11620/8
f 11569/1 11568/2 11750/7 11672/8
f 11483/1 11402/2 11400/7 11751/8
f 11513/1 11517/2 11678/3 11683/4
f 11755/1 11666/2 11665/7 11685/8
f 8849/1 8850/2 8854/7 11760/8
f 11471/1 8550/2 8551/7 8591/8
f 8842/1 8552/2 8553/7 11472/8
f 8486/1 11761/2 8504/7 8487/8
f 11762/1 11456/2 11459/7 11501/8
f 11763/1 11762/2 11764/3 11387/4
f 11765/1 11763/2 11386/7 11504/8
f 11484/1 11483/2 11751/7 11766/8
f 11691/1 11690/2 11746/7 11767/8
f 11768/1 11769/2 11493/7 11494/8
f 11770/1 11771/2 11692/7 11693/8
f 11457/32 11769/2 11493/7 11458/33
f 11469/1 11772/2 11773/3 11470/4
f 11458/1 11500/2 11774/7 11460/8
f 11381/1 11776/2 11777/3 11382/4
f 11530/1 11531/2 11696/18 11695/19
f 11536/22 11530/2 11716/7 11726/40
f 11704/1 11705/2 11779/7 10330/8
f 11779/1 10330/2 10331/34 11681/35
f 11742/1 11731/5 11780/9 11572/8
f 11573/1 11780/2 11734/7 11781/8
f 11500/1 11420/2 11421/7 11774/8
f 11501/1 11355/2 11358/7 11764/8
f 11638/1 11671/21 11673/36 11785/4
f 11786/1 11729/2 11730/3 11787/4
f 11414/1 8491/10 11788/11 11416/8
f 11772/1 11788/5 8492/6 11773/4
f 11761/1 11345/2 11348/3 8505/4
f 11495/1 11490/2 11791/7 11635/8
f 11491/1 11496/2 11793/7 11624/8
f 11769/1 11337/2 11338/7 11493/8
f 11771/1 11351/2 11354/7 11692/8
f 11794/1 11739/2 11741/3 11795/4
f 11769/22 11727/2 11796/7 11493/40
f 11405/1 11796/2 11728/7 11408/8
f 11628/1 11750/10 11797/11 11629/8
f 11618/1 11798/5 11672/9 11619/8
f 11462/48 11799/55 11798/7 11800/8
f 11795/1 11769/10 11768/11 11801/8
f 11802/1 11477/5 11727/9 11741/8
f 11803/48 11348/55 11337/7 11769/8
f 11471/7 11349/8 11337/1 8550/2
f 11785/1 11673/21 11799/20 11461/8
f 11804/1 11786/2 11478/7 11802/8
f 11449/1 11450/5 11729/9 11804/8
f 11457/1 11456/5 8505/9 11803/8
f 11781/1 11419/5 11418/9 11448/8
f 11805/1 11380/2 11419/7 11734/8
f 11625/1 11806/2 11393/7 11390/8
f 11807/7 11661/8 11391/1 11392/2
f 11733/1 11776/5 11381/9 11805/8
f 11425/1 8637/10 11765/11 11424/8
f 11626/1 11808/2 11297/7 11296/8
f 11712/7 11710/8 11809/1 11736/2
f 11810/7 11745/8 11709/1 11710/2
f 11434/7 11737/8 11712/1 11435/2
f 11723/7 11722/8 11810/1 11737/2
f 11820/36 11821/4 11068/1 11670/21
f 11822/7 11823/8 11821/1 11824/2
f 11825/9 11826/8 11827/1 11820/5
f 11828/20 11794/8 11829/1 11346/21
f 11671/36 11638/4 11823/1 11825/21
f 11830/13 11831/8 11739/1 11828/12
f 11832/9 11833/8 11831/1 11834/5
f 11345/9 11835/8 11836/1 11830/5
f 11837/147 11742/4 11833/1 11761/46
f 11838/9 11839/8 11731/1 11840/5
f 11841/7 11842/8 11843/1 11837/2
f 8712/36 11645/4 11839/1 11841/21
f 11718/1 11717/2 11844/7 11845/8
f 10323/1 10328/10 11668/11 11846/8
f 10263/11 10322/8 11858/1 11859/10
f 11487/1 11486/2 11860/7 11749/8
f 11490/1 11465/2 11468/7 11791/8
f 11861/32 11322/2 11325/3 11600/73
f 11610/1 11861/2 11844/7 11717/8
f 11582/1 11423/2 11424/7 11733/8
f 11776/1 11765/5 11504/9 11862/8
f 11862/1 11362/2 11364/7 11777/8
f 11806/1 11625/2 11508/7 11502/8
f 11509/22 11507/2 11863/7 11663/40
f 11864/1 11863/2 11674/7 11682/8
f 11578/1 11574/2 11661/7 11807/8
f 11652/1 11864/2 11682/7 11654/8
f 11304/1 11755/2 11685/7 11305/8
f 11568/1 11571/2 11797/7 11750/8
f 11866/1 11800/2 11867/3 11793/4
f 11462/1 11866/2 11496/7 11463/8
f 11393/1 11806/2 11502/7 11394/8
f 11514/1 11513/2 11683/3 11647/4
f 11297/1 11808/2 11520/7 11298/8
f 11858/1 10322/2 10323/3 11846/4
f 11406/1 11771/2 11770/7 11407/8
f 11410/1 11352/5 11351/9 11406/8
f 11773/1 8492/5 8842/9 11470/8
f 11743/1 11433/10 11333/11 11332/8
f 11868/1 11713/5 11869/9 11870/8
f 11721/48 11720/55 11714/7 11868/8
f 11746/1 8854/5 8855/9 11767/8
f 11343/1 11760/2 8854/7 11344/8
f 11738/1 11441/2 11440/7 11715/8
f 11725/1 10330/10 11779/11 11871/8
f 9898/7 10330/8 11779/1 11379/2
f 11602/1 11601/21 11872/20 11626/8
f 11808/1 11872/10 11521/11 11520/8
f 11522/1 11525/2 11870/34 11743/35
f 11736/1 11809/2 11526/7 11529/8
f 11873/32 11869/2 11697/7 11696/33
f 11531/1 11432/2 11433/34 11873/35
f 11845/1 11844/2 11600/7 11599/8
f 11745/1 11810/2 11534/7 11532/8
f 11874/42 11858/2 11875/7 11614/71
f 11615/32 11875/2 11846/7 11668/33
f 11699/1 11703/2 11871/7 11738/8
f 11705/1 11438/2 11441/7 11779/8
f 11876/22 11779/2 11681/34 8824/41
f 8385/1 11378/2 11379/7 11876/8
f 11829/1 11794/2 11795/3 11801/4
f 11478/1 11786/2 11787/3 11479/4
f 11447/1 11573/2 11781/7 11448/8
f 11809/1 11710/2 11523/7 11526/8
f 11869/1 11713/2 11694/7 11697/8
f 11810/1 11722/2 11537/7 11534/8
f 11703/1 11702/2 11725/7 11871/8
f 11751/7 11400/8 10628/1 11766/2
f 11860/1 11621/2 11620/7 11749/8
f 11635/1 11793/10 11867/11 11636/8
f 11468/1 11467/2 11624/7 11791/8
f 11480/1 11409/2 11408/7 11728/8
f 11787/1 11772/10 11469/11 11479/8
f 11451/1 11417/2 11416/7 11730/8
f 11774/1 11358/2 11357/7 11460/8
f 11383/1 11387/10 11764/11 11421/8
f 11777/1 11364/2 11363/7 11382/8
f 11652/1 11653/2 11663/7 11864/8
f 11304/1 11302/2 11666/7 11755/8
f 10332/3 11726/4 11716/1 11374/2
f 11525/1 11538/10 11721/109 11870/35
f 11407/1 11770/2 11693/7 11404/8
f 11342/1 8849/2 11760/7 11343/8
f 11486/1 11485/2 11636/7 11860/8
f 11800/1 11618/2 11621/3 11867/4
f 11346/42 11829/2 11801/3 11347/43
f 11347/1 11768/2 11494/7 11489/8
f 11807/1 11392/2 11395/7 11503/8
f 11308/32 11578/2 11503/3 11309/73
f 10507/1 11874/2 11614/7 10326/8
f 11571/32 10775/2 11629/7 11797/33
f 11670/32 11067/2 10776/7 11570/33
f 10557/1 11484/2 11766/7 10558/8
f 10561/1 11691/2 11767/7 10562/8
f 11879/1 11880/2 11881/7 11882/8
f 11883/1 11884/2 11879/7 11882/8
f 11884/1 11885/2 11886/3 11887/4
f 11888/1 11889/5 11890/6 11891/4
f 11886/1 11892/2 11893/7 11887/8
f 11898/6 11889/4 11888/1 11899/5
f 11890/48 11885/55 11883/7 11891/8
f 11880/1 11879/2 11887/7 11893/8
f 11900/1 11901/2 11892/7 11886/8
f 11902/1 11903/2 11904/3 11905/4
f 11906/22 11907/2 11908/3 11909/23
f 11917/1 11918/5 11919/9 11915/8
f 11920/48 11921/55 11917/7 11922/8
f 11923/1 11924/5 11925/9 11920/8
f 11926/1 11927/10 11928/11 11923/8
f 11929/6 11930/4 11889/1 11898/5
f 11952/1 11953/2 11954/7 11955/8
f 11967/92 11968/93 11969/7 11970/8
f 11974/9 11973/8 11976/1 11975/5
f 11977/11 11978/8 11968/1 11974/10
f 11979/9 11980/8 11978/1 11981/5
f 11982/1 11983/2 11980/7 11984/8
f 11985/61 11986/4 11980/1 11987/10
f 11988/1 11989/2 11986/7 11990/8
f 11889/1 11930/5 11991/6 11890/4
f 11976/1 11973/2 11917/3 11915/4
f 11917/1 11999/2 12000/7 12001/8
f 11999/1 11921/2 12002/3 12003/4
f 11907/42 12004/2 12005/3 11908/43
f 12018/1 12019/2 12020/7 12021/8
f 12022/50 12023/72 12005/7 12019/8
f 11905/1 11908/5 12023/9 12024/8
f 11117/1 11201/10 11909/11 11904/8
f 12027/18 12028/19 12025/1 12029/2
f 12046/7 12047/8 12048/1 12049/2
f 11907/62 11902/19 12047/1 12004/5
f 11229/11 11114/8 11903/1 11906/10
f 12027/59 12054/2 11969/3 11968/60
f 11968/1 11983/10 11923/61 11922/4
f 12046/1 12049/2 12020/3 12019/4
f 12022/32 12019/2 11980/7 11989/33
f 11954/1 11953/2 11926/7 11923/8
f 11903/1 11114/2 11117/3 11904/4
f 12054/1 12059/2 11970/3 11969/4
f 12060/1 12061/2 12062/7 12063/8
f 11930/1 11929/5 12064/6 11991/4
f 11975/22 11976/2 11915/3 11919/23
f 12028/1 12027/2 11968/3 11967/4
f 11973/1 11968/2 11922/3 11917/4
f 11918/22 11917/2 12001/7 12067/40
f 12067/1 12068/2 12069/7 12070/8
f 12077/1 11918/2 12070/3 12078/4
f 11928/1 12081/2 12082/3 12083/4
f 12084/1 12085/2 11909/7 11201/8
f 11885/1 12060/2 12063/7 11900/8
f 12068/1 12090/2 12091/7 12069/8
f 11925/1 11924/2 12094/3 12095/4
f 12063/1 12062/2 11901/7 11900/8
f 12091/1 12078/2 12070/7 12069/8
f 12002/1 12082/5 12078/9 12003/8
f 12094/1 12083/2 12082/7 12095/8
f 12024/1 12022/2 11989/7 11988/8
f 12096/1 12060/2 11885/7 11890/8
f 11991/1 12064/5 12061/9 12096/8
f 12000/1 12090/2 12068/7 12001/8
f 11924/1 11928/2 12083/3 12094/4
f 11983/1 11982/2 11955/7 11954/8
f 11990/1 11985/21 12097/20 11952/8
f 11953/1 12097/10 11927/11 11926/8
f 12049/1 12048/2 12021/3 12020/4
f 12090/1 12000/2 12003/7 12091/8
f 11921/1 11925/2 12095/3 12002/4
f 12019/1 12018/2 11984/7 11980/8
f 12004/1 12046/2 12019/3 12005/4
f 12118/1 12119/2 12120/3 12121/4
f 12126/1 12127/2 12128/3 12129/4
f 12130/1 12131/2 12132/3 12133/4
f 12137/1 12138/2 12139/7 12140/8
f 12141/22 12142/2 12143/7 12144/40
f 12144/1 12145/2 12146/7 12147/8
f 9604/1 12148/5 12149/9 9605/8
f 9605/1 12150/2 12151/7 9611/8
f 12151/1 12152/2 12153/34 12154/35
f 12157/1 12158/2 12159/7 12160/8
f 12163/1 12164/2 12165/7 12166/8
f 12168/1 12118/2 12121/3 12169/4
f 9656/1 12170/2 12171/7 9657/8
f 12174/1 12175/2 12176/7 12177/8
f 12178/1 12179/5 12180/9 12181/8
f 12181/1 12182/2 12183/7 12184/8
f 12185/1 12186/12 12187/13 12188/8
f 12189/1 11850/21 12186/20 12190/8
f 12191/1 12192/2 12193/7 12194/8
f 12195/1 9830/2 9831/7 12196/8
f 12197/22 12170/2 12171/7 12198/40
f 12198/1 12199/2 12200/7 12201/8
f 12189/59 12202/2 12203/7 12190/67
f 12185/32 12204/2 12205/7 12188/33
f 12214/1 12215/2 12216/7 12217/8
f 12221/1 11637/5 11640/9 12220/8
f 12220/1 12222/2 12223/7 12224/8
f 12225/1 9688/2 9690/3 12226/4
f 12210/1 12227/2 12225/34 12228/35
f 12211/1 12229/2 12230/7 12212/8
f 12207/22 12230/2 12231/7 12208/40
f 12232/1 12233/2 12234/7 12235/8
f 12239/1 12240/2 12241/3 12242/4
f 12258/1 12260/5 12261/9 12251/8
f 12208/7 12262/8 12263/1 12258/2
f 12240/1 12264/5 12265/9 12266/8
f 12267/1 12268/2 12262/7 12231/8
f 12179/48 12269/55 12264/7 12239/8
f 12177/1 12178/5 12270/9 12267/8
f 12271/1 12272/21 12269/20 12176/8
f 12152/7 12151/8 12273/1 12274/2
f 12275/7 9707/8 9611/1 12151/2
f 12276/1 12277/2 12147/7 12146/8
f 12278/1 12279/10 12280/11 12281/8
f 12282/1 12283/2 12284/7 12285/8
f 12321/1 11627/2 10775/7 12322/8
f 12331/11 12329/8 12326/1 12332/10
f 12333/1 12334/2 12335/7 12336/8
f 12337/1 12338/2 12339/7 12340/8
f 12227/7 9694/8 9703/1 12330/2
f 12343/20 12211/8 12342/1 12331/21
f 12344/9 9674/8 9694/1 12210/5
f 12345/9 12346/8 12229/1 12347/5
f 12348/9 12349/8 12350/1 12343/5
f 12351/1 12352/2 12215/7 12214/8
f 11639/7 12353/8 12222/1 11640/2
f 12199/7 12171/8 12354/1 12344/2
f 12355/56 12356/4 12346/1 12348/12
f 12162/3 9604/4 9657/1 12171/2
f 12164/1 12163/2 12355/7 12359/8
f 12361/1 12362/2 12148/7 12162/8
f 12363/1 12364/2 12158/7 12157/8
f 12366/1 11324/21 12367/20 12368/8
f 12369/50 12370/72 12142/7 12366/8
f 12371/1 12372/2 11324/7 12141/8
f 12373/1 11599/2 12374/7 12375/8
f 12380/1 12381/10 11599/11 12370/8
f 12382/1 12383/2 12384/7 12385/8
f 12386/1 12387/2 12388/7 12389/8
f 12194/7 12193/8 12390/1 12391/2
f 12190/7 12185/8 12392/1 12393/2
f 12394/1 12395/2 12204/7 12203/8
f 12396/1 12397/2 12190/7 12185/8
f 9791/1 12398/2 12399/7 9834/8
f 12401/7 12402/8 12403/1 12404/2
f 12405/1 12406/2 12407/7 12408/8
f 11323/11 12137/8 12409/1 12410/10
f 12411/20 12412/8 12138/1 11323/21
f 12413/1 12414/2 12415/7 12416/8
f 12417/11 12418/8 12419/1 12420/10
f 12421/7 12422/8 12423/1 12411/2
f 12424/20 12425/8 12426/1 12421/21
f 11611/11 12427/8 12428/1 12424/10
f 11633/1 12429/2 12388/7 12387/8
f 11850/42 11633/2 11821/3 12187/43
f 11323/1 12410/2 12367/3 11324/4
f 12374/1 12372/2 12280/3 12279/4
f 11718/1 11845/2 11599/7 12381/8
f 12337/1 12340/2 12430/7 12431/8
f 12433/1 12221/2 12224/3 12434/4
f 12145/1 12435/2 12276/7 12146/8
f 12438/1 12439/2 12282/7 12285/8
f 12384/1 12383/2 12440/7 12441/8
f 12440/1 12442/2 12333/7 12336/8
f 12442/1 12444/2 12217/3 12445/4
f 12444/1 12446/2 12351/7 12214/8
f 12447/1 12189/2 12190/7 12393/8
f 12448/1 12189/2 12190/7 12397/8
f 12449/32 12448/2 12450/3 12451/73
f 12452/1 12449/2 12407/7 12406/8
f 12453/1 12139/2 12366/7 12368/8
f 12138/1 12412/2 12454/3 12366/4
f 12455/1 12456/5 12369/9 12454/8
f 12457/1 12458/2 12426/7 12425/8
f 8284/1 12457/2 12456/3 8267/4
f 12460/1 12461/12 12462/13 9791/8
f 12398/1 12462/21 12463/20 12464/8
f 12465/1 12466/2 12404/7 12403/8
f 12467/1 12126/2 12129/3 12468/4
f 12408/1 12407/2 12451/7 12469/8
f 12470/1 12471/2 12472/7 12473/8
f 12474/1 12475/2 12470/7 12476/8
f 9701/1 12477/2 12474/7 9859/8
f 12235/1 12241/2 12490/7 12491/8
f 12492/1 12493/10 12242/11 12234/8
f 12184/1 12183/2 12494/7 12495/8
f 12498/7 12497/8 12496/1 12499/2
f 12500/7 12501/8 9877/1 12497/2
f 9833/1 12502/2 12196/7 9831/8
f 12240/1 12266/2 12490/3 12241/4
f 12182/1 12504/2 12494/7 12183/8
f 12202/1 12505/2 12394/7 12203/8
f 12505/1 12465/10 12506/61 12507/4
f 12403/1 12402/2 12508/7 12506/8
f 12413/1 12416/2 12509/7 12510/8
f 12511/1 12512/2 12513/3 12514/4
f 12517/1 12438/2 12285/7 12278/8
f 12375/1 12374/2 12279/3 12284/4
f 12520/1 12521/2 12522/3 12523/4
f 12414/1 12413/2 12510/7 12524/8
f 12131/1 12525/2 12526/3 12132/4
f 12458/1 12527/2 12418/7 12426/8
f 12342/1 12211/2 12212/7 12531/8
f 12263/1 12262/2 12233/7 12532/8
f 12262/1 12268/2 12492/3 12234/4
f 12461/59 12533/2 12534/3 12463/60
f 12175/1 12535/2 12271/7 12176/8
f 12521/1 12536/2 12537/3 12522/4
f 8255/1 8254/2 8119/7 12538/8
f 8265/1 12511/2 12514/3 8118/4
f 8257/1 8086/2 8089/7 12539/8
f 8049/1 8071/2 12540/7 8050/8
f 12427/1 11611/10 12381/61 12380/4
f 12500/1 12497/2 12542/7 12543/8
f 12474/1 12476/2 12544/7 12545/8
f 12548/1 12549/2 12474/7 12477/8
f 12227/1 12330/2 12550/34 12225/35
f 12552/1 12225/2 12226/3 12553/4
f 12170/1 12554/2 12354/7 12171/8
f 12555/1 12191/2 12194/7 12391/8
f 12556/1 12195/2 12196/7 12502/8
f 12170/1 12557/10 12361/11 12171/8
f 12150/1 12558/2 12273/7 12151/8
f 12275/1 12151/2 12154/34 12559/35
f 12399/1 12398/2 12464/7 12557/8
f 12497/1 12498/2 12560/7 12542/8
f 12476/1 12470/2 12561/7 12544/8
f 12562/1 12563/2 12471/7 12470/8
f 12429/59 12569/2 12385/7 12388/67
f 12389/32 12384/2 12441/7 12570/33
f 11627/1 12321/2 12571/7 11628/8
f 12572/1 12573/2 12472/34 12471/35
f 12575/1 12572/2 12563/3 12576/4
f 12579/1 12197/2 12201/3 12580/4
f 12363/1 12157/2 12160/7 12581/8
f 12582/1 8283/10 8261/61 12583/4
f 12402/1 12405/21 12584/20 12508/8
f 12585/1 12452/21 12406/20 12401/8
f 12586/42 12453/2 12368/7 12367/71
f 12410/32 12409/2 12587/7 12586/33
f 12569/1 12589/2 12382/7 12385/8
f 12589/1 12590/10 12591/61 12592/4
f 12392/1 12185/2 12188/7 12591/8
f 12396/1 12185/2 12188/7 12593/8
f 12596/1 12168/2 12169/3 12597/4
f 12405/1 12408/2 12469/7 12584/8
f 12527/1 12598/2 12419/7 12418/8
f 8070/1 12599/2 12600/3 12540/4
f 12331/1 12332/2 12601/7 12602/8
f 12355/42 12331/2 12265/3 12272/43
f 12355/1 12163/2 12166/7 12603/8
f 12604/1 12467/2 12468/3 12605/4
f 12525/1 12608/2 12609/3 12526/4
f 9832/1 12556/2 12502/7 9833/8
f 12558/1 12610/2 12274/7 12273/8
f 12356/1 12355/12 12603/13 12611/8
f 12535/1 12603/21 12272/20 12271/8
f 12612/1 12579/2 12580/3 12611/4
f 12395/1 12394/2 12507/7 12613/8
f 12119/22 12613/2 12359/7 12614/40
f 12614/1 12355/2 12603/7 12120/8
f 12397/1 12396/2 12593/7 12450/8
f 12268/1 12270/2 12495/3 12492/4
f 12504/1 12619/2 12493/7 12494/8
f 12590/1 12447/2 12393/7 12392/8
f 12446/1 12433/5 12620/9 12351/8
f 12352/1 12620/2 12434/7 12621/8
f 12353/1 11639/2 11785/7 12622/8
f 12623/59 12390/2 9675/7 12534/67
f 12554/1 9675/2 9674/7 12354/8
f 12533/42 12555/2 12391/7 12623/71
f 12624/1 12552/2 12553/3 12625/4
f 9700/1 12626/5 12627/6 12628/4
f 12628/1 12548/2 12477/7 9701/8
f 12330/1 9703/2 9706/34 12550/35
f 12329/1 12342/2 12531/7 12631/8
f 12266/22 12263/2 12532/7 12632/40
f 12632/1 12633/2 12491/7 12490/8
f 12602/1 12634/2 12260/7 12265/8
f 12334/1 12333/2 12445/7 12635/8
f 12338/1 12337/2 12431/7 12637/8
f 12637/48 11634/55 11628/7 12571/8
f 12634/1 12602/2 12601/7 12638/8
f 12635/1 12431/2 12430/7 12639/8
f 12212/1 12207/2 12631/7 12531/8
f 12217/1 11461/21 11634/20 12445/8
f 12621/1 12434/2 12224/7 12216/8
f 12622/1 11785/2 11461/7 12223/8
f 12610/1 12580/2 12201/7 12200/8
f 12611/1 12535/2 12175/7 12174/8
f 12150/1 12159/10 12611/11 12558/8
f 12166/1 12121/2 12120/7 12603/8
f 12640/1 12581/2 12160/7 12149/8
f 12641/1 12597/10 12169/11 12165/8
f 12468/1 12129/2 12128/7 12605/8
f 12642/1 12435/2 12145/7 12143/8
f 12537/1 12644/2 12523/7 12522/8
f 12609/1 12133/2 12132/7 12526/8
f 12645/1 12439/2 12438/7 12517/8
f 12538/1 12514/10 12513/11 12646/8
f 12539/1 12540/10 12600/11 12647/8
f 11821/3 12653/4 12654/1 11068/2
f 12440/1 12653/10 12570/11 12441/8
f 12591/50 12446/72 12440/7 12592/8
f 12433/1 11638/5 11637/9 12221/8
f 12170/1 12655/21 12534/20 12554/8
f 12188/1 12187/12 11638/13 12591/8
f 9835/50 12557/72 12170/7 9656/8
f 12579/1 12656/5 12655/9 12197/8
f 12613/1 12593/10 12188/11 12205/8
f 12657/48 12658/55 12656/7 12612/8
f 12659/48 12660/55 12613/7 12507/8
f 12118/1 12661/5 12450/9 12119/8
f 12596/1 12662/2 12661/7 12168/8
f 12464/1 12463/21 12658/20 12557/8
f 12506/1 12467/5 12604/9 12659/8
f 12126/1 12451/5 12662/9 12127/8
f 12508/1 12584/21 12469/20 12506/8
f 12140/7 12139/8 12453/1 12587/2
f 12663/1 12510/21 12509/20 12583/8
f 12524/1 12664/21 12455/20 12665/8
f 12666/1 12536/5 12521/9 12663/8
f 12667/1 12608/10 12525/11 12520/8
f 12130/1 12456/5 12664/9 12131/8
f 8261/1 8260/2 12668/7 12666/8
f 12511/1 8264/2 12669/7 12512/8
f 8070/1 8267/2 12456/7 12599/8
f 11632/56 12588/4 12569/1 12429/12
f 12218/7 12245/8 12443/1 12673/2
f 12173/11 12191/8 12555/1 12615/10
f 12674/13 12675/8 12192/1 12676/12
f 12116/11 12505/8 12202/1 12117/10
f 12677/9 12678/8 12675/1 12679/5
f 12680/9 12681/8 12682/1 12674/5
f 12683/20 12684/8 12505/1 12595/21
f 12461/56 12460/4 12678/1 12680/12
f 12685/9 12686/8 12684/1 12687/5
f 12594/7 12688/8 12689/1 12683/2
f 12449/13 12465/8 12686/1 12690/12
f 12452/20 12585/8 12466/1 12449/21
f 12527/15 12691/8 12582/1 12598/14
f 12457/25 12692/8 12691/1 12458/24
f 12693/9 8283/8 12692/1 12694/5
f 12695/11 12696/8 12697/1 12698/10
f 8284/9 12699/8 12700/1 12457/5
f 12654/1 12570/2 12321/7 12322/8
f 12386/1 12389/2 12570/7 12653/8
f 12570/1 12653/2 12701/3 12571/4
f 12339/1 12338/2 12637/7 12701/8
f 12222/1 12353/2 12622/7 12223/8
f 12371/1 12141/2 12147/3 12277/4
f 12373/1 12375/2 12284/3 12283/4
f 9834/1 12399/2 12557/7 9835/8
f 9707/1 12275/2 12559/34 9828/35
f 12557/1 12657/10 12364/11 12361/8
f 12362/1 12363/2 12581/7 12640/8
f 12660/1 12604/2 12605/3 12641/4
f 12127/1 12596/2 12597/3 12128/4
f 12335/1 12334/2 12635/7 12639/8
f 12215/1 12352/2 12621/7 12216/8
f 12409/1 12137/2 12140/7 12587/8
f 12142/1 12702/2 12642/7 12143/8
f 12702/1 12703/2 12278/3 12281/4
f 12703/1 12370/2 12645/7 12517/8
f 12428/1 12427/2 12380/3 12370/4
f 9877/1 12501/2 9883/7 9879/8
f 9860/1 9859/2 12704/7 9864/8
f 12390/1 12193/2 9656/7 9675/8
f 12675/1 12705/5 9835/6 12706/4
f 12705/1 12460/2 9791/7 9834/8
f 12707/1 12576/2 12563/7 12562/8
f 12548/1 12627/2 12707/7 12549/8
f 9864/1 12561/5 12708/9 9865/8
f 12704/1 12545/2 12544/7 9864/8
f 9676/1 12553/2 12226/7 9690/8
f 9830/1 12709/5 12625/9 9676/8
f 12556/1 12710/2 12709/7 12195/8
f 9614/1 12153/5 12710/9 9832/8
f 9828/1 12559/2 12154/7 9614/8
f 12572/7 12560/8 12711/1 12573/2
f 12575/9 12543/8 12542/1 12572/5
f 12626/9 9700/8 9883/1 12712/5
f 12598/77 12582/2 12715/7 12419/78
f 12416/42 12715/2 12583/7 12509/71
f 12412/42 12415/2 12665/7 12455/71
f 12435/1 12642/2 12281/7 12276/8
f 12372/1 12371/2 12277/3 12280/4
f 12634/1 12638/2 12261/7 12260/8
f 12716/1 12239/2 12242/3 12493/4
f 12179/1 12716/2 12619/7 12180/8
f 12204/1 12395/2 12613/7 12205/8
f 12613/1 12717/2 12164/7 12359/8
f 12717/1 12660/2 12641/3 12165/4
f 12466/1 12585/2 12401/7 12404/8
f 12415/1 12414/2 12524/7 12665/8
f 12669/1 8264/2 12539/3 12647/4
f 12425/1 12428/2 12370/3 12369/4
f 12370/1 12373/5 12718/9 12645/8
f 12439/1 12718/2 12283/7 12282/8
f 12536/1 12668/2 12646/3 12537/4
f 12512/1 12667/2 12644/3 12513/4
f 12608/1 12669/2 12647/3 12609/4
f 12599/1 12130/2 12133/3 12600/4
f 12326/1 12329/2 12258/3 12251/4
f 12631/1 12207/2 12208/7 12258/8
f 12633/1 12232/2 12235/7 12491/8
f 12270/1 12178/2 12184/3 12495/4
f 12667/1 12520/2 12523/3 12644/4
f 12498/1 12499/2 12711/7 12560/8
f 12470/1 12473/2 12708/7 12561/8
f 12707/1 12562/2 12470/7 12475/8
f 12626/1 12712/2 12707/3 12627/4
f 12344/1 12210/2 12228/34 12624/35
f 12199/1 12344/2 12625/28 12709/29
f 12610/1 12200/2 12709/18 12710/19
f 12152/1 12274/2 12710/34 12153/35
f 12148/1 12362/2 12640/7 12149/8
f 9688/1 12225/2 12550/7 9706/8
f 12233/1 12232/2 12633/7 12532/8
f 12552/1 12624/2 12228/7 12225/8
f 12182/1 12180/2 12619/7 12504/8
f 12501/1 12500/2 12543/7 9883/8
f 9859/1 12474/2 12545/7 12704/8
f 12549/1 12707/2 12475/7 12474/8
f 12712/1 12575/2 12576/3 12707/4
f 12332/32 12326/2 12723/7 12601/33
f 12638/22 12723/2 12251/7 12261/40
f 12383/1 12382/2 12592/7 12440/8
f 12653/32 12440/2 12336/7 12339/33
f 12340/1 12335/2 12639/7 12430/8
f 12387/1 12386/2 12653/7 11821/8
f 12229/1 12724/5 12177/6 12231/4
f 12724/1 12356/2 12611/7 12174/8
f 12725/1 12612/2 12611/3 12159/4
f 12657/1 12725/2 12158/7 12364/8
f 12668/1 8260/2 12538/3 12646/4
f 12499/1 12496/2 12541/7 12711/8
f 12473/1 12728/2 12729/7 12708/8
f 12730/1 12731/2 12473/7 12472/8
f 12736/22 12737/2 12738/3 12739/23
f 12744/22 12745/2 12746/7 12747/40
f 12748/1 12749/2 12750/3 12751/4
f 12752/1 12753/5 12754/9 12755/8
f 12760/1 12761/2 12762/3 12763/4
f 12744/48 12764/55 12765/7 12745/8
f 12770/1 12771/5 12738/9 12772/8
f 12773/9 12774/8 12775/1 12776/5
f 12777/7 12778/8 12779/1 12755/2
f 12780/1 12739/2 12771/7 12781/8
f 12754/20 12782/8 12774/1 12777/21
f 12787/1 12788/2 12785/7 12789/8
f 12790/6 12753/4 12752/1 12791/5
f 12792/11 12793/8 12794/1 12737/10
f 12736/9 12795/8 12796/1 12792/5
f 12797/1 12751/10 12750/11 12798/8
f 12799/1 12763/2 12762/7 12800/8
f 12780/1 12781/2 12812/3 12813/4
f 12816/1 12769/2 12817/7 12818/8
f 12820/1 12821/2 12797/3 12798/4
f 12821/1 12822/2 12787/7 12789/8
f 12770/1 12772/2 12823/3 12824/4
f 12785/1 12788/2 12799/7 12800/8
f 12817/1 12824/2 12823/7 12818/8
f 12825/48 12822/55 12820/7 12826/8
f 12748/1 12827/2 12746/7 12749/8
f 12828/1 12813/5 12812/9 12817/8
f 12760/1 12747/5 12827/9 12761/8
f 12775/1 12782/5 12825/6 12826/4
f 12789/1 12785/2 12800/7 12797/8
f 12761/1 12748/2 12751/3 12762/4
f 12781/1 12770/2 12824/3 12812/4
f 12830/1 12780/2 12813/3 12831/4
f 12782/1 12834/2 12835/7 12836/8
f 12822/1 12760/5 12837/9 12787/8
f 12788/1 12837/2 12763/7 12799/8
f 12753/1 12790/5 12838/9 12754/8
f 12839/1 12838/2 12764/7 12744/8
f 12840/1 12841/2 12842/7 12843/8
f 12765/1 12844/2 12845/3 12846/4
f 12847/1 12848/2 12849/7 12850/8
f 12851/1 12852/2 12853/7 12854/8
f 12764/1 12859/10 12848/11 12844/8
f 12860/1 12861/10 12862/11 12863/8
f 12864/1 12865/2 12855/7 12866/8
f 12867/1 210/2 209/7 12868/8
f 12869/1 12870/2 12871/7 12872/8
f 12873/1 12874/5 12875/9 12876/8
f 12877/1 12878/2 12879/7 12880/8
f 12881/1 73/2 76/7 12882/8
f 12883/7 12884/8 12885/1 12886/2
f 12889/1 12890/2 12874/7 12891/8
f 12892/1 12893/5 12878/9 12894/8
f 12895/1 12896/2 12881/7 12897/8
f 12906/11 12907/8 12791/1 12908/10
f 12909/48 12910/55 12911/7 12912/8
f 12913/1 12914/2 12915/7 12916/8
f 12917/9 12790/8 12907/1 12918/5
f 12919/7 12920/8 12921/1 12922/2
f 12923/9 12924/8 12925/1 12926/5
f 158/6 12927/4 12928/1 147/5
f 12929/20 12930/8 12920/1 12923/21
f 12933/20 12934/8 12932/1 12935/21
f 12936/7 12931/8 12934/1 12937/2
f 12938/9 12939/8 12940/1 12933/5
f 12871/1 12870/2 12851/7 12854/8
f 12911/1 12952/2 12869/7 12872/8
f 12952/1 12910/2 12860/3 12863/4
f 12953/1 12954/5 12909/6 12912/4
f 12844/1 12847/5 12955/9 12956/8
f 12956/1 12840/2 12843/7 12845/8
f 12918/1 12906/2 12886/7 12885/8
f 12866/1 12855/2 12957/7 12958/8
f 12894/1 12877/2 12959/3 12960/4
f 12870/1 12869/2 12863/7 12851/8
f 12891/1 12873/2 12852/7 12862/8
f 12914/1 12913/2 12897/7 12881/8
f 73/1 12881/2 12868/7 209/8
f 12906/1 12908/2 12849/3 12848/4
f 12883/1 12886/2 12848/7 12859/8
f 12847/1 12850/2 12961/7 12955/8
f 12917/1 12918/2 12885/7 12884/8
f 12790/1 12917/5 12884/9 12838/8
f 12838/1 12883/10 12859/11 12764/8
f 12962/1 12887/2 12963/7 12860/8
f 12888/1 12889/2 12861/7 12964/8
f 12890/1 12892/5 12965/9 12864/8
f 12865/1 12965/2 12966/7 12967/8
f 12968/1 12929/2 12893/3 12969/4
f 12915/1 12914/2 12881/7 12882/8
f 12881/1 12896/2 12867/7 12868/8
f 12845/1 12843/2 12842/7 12846/8
f 12877/1 12880/2 12970/3 12959/4
f 12892/1 12894/2 12960/3 12966/4
f 12928/1 12971/2 12913/7 12916/8
f 12971/1 12927/2 12895/3 12897/4
f 12929/22 12926/2 12879/3 12893/23
f 12889/1 12891/2 12862/7 12861/8
f 12873/1 12876/2 12853/7 12852/8
f 12855/1 12865/2 12967/7 12957/8
f 12938/22 12935/2 12921/7 12930/40
f 12875/1 12874/2 12958/3 12972/4
f 12874/1 12890/2 12864/7 12866/8
f 12840/1 12955/2 12961/7 12841/8
f 12958/1 12959/10 12970/11 12972/8
f 12967/1 12966/2 12960/7 12957/8
f 12997/1 12998/2 12999/3 13000/4
f 13009/1 13010/2 13011/7 13012/8
f 13013/1 13014/2 13015/3 13016/4
f 13019/1 12769/2 12816/7 13020/8
f 13026/11 13027/8 11899/1 13028/10
f 13015/1 13000/2 12999/7 13016/8
f 13033/9 13034/8 13035/1 13026/5
f 13042/48 13043/55 13041/7 13044/8
f 13045/1 13014/5 13013/9 13046/8
f 12997/1 13047/5 13048/9 12998/8
f 13049/6 13050/4 13051/1 12794/5
f 13052/1 13012/10 13011/11 13053/8
f 13009/1 13060/2 13061/7 13010/8
f 13066/13 13063/8 13064/1 13067/12
f 13071/20 13072/8 13073/1 13066/21
f 13051/1 13050/5 13042/9 13044/8
f 13041/1 13040/2 13019/3 13020/4
f 13040/1 13043/2 13074/34 13075/35
f 13063/1 13073/2 13053/3 13045/4
f 13014/1 12997/2 13000/3 13015/4
f 13010/1 13061/2 13047/7 13011/8
f 13077/1 13076/2 13078/7 13079/8
f 12769/1 13019/2 13075/7 12817/8
f 13066/1 13067/2 13048/3 13047/4
f 13071/1 13066/2 13061/7 13060/8
f 13083/1 13084/2 13085/7 13086/8
f 13072/1 13071/21 13060/20 13087/8
f 13087/1 13009/10 13012/11 13052/8
f 13024/1 12766/2 12828/7 13074/8
f 11881/1 11880/2 11893/7 13089/8
f 13076/1 13077/2 13090/7 13091/8
f 11893/1 13078/2 13092/7 13089/8
f 11892/1 13085/5 13079/9 11893/8
f 13064/1 13063/2 13045/3 13046/4
f 13073/1 13072/2 13052/3 13053/4
f 13093/1 13094/2 13090/7 13077/8
f 13095/1 13093/2 13079/3 13085/4
f 13095/48 13096/55 13097/7 13094/8
f 13074/1 12828/2 12817/7 13075/8
f 13076/1 13091/2 13092/7 13078/8
f 13033/22 13028/2 13097/3 13096/23
f 13098/1 13099/2 13100/7 13101/8
f 13105/1 13106/2 13107/3 13108/4
f 11236/1 13132/2 13133/7 11271/8
f 13144/32 13145/2 13146/7 13147/33
f 13148/22 13146/2 13149/7 13150/40
f 13151/1 13152/2 13153/3 13154/4
f 13155/1 13156/2 13157/7 13158/8
f 13175/1 13101/2 13100/7 13176/8
f 13181/1 13182/10 13183/11 13184/8
f 13185/1 13186/2 13177/7 13187/8
f 13188/1 13189/2 13190/7 13178/8
f 13191/1 13108/2 13107/7 13192/8
f 13211/1 13212/2 13213/7 13214/8
f 13217/1 13218/10 13219/11 13220/8
f 13221/1 13222/2 13223/7 13224/8
f 13158/7 13157/8 13293/1 13294/2
f 13295/1 13296/5 13150/9 13149/8
f 13291/7 13290/8 13297/1 13295/2
f 13300/7 13301/8 13302/1 13303/2
f 13300/1 13304/2 13299/7 13303/8
f 13105/1 13305/5 13306/9 13106/8
f 13307/1 13308/2 13309/7 13310/8
f 13311/9 13312/8 13313/1 13301/5
f 13316/9 13317/8 13318/1 13319/5
f 13323/3 13324/4 13322/1 13314/2
f 13330/7 13331/8 13317/1 13332/2
f 13335/9 13336/8 13331/1 13333/5
f 13337/9 13338/8 13334/1 13323/5
f 13340/11 13341/8 13342/1 13339/10
f 13349/7 13350/8 13351/1 13352/2
f 13353/1 13354/2 13355/7 13346/8
f 10843/7 13356/8 13349/1 10778/2
f 13358/1 13359/5 13360/9 13353/8
f 13361/1 13362/2 10843/7 13356/8
f 13365/1 10775/10 13362/11 13366/8
f 13371/7 11074/8 11271/1 13133/2
f 13378/61 13379/4 13145/1 13144/10
f 13384/9 13385/8 13386/1 13378/5
f 13387/13 13388/8 13389/1 13384/12
f 10819/9 13410/8 13411/1 13412/5
f 10818/20 13413/8 13414/1 10819/21
f 13158/1 13294/2 13415/7 13416/8
f 13417/32 13155/2 13416/3 13418/73
f 13419/1 13417/2 13309/7 13308/8
f 10843/1 10778/2 13219/3 13218/4
f 10819/1 13412/2 10842/7 10876/8
f 13420/1 13151/2 13154/3 13421/4
f 13188/1 13178/2 13422/7 13423/8
f 13426/1 13427/2 13351/7 13350/8
f 13428/1 13429/2 13211/7 13214/8
f 13411/1 13410/2 13434/7 13432/8
f 13360/1 13359/2 13221/3 13224/4
f 13388/1 13387/12 13437/13 13438/8
f 13439/1 13419/14 13308/15 13304/8
f 13304/1 13105/5 13440/9 13441/8
f 13442/1 13440/2 13108/7 13191/8
f 13305/1 13307/10 13443/11 13444/8
f 13301/22 13313/2 13445/7 13446/40
f 13447/1 13448/2 13449/7 13450/8
f 13304/1 13300/2 13451/7 13441/8
f 13452/1 13453/2 13454/7 13455/8
f 13387/42 13144/2 13147/7 13437/71
f 13456/1 13457/2 13458/3 13459/4
f 13457/1 13460/2 13185/7 13187/8
f 13306/1 13305/2 13444/7 13460/8
f 13474/1 13473/5 13358/9 13346/8
f 13414/1 13413/2 13475/7 13473/8
f 13187/1 13177/2 13482/7 13458/8
f 13178/1 13190/2 13483/7 13422/8
f 13484/42 13477/2 13485/7 13175/71
f 13184/32 13485/2 13486/3 13487/73
f 13481/1 13480/2 13290/7 13291/8
f 13488/1 13098/2 13101/7 13183/8
f 13473/1 13492/2 13366/7 13358/8
f 13359/1 13361/2 13222/3 13221/4
f 13493/1 13494/2 11292/7 13495/8
f 13496/1 11290/2 13497/7 13498/8
f 13501/1 13502/2 13496/7 13503/8
f 13505/1 13506/2 13501/3 13507/4
f 13410/22 13414/2 13473/7 13434/40
f 13513/1 13474/2 13346/7 13355/8
f 13429/1 13515/2 13220/7 13211/8
f 10778/1 13349/2 13212/3 13219/4
f 13336/1 13342/2 13518/34 13519/35
f 13520/1 13521/2 13338/7 13335/8
f 13522/1 13523/2 13524/7 13525/8
f 13339/1 13337/2 13526/34 13527/35
f 13535/1 13536/2 13537/7 13538/8
f 13539/1 13540/2 13541/34 13542/35
f 13546/1 13547/2 13332/7 13316/8
f 11290/1 13496/2 13549/7 11269/8
f 12728/1 12473/2 13503/7 13496/8
f 13550/1 13551/10 13487/11 13486/8
f 13552/1 13447/5 13553/9 13554/8
f 13453/1 13555/5 13556/9 13557/8
f 13558/1 13559/2 13448/7 13552/8
f 13560/1 13561/2 13555/7 13452/8
f 13562/1 13535/5 13563/9 13558/8
f 13536/1 13541/5 13561/9 13564/8
f 13565/1 13566/21 13542/20 13562/8
f 13525/1 13524/2 13567/7 13568/8
f 12496/7 9876/8 13494/1 13493/2
f 13300/1 13303/2 13571/7 13451/8
f 13453/1 13557/2 13572/7 13454/8
f 13389/1 13388/2 13300/3 13303/4
f 13536/1 13564/2 13574/7 13537/8
f 13575/1 13534/2 13321/7 13324/8
f 13340/1 13339/2 13527/34 13576/35
f 13477/1 13586/2 13550/34 13486/35
f 13448/1 13559/2 13589/7 13449/8
f 13590/1 13546/2 13316/7 13319/8
f 13591/1 13520/2 13335/7 13333/8
f 13592/1 13522/2 13525/7 13568/8
f 13132/32 13593/2 13594/3 13595/73
f 13371/1 13133/2 13595/7 13596/8
f 13502/1 13597/2 13549/7 13496/8
f 12496/1 13493/2 13495/7 12541/8
f 12728/1 13496/2 13498/7 12729/8
f 13318/1 13336/10 13519/109 13599/35
f 12573/1 13505/2 13507/3 12730/4
f 11074/1 13371/2 13596/7 11075/8
f 13296/32 13297/2 13604/7 13605/33
f 13099/1 13606/2 13176/7 13100/8
f 13607/1 13456/2 13459/3 13608/4
f 13609/1 13420/2 13421/3 13610/4
f 13611/1 13148/2 13612/3 13613/4
f 13150/1 13296/2 13605/7 13612/8
f 13614/1 13488/2 13183/7 13182/8
f 13625/42 13611/2 13626/7 13293/71
f 13294/59 13626/2 13613/7 13415/67
f 13145/1 13379/5 13291/6 13149/4
f 13606/1 13484/2 13175/7 13176/8
f 13191/1 13192/2 13556/3 13555/4
f 13540/22 13442/2 13555/34 13541/41
f 13633/1 12084/2 11201/7 13594/8
f 13612/1 13416/12 13415/13 13613/8
f 13605/1 13607/5 13152/9 13612/8
f 13420/1 13634/5 13416/9 13151/8
f 13476/1 13484/2 13606/7 13604/8
f 13098/1 13457/5 13456/9 13099/8
f 13635/48 13418/55 13634/7 13609/8
f 13636/11 13586/8 13477/1 13476/10
f 13614/1 13460/2 13457/7 13488/8
f 13446/9 13445/8 13637/1 13638/5
f 13441/7 13451/8 13571/1 13636/2
f 13444/1 13443/10 13635/11 13460/8
f 13540/3 13539/4 13441/1 13442/2
f 13515/1 13429/2 13428/7 13640/8
f 11075/81 13596/82 13594/7 11201/8
f 13156/20 13148/8 13611/1 13625/21
f 13645/20 13646/8 13147/1 13155/21
f 13647/7 13648/8 13646/1 13649/2
f 13650/9 13651/8 13652/1 13645/5
f 13654/7 13653/8 13480/1 13481/2
f 13419/36 13437/4 13648/1 13650/21
f 13655/7 13573/8 13438/1 13439/2
f 13533/7 13546/8 13590/1 13656/2
f 13591/7 13659/8 13547/1 13546/2
f 13575/7 13660/8 13533/1 13534/2
f 13521/7 13520/8 13591/1 13660/2
f 13426/7 13513/8 13663/1 13427/2
f 13434/6 13473/4 13474/1 13426/5
f 13475/1 13666/2 13492/7 13473/8
f 13559/1 13563/2 13680/7 13589/8
f 13573/1 13655/2 13314/7 13322/8
f 13564/1 13560/2 13681/7 13574/8
f 13312/1 13318/2 13599/34 13682/35
f 13656/1 13590/2 13319/7 13311/8
f 13156/1 13625/2 13293/7 13157/8
f 13683/1 13609/2 13610/3 13483/4
f 13635/1 13683/2 13190/7 13189/8
f 13307/1 13310/2 13635/7 13443/8
f 13349/1 13352/2 13213/3 13212/4
f 13361/1 13356/2 13223/3 13222/4
f 13106/1 13306/5 13460/9 13104/8
f 13104/1 13614/2 13182/7 13107/8
f 13460/1 13635/10 13189/11 13185/8
f 13186/1 13188/2 13423/7 13685/8
f 13310/1 13309/2 13418/7 13635/8
f 13586/1 13637/2 13554/34 13550/35
f 13303/1 13302/2 13638/7 13571/8
f 13557/1 13553/2 13686/7 13572/8
f 13381/22 13389/2 13687/7 13654/40
f 13653/1 13687/2 13303/7 13299/8
f 13192/1 13181/2 13551/3 13556/4
f 13152/1 13607/2 13608/3 13153/4
f 13177/1 13186/2 13685/7 13482/8
f 13663/1 13513/2 13515/3 13640/4
f 13355/1 13354/2 13217/3 13220/4
f 13492/1 13666/2 13365/7 13366/8
f 13354/1 13360/2 13224/3 13217/4
f 13356/1 10843/2 13218/3 13223/4
f 13689/22 11266/2 13690/3 13691/23
f 13597/1 13690/2 11269/7 13549/8
f 13412/22 13411/2 13432/7 10842/40
f 10842/1 13664/2 13356/7 10843/8
f 13494/1 9876/2 9880/7 11292/8
f 11290/1 9890/2 9865/7 13497/8
f 13341/1 13340/10 13576/109 13692/35
f 13427/1 13663/2 13693/7 13351/8
f 13352/22 13693/2 13640/7 13694/40
f 13694/1 13428/2 13214/7 13213/8
f 13659/1 13591/2 13333/7 13330/8
f 13695/1 13592/2 13568/7 13565/8
f 13660/1 13575/2 13324/7 13334/8
f 13696/1 13697/5 13566/9 13567/8
f 13502/1 13501/2 13691/7 13597/8
f 12731/1 12730/2 13507/7 13501/8
f 9865/1 12729/2 13498/7 13497/8
f 13450/1 13454/2 13572/7 13686/8
f 13589/1 13681/10 13455/11 13449/8
f 13538/1 13537/2 13574/7 13680/8
f 13506/9 11292/8 11266/1 13689/5
f 12573/9 12541/8 13495/1 13505/5
f 13297/1 13290/2 13476/7 13604/8
f 13181/1 13184/2 13487/3 13551/4
f 13480/1 13653/2 13636/3 13476/4
f 13299/1 13304/2 13441/7 13636/8
f 13655/1 13439/2 13441/3 13699/4
f 13560/1 13452/2 13455/7 13681/8
f 13700/1 13314/2 13699/7 13539/8
f 13323/1 13700/2 13542/18 13566/19
f 13337/1 13323/2 13697/34 13526/35
f 13302/1 13301/2 13446/7 13638/8
f 13553/1 13447/2 13450/7 13686/8
f 13563/1 13535/2 13538/7 13680/8
f 13521/1 13660/2 13334/7 13338/8
f 13523/1 13696/2 13567/7 13524/8
f 13608/1 13421/2 13154/7 13153/8
f 13458/1 13483/10 13610/11 13459/8
f 13685/1 13423/2 13422/7 13482/8
f 13703/48 13695/55 13682/7 13599/8
f 13519/1 13522/5 13592/9 13703/8
f 13523/1 13526/5 13697/9 13696/8
f 13692/1 13576/10 13527/11 13518/8
f 13506/1 13689/2 13691/3 13501/4
f 12731/1 13501/2 13503/7 12473/8
f 13637/1 13445/2 13552/34 13554/35
f 13313/1 13312/2 13558/18 13552/19
f 13682/1 13695/5 13565/9 13558/8
f 13547/1 13659/2 13330/7 13332/8
f 13342/1 13341/2 13692/34 13518/35
f 13413/1 10818/21 11068/20 13475/8
f 13666/1 12654/5 12322/9 13365/8
f 13704/1 13705/2 13706/3 13707/4
f 13708/1 12839/2 12747/3 13709/4
f 13710/1 13711/2 13712/3 13713/4
f 13718/1 13719/2 13720/3 13721/4
f 13726/1 13727/2 13728/34 13729/35
f 13727/1 13730/5 13731/80 13732/29
f 13733/1 13734/5 13735/9 13731/8
f 13736/1 13737/2 13738/7 13739/8
f 13740/1 13741/2 13742/7 13743/8
f 13744/1 13745/2 13746/34 13747/35
f 10538/1 13740/2 13748/3 10539/4
f 13749/1 13750/2 13751/7 13752/8
f 13755/1 13756/2 13757/7 13758/8
f 13763/1 13764/10 13765/109 13766/35
f 13767/1 13768/2 13769/7 13770/8
f 13771/1 13772/2 13773/3 13774/4
f 13775/1 13776/2 13777/7 13778/8
f 13776/1 13779/2 13780/3 13781/4
f 13779/1 13786/2 13787/7 13788/8
f 11000/1 13793/2 13794/3 11001/4
f 10729/1 10728/2 11002/7 13795/8
f 10732/1 10731/2 11003/7 10904/8
f 10882/1 13798/2 13799/7 10783/8
f 13800/1 13801/2 13802/7 13803/8
f 10784/1 10786/2 13804/34 10963/35
f 13805/1 13806/2 13807/7 13808/8
f 13813/1 13814/2 13815/7 13816/8
f 13817/1 13818/2 13819/7 13820/8
f 13745/1 13821/2 13822/34 13746/35
f 13823/1 13824/2 13825/3 13826/4
f 13831/1 13832/2 13833/7 13834/8
f 13793/1 13835/2 13836/3 13794/4
f 13743/1 13767/2 13770/7 13748/8
f 13840/7 13838/8 12836/1 12835/2
f 13853/1 13854/2 13855/7 13856/8
f 13857/1 13858/2 13859/7 13860/8
f 13864/9 13865/8 13763/1 13866/5
f 13738/7 13867/8 13865/1 13739/2
f 13868/1 13869/2 13870/7 13871/8
f 13872/9 13764/8 13867/1 13873/5
f 13808/1 13819/10 13874/11 13875/8
f 13821/7 13745/8 13744/1 13872/2
f 13803/1 13802/2 13820/7 13807/8
f 13876/1 13877/5 12739/9 12830/8
f 13708/20 13879/8 12834/1 12839/21
f 13880/1 13881/5 13882/9 13883/8
f 13771/20 13884/8 13887/1 13772/21
f 13888/50 13889/72 13890/7 13891/8
f 13895/15 13892/8 13894/1 13896/14
f 13902/9 13901/8 13892/1 13903/5
f 13904/13 13905/8 13893/1 13895/12
f 13906/47 13907/8 13901/1 13908/46
f 13909/7 13910/8 13911/1 13904/2
f 13912/15 13913/8 13907/1 13909/14
f 13914/1 13915/12 13916/13 13917/8
f 13918/20 13919/8 13920/1 13912/21
f 13921/1 13922/2 13923/7 13914/8
f 13924/1 13925/5 13915/9 13926/8
f 13927/34 13730/35 13726/1 13918/2
f 13928/1 13929/5 13922/9 13930/8
f 13931/1 13932/2 13925/7 13933/8
f 13934/1 13935/21 13936/20 13937/8
f 13938/1 13939/5 13932/9 13940/8
f 13941/1 13942/46 13939/47 13943/8
f 13944/1 13945/10 13946/11 13947/8
f 13948/7 13737/8 13736/1 13949/2
f 13950/1 13951/5 13952/9 13953/8
f 13954/1 13955/5 13956/9 13957/8
f 13826/1 13805/5 13958/9 13959/8
f 13818/1 13960/2 13955/7 13961/8
f 13834/1 13770/10 13769/11 13962/8
f 13795/1 13800/21 13806/20 13825/8
f 13801/1 13804/5 13960/9 13817/8
f 10956/1 10995/5 13835/9 13833/8
f 11000/1 10539/5 13748/9 13793/8
f 14006/1 14007/2 14008/7 14009/8
f 14021/7 14022/8 14023/1 14024/2
f 14025/7 14026/8 14027/1 14028/2
f 14029/48 14030/55 14031/7 14032/8
f 14036/7 14037/8 14034/1 14038/2
f 13832/1 13831/2 14041/7 14042/8
f 13767/1 13743/2 13742/7 13768/8
f 14043/61 14044/4 13049/1 12736/10
f 14045/11 14046/8 14047/1 14048/10
f 14049/1 14050/2 14051/7 14052/8
f 14053/20 14054/8 14046/1 14055/21
f 14056/9 14057/8 14058/1 14053/5
f 14059/61 14060/4 14061/1 14056/10
f 14062/1 14063/2 14064/7 14065/8
f 14066/1 14067/2 14068/7 14069/8
f 14070/1 14071/10 14067/11 14062/8
f 14072/1 14073/5 14074/9 14075/8
f 14076/1 13823/5 14077/9 14078/8
f 10538/56 10994/4 14079/1 13741/12
f 11018/1 10821/2 13824/7 14076/8
f 14088/34 14089/35 14090/1 14091/2
f 14105/1 14106/2 14107/7 14108/8
f 14109/11 14110/8 14111/1 14112/10
f 14113/9 14114/8 14115/1 14116/5
f 14117/7 13815/8 14118/1 14113/2
f 10786/9 13799/8 13816/1 14117/5
f 14135/36 14136/4 14137/1 14138/21
f 14143/7 14144/8 14136/1 14145/2
f 14146/9 14147/8 14148/1 14135/5
f 14150/20 14151/8 14144/1 14146/21
f 14153/11 14154/8 14151/1 14155/10
f 14156/13 14157/8 14158/1 14159/12
f 14160/13 14161/8 14162/1 14163/12
f 13814/7 13813/8 14156/1 14164/2
f 14165/9 11046/8 14161/1 14166/5
f 13798/11 14167/8 14168/1 13813/10
f 14006/1 14009/2 13882/7 13881/8
f 14023/1 14022/2 13914/7 13917/8
f 14051/1 14050/2 13921/3 13914/4
f 14066/1 14069/2 14034/7 14037/8
f 14158/1 14157/2 14072/3 14075/4
f 13824/1 10821/2 13795/3 13825/4
f 12766/1 14169/2 14170/7 12828/8
f 14091/1 14090/2 13891/34 13890/35
f 14178/22 14175/2 14176/7 14179/40
f 14180/1 14176/2 14181/7 14182/8
f 13896/32 13771/2 13774/3 14183/73
f 13876/1 12830/2 12831/3 14184/4
f 14088/32 14091/2 13890/34 13889/37
f 14049/1 14052/2 14031/7 14185/8
f 14185/1 14030/2 13928/7 13930/8
f 14064/1 14063/2 13941/3 13943/4
f 14162/1 11046/5 11018/6 14078/4
f 14190/1 14187/2 14191/3 14192/4
f 14195/1 14194/2 14196/7 14197/8
f 13711/22 13775/2 13778/7 14198/40
f 14198/1 13749/2 13752/7 13712/8
f 13883/1 13876/2 14184/3 14170/4
f 14009/1 14008/2 13877/7 13882/8
f 13838/1 14199/12 13709/13 14200/8
f 13879/1 13708/21 14199/20 13840/8
f 14044/1 14043/10 14007/11 14206/8
f 14206/1 14006/5 13881/9 13880/8
f 13772/42 13887/2 14211/3 13773/43
f 13924/1 13926/2 14216/3 14217/4
f 13938/1 13940/2 14218/3 14219/4
f 14111/1 14110/2 13944/34 13947/35
f 13958/1 13805/2 13808/7 13875/8
f 13919/1 13726/10 14220/61 14221/4
f 14138/42 14137/2 14222/7 14107/71
f 14108/32 14222/2 14223/7 14046/33
f 14052/1 14223/2 14032/7 14031/8
f 14046/1 14051/2 14022/7 14021/8
f 13926/22 13923/2 13860/7 14224/40
f 14224/1 13859/2 14225/7 14216/8
f 14055/1 14045/2 14026/7 14025/8
f 14226/1 14220/2 13729/7 14227/8
f 14045/1 14048/2 14027/7 14026/8
f 13931/1 13933/2 14228/3 14229/4
f 13952/1 13951/2 13868/7 13871/8
f 13806/1 13800/2 13803/7 13807/8
f 14050/1 14049/2 13930/3 13921/4
f 14106/1 14105/2 14054/7 14230/8
f 13858/1 13857/2 14231/7 14232/8
f 13933/1 13924/2 14217/3 14228/4
f 14233/1 13728/2 13732/3 14234/4
f 14235/1 12736/2 12739/3 13877/4
f 14043/1 14235/2 14008/7 14007/8
f 14047/1 14046/2 14021/7 14024/8
f 14105/1 14108/2 14046/7 14054/8
f 13923/1 13922/2 13857/7 13860/8
f 13922/1 13929/2 14236/3 14231/4
f 14068/1 14067/2 14036/7 14038/8
f 14153/1 14155/2 14067/3 14071/4
f 14077/1 13823/2 13826/3 13959/4
f 14089/1 14088/2 13889/34 13888/35
f 13856/1 13855/2 14237/7 14238/8
f 14237/1 14239/10 14240/11 14241/8
f 14242/1 14243/2 14244/7 14245/8
f 13788/1 13755/2 13758/7 13780/8
f 13719/1 13704/2 13707/3 13720/4
f 13913/1 13920/21 14246/20 13853/8
f 13854/1 14246/10 14247/11 14248/8
f 13786/1 13718/5 14249/9 13787/8
f 13756/1 14249/2 13721/7 13757/8
f 14028/59 14023/2 13917/7 13916/67
f 14048/32 14047/2 14024/7 14027/33
f 14250/1 14138/2 14107/7 14106/8
f 13859/1 13858/2 14232/7 14225/8
f 14150/22 14135/2 14061/3 14060/23
f 13936/1 13935/2 14251/3 14252/4
f 14074/1 14073/2 13950/3 13953/4
f 14254/1 14255/2 14256/7 14257/8
f 14258/1 14259/2 14260/7 14261/8
f 13750/1 13777/2 13781/7 13751/8
f 13705/1 13710/2 13713/3 13706/4
f 14194/1 14195/2 14179/7 14180/8
f 13777/1 13750/2 13749/7 13778/8
f 14241/1 14242/2 14255/7 14254/8
f 14243/1 14240/2 14259/7 14258/8
f 13787/1 13756/2 13755/7 13788/8
f 13728/1 14233/2 14227/7 13729/8
f 14192/1 14196/2 14182/7 14181/8
f 14257/1 14260/10 14197/11 14191/8
f 13751/1 13713/2 13712/7 13752/8
f 14245/1 14244/2 14261/7 14256/8
f 13780/1 13707/10 13706/11 13781/8
f 13757/1 13721/2 13720/7 13758/8
f 14262/48 13734/55 13733/7 13766/8
f 13765/1 14263/5 14264/9 14262/8
f 13746/1 13822/2 14263/7 13747/8
f 13735/81 14265/82 14234/7 13732/8
f 12834/1 13879/2 13840/7 12835/8
f 14194/1 14180/2 14182/7 14196/8
f 14243/1 14258/2 14261/7 14244/8
f 14041/1 13831/2 13834/7 13962/8
f 13764/1 13744/2 13747/34 13765/35
f 14157/1 14162/2 14078/3 14072/4
f 14073/1 14077/2 13959/3 13950/4
f 13951/1 13958/2 13875/7 13868/8
f 14164/1 14156/2 14114/7 14118/8
f 13961/1 13954/2 13869/7 13874/8
f 13741/59 14079/2 14042/7 13742/67
f 13768/32 14041/2 13962/7 13769/33
f 14267/1 14178/2 14179/7 14195/8
f 14268/1 14267/2 14197/3 14260/4
f 14239/1 14268/2 14259/7 14240/8
f 13920/1 13919/2 14221/3 14247/4
f 13835/1 10995/2 10998/3 13836/4
f 14170/1 14184/2 12831/7 12828/8
f 14200/1 13709/12 12747/13 12825/8
f 14173/1 13774/21 13773/20 14211/8
f 14186/1 14190/5 14175/9 14174/8
f 14267/1 14269/21 14183/20 14178/8
f 14238/48 14237/55 14187/7 14186/8
f 14239/48 13779/55 13775/7 14267/8
f 13710/1 13705/2 14269/7 13711/8
f 14248/1 13786/21 13779/20 14237/8
f 13718/1 14270/2 13704/7 13719/8
f 14221/1 14226/21 14270/20 14247/8
f 14232/1 14217/2 14216/7 14225/8
f 14236/1 14229/10 14228/11 14231/8
f 14251/1 14219/2 14218/7 14252/8
f 10998/1 11001/2 13794/7 13836/8
f 14187/1 14271/2 14257/3 14191/4
f 14271/1 14237/2 14241/7 14254/8
f 13855/1 13854/2 14248/7 14237/8
f 10786/32 14116/2 13956/34 13804/37
f 14063/1 14066/2 14037/7 14272/8
f 14272/1 14273/21 13947/20 13941/8
f 14155/1 14150/2 14060/3 14067/4
f 14067/1 14274/5 14273/9 14036/8
f 14112/32 14111/2 14274/7 14275/33
f 14275/1 14059/2 13942/3 13946/4
f 13949/1 13736/2 13739/7 13864/8
f 12836/1 13838/2 14200/7 12825/8
f 14175/1 14190/2 14192/3 14181/4
f 14255/1 14242/2 14245/7 14256/8
f 14079/1 14276/2 13832/7 14042/8
f 14276/1 10994/2 10956/3 13833/4
f 14154/1 14158/5 14075/6 14070/4
f 13737/1 13948/2 13873/7 13738/8
f 13734/1 14264/2 14265/7 13735/8
f 14159/42 14153/2 14277/7 14115/71
f 14110/22 14277/2 14071/7 14278/40
f 14278/1 14074/2 13953/3 13944/4
f 13957/1 13952/2 13871/7 13870/8
f 14116/1 14109/2 13945/34 13956/35
f 14025/1 14028/2 13916/7 13915/8
f 14059/42 14055/2 13915/3 13942/43
f 14156/1 14159/2 14115/7 14114/8
f 13954/1 13957/2 13870/7 13869/8
f 13798/1 13813/2 13816/7 13799/8
f 13801/1 13817/2 13820/7 13802/8
f 13929/1 13936/2 14252/3 14236/4
f 13940/1 13931/2 14229/3 14218/4
f 14030/1 14029/2 13937/7 13928/8
f 13894/1 13907/10 14238/61 14174/4
f 13907/1 13913/2 13853/7 13856/8
f 14109/1 14112/2 13946/34 13945/35
f 13814/1 14164/2 14118/7 13815/8
f 13818/1 13961/2 13874/7 13819/8
f 14065/1 14064/2 13943/3 13934/4
f 14069/1 14068/2 14038/7 14034/8
f 13935/1 13938/2 14219/3 14251/4
f 13730/1 13927/2 13866/7 14281/8
f 14281/1 13763/2 13766/34 13733/35
f 14282/1 14283/2 14284/3 14285/4
f 14286/1 14287/2 14288/7 14289/8
f 14290/1 14291/2 14292/7 14293/8
f 14296/1 14297/2 14298/7 14299/8
f 14308/1 14309/2 14310/7 14311/8
f 14318/1 14313/2 14312/7 14319/8
f 14320/1 14321/2 14322/7 14323/8
f 13821/1 14324/5 14325/76 13822/35
f 14330/1 14331/2 14332/3 14333/4
f 14336/1 14337/2 12964/7 12963/8
f 14338/1 4321/2 3513/7 14339/8
f 14340/1 14341/2 14342/7 14343/8
f 14344/1 14345/10 14346/11 14347/8
f 14348/7 14289/8 14288/1 14349/2
f 14357/1 14358/2 14359/7 14360/8
f 14364/1 14365/2 14361/7 14366/8
f 14367/50 14368/72 14369/7 14370/8
f 14371/48 14372/55 14373/7 14374/8
f 14379/7 14380/8 14377/1 14381/2
f 14382/1 14383/5 14372/9 14384/8
f 14385/9 14319/8 14312/1 14379/5
f 14386/1 14387/12 14383/13 14367/8
f 14324/9 13821/8 13872/1 14388/5
f 14333/1 3499/2 14387/7 14389/8
f 14390/1 4328/5 3499/9 14332/8
f 14414/1 14415/2 12910/7 12909/8
f 14416/1 14417/10 14418/11 14415/8
f 14419/1 14420/2 14421/7 14422/8
f 14423/1 3707/21 4326/20 14424/8
f 14425/1 14426/5 14427/9 14423/8
f 14428/48 14429/55 14430/7 14425/8
f 14431/1 14432/2 14433/7 14434/8
f 14435/7 14436/8 14437/1 14438/2
f 14439/1 4327/21 3721/20 14428/8
f 14440/7 14291/8 14290/1 14441/2
f 14294/7 14442/8 14443/1 14291/2
f 14445/7 14444/8 14440/1 14446/2
f 14447/11 14448/8 14449/1 14450/10
f 3741/13 14451/8 14452/1 3724/12
f 14453/1 14454/2 14455/7 14456/8
f 14457/9 14458/8 14451/1 14459/5
f 14460/9 14461/8 14462/1 3741/5
f 3749/13 14463/8 14458/1 14460/12
f 14464/9 14465/8 14466/1 14467/5
f 14468/1 14330/5 14469/9 14470/8
f 7580/1 14471/2 14331/7 14468/8
f 14473/36 14472/4 12931/1 12938/21
f 3803/3 14474/4 14475/1 3797/2
f 3811/11 14480/8 14481/1 3803/10
f 14488/9 14489/8 14490/1 14491/5
f 3826/3 14494/4 14493/1 3811/2
f 3836/61 14503/4 14501/1 3826/10
f 3862/9 14509/8 14510/1 3863/5
f 14511/11 14512/8 14513/1 3862/10
f 14514/9 7656/8 14512/1 14515/5
f 14521/1 14522/2 14523/3 14524/4
f 14527/1 14526/2 14528/7 14529/8
f 14480/1 14490/2 14531/7 14532/8
f 3707/22 14427/2 14541/7 14542/40
f 14543/1 14541/2 14343/7 14342/8
f 12910/1 14415/2 14545/7 12962/8
f 14546/1 14472/2 14416/3 14415/4
f 14547/1 14548/2 14549/3 14550/4
f 14551/1 14550/2 14552/7 14527/8
f 14553/1 14551/2 14529/3 14554/4
f 14359/1 14358/2 14555/7 14556/8
f 14361/1 14365/2 14559/7 14560/8
f 14472/1 14473/21 14561/20 14562/8
f 14562/1 14563/10 14417/11 14416/8
f 14422/1 14421/2 14568/7 14569/8
f 14568/1 3934/2 4321/7 14338/8
f 14548/42 14282/2 14285/3 14549/43
f 14573/1 14521/2 14524/3 14574/4
f 14575/1 14576/2 14577/7 14578/8
f 14579/1 14580/2 14581/34 14582/35
f 14583/1 14584/2 14431/7 14434/8
f 14585/1 14582/2 14586/3 14587/4
f 14584/1 14588/2 14589/3 14579/4
f 14588/1 14590/2 14445/7 14446/8
f 14591/1 14592/2 14593/7 14594/8
f 14590/1 14595/5 14596/6 14597/4
f 14596/1 14598/2 14599/3 14600/4
f 14379/1 14381/2 14601/18 14602/19
f 14385/1 14379/2 14603/34 14604/35
f 210/1 12867/2 14605/7 211/8
f 14608/1 14609/2 14610/7 14439/8
f 14611/1 3836/5 4327/6 14612/4
f 14582/32 14227/2 14613/3 14586/73
f 14441/1 14290/2 14293/7 14614/8
f 14432/1 14431/2 14579/7 14615/8
f 14616/32 14579/2 14617/7 14618/33
f 14360/1 14617/2 14582/3 14619/4
f 14618/1 14359/2 14556/7 14620/8
f 14621/1 14622/2 14436/7 14435/8
f 14287/1 14633/2 14349/7 14288/8
f 14634/1 14635/5 14636/9 14637/8
f 14576/1 14636/2 14638/7 14577/8
f 14641/1 14642/10 14345/11 14344/8
f 12896/1 14654/2 14655/3 14605/4
f 14475/1 14474/5 14658/9 14659/8
f 14654/1 14568/2 14338/7 14339/8
f 14421/1 14420/2 14660/7 14568/8
f 14665/1 14543/2 14342/7 14341/8
f 14447/1 14450/2 14672/7 14673/8
f 14673/1 14674/2 14376/7 14374/8
f 14371/1 14376/2 14675/3 14676/4
f 14469/1 14330/2 14333/3 14389/4
f 14526/1 14527/2 14552/7 14678/8
f 14637/1 14576/2 14575/7 14680/8
f 14227/1 14582/10 14581/11 14681/8
f 14585/1 14685/2 14619/7 14582/8
f 14693/1 14694/2 14695/7 14689/8
f 14696/1 14676/10 14675/11 14697/8
f 14698/1 14699/2 14700/7 14701/8
f 14452/1 14463/10 14367/61 14370/4
f 14707/1 14708/2 14386/7 14367/8
f 14234/1 14587/10 14586/11 14613/8
f 14709/1 14297/2 14296/7 14234/8
f 14710/1 14711/5 14712/9 14713/8
f 14591/1 14714/2 14711/7 14592/8
f 14715/1 14309/2 14308/7 14716/8
f 14717/1 14718/5 14714/9 14719/8
f 14265/1 14602/10 14601/11 14715/8
f 14720/1 14323/2 14322/7 14265/8
f 14481/1 14480/2 14532/7 14723/8
f 14430/1 14724/2 14344/3 14347/4
f 14724/1 14429/2 14726/7 14641/8
f 14500/1 14503/2 14609/7 14727/8
f 14732/1 14733/2 14693/7 14689/8
f 14736/1 14737/2 14698/7 14701/8
f 14513/1 7656/5 7580/6 14470/4
f 14739/1 12888/2 12964/7 14337/8
f 14622/1 14740/2 14437/7 14436/8
f 14741/1 14742/2 14743/3 14744/4
f 14453/1 14456/2 14745/7 14746/8
f 14748/1 14318/2 14319/7 13872/8
f 14263/1 14320/2 14323/7 14720/8
f 14388/1 14385/2 14604/34 14749/35
f 14708/1 14751/21 14389/20 14386/8
f 14465/1 14469/10 14751/11 14752/8
f 14509/1 14513/2 14470/3 14464/4
f 14473/22 12938/2 12930/7 14561/40
f 14309/1 14717/2 14757/7 14310/8
f 14756/1 14596/2 14381/7 14377/8
f 14595/1 14758/12 14454/13 14759/8
f 14759/1 14453/21 14746/20 14596/8
f 14600/1 14760/2 14718/34 14601/35
f 14761/1 14736/2 14701/7 14696/8
f 14384/1 14371/2 14676/3 14700/4
f 14442/1 14294/2 14295/7 14764/8
f 14444/1 14445/2 14597/7 14765/8
f 14366/1 14361/2 14560/7 14766/8
f 14768/1 14741/2 14744/3 14769/4
f 14297/1 14709/2 14775/7 14298/8
f 14592/1 14710/2 14777/7 14593/8
f 14448/1 14452/2 14370/3 14369/4
f 14772/1 14732/2 14689/7 14695/8
f 3724/1 14447/2 14374/3 14373/4
f 14270/1 14226/2 14227/7 14681/8
f 14227/1 14233/2 14234/3 14613/4
f 14443/1 14442/2 14764/7 14779/8
f 14709/1 14716/2 14780/7 14775/8
f 13927/1 13949/2 13864/7 13866/8
f 13948/1 14748/2 13872/7 13873/8
f 14264/1 14263/2 14720/7 14265/8
f 14471/1 7579/2 7837/7 14781/8
f 14781/1 2515/5 4328/9 14390/8
f 14545/1 14782/2 12887/7 12962/8
f 14739/1 14783/12 12969/13 12888/8
f 14569/48 14568/55 12896/7 12895/8
f 14547/20 14283/8 14282/1 14548/21
f 14660/1 4212/2 3934/7 14568/8
f 14784/47 13895/8 13896/1 14785/46
f 14786/11 13904/8 13895/1 14787/10
f 14788/9 14789/8 14790/1 14784/5
f 14665/1 14791/2 14542/7 14543/8
f 14792/47 13909/8 13904/1 14788/46
f 14286/7 13912/8 13909/1 14287/2
f 14794/20 14795/8 14633/1 14792/21
f 14726/1 14796/10 14642/11 14641/8
f 14579/11 13918/8 13912/1 14580/10
f 14615/1 14797/21 14798/20 14799/8
f 14292/7 14779/8 13918/1 14293/2
f 14589/7 14802/8 14614/1 14579/2
f 14803/1 14804/5 14797/9 14616/8
f 14741/1 14811/2 14804/7 14742/8
f 14812/48 14674/54 14672/11 14813/8
f 14304/3 13949/4 14764/1 14295/2
f 14596/3 14756/4 14765/1 14597/2
f 14814/1 14815/5 14811/9 14768/8
f 14596/1 14746/21 14745/20 14598/8
f 14817/7 14313/8 14304/1 14756/2
f 14318/7 14748/8 13948/1 14313/2
f 14752/7 14708/8 14707/1 14818/2
f 14821/11 14822/8 12930/1 12968/10
f 14823/9 14824/8 12927/1 158/5
f 14563/1 14561/2 14822/7 14825/8
f 14658/3 14826/4 14824/1 14659/2
f 14532/7 14531/8 14827/1 14723/2
f 14622/20 14584/8 14583/1 14740/21
f 14609/7 14608/8 14828/1 14727/2
f 14829/13 14588/8 14584/1 14621/12
f 14830/9 14590/8 14588/1 14831/5
f 14832/9 14833/8 14834/1 14829/5
f 14758/56 14595/4 14590/1 14832/12
f 14420/1 4326/2 4212/7 14660/8
f 14283/1 13896/2 14183/3 14284/4
f 14550/22 14573/2 14855/7 14552/40
f 14678/1 14855/2 14574/7 14856/8
f 14785/1 14547/2 14550/3 14857/4
f 14826/22 14827/2 14424/7 14419/40
f 14474/22 14481/2 14723/7 14658/40
f 12887/1 14782/2 14336/7 12963/8
f 14794/42 14785/2 14857/3 14858/43
f 14803/1 14616/2 14620/3 14859/4
f 14814/1 14768/2 14769/3 14860/4
f 14861/1 14546/2 14415/3 14414/4
f 14415/1 14862/44 14783/45 14545/8
f 14782/1 14739/2 14337/7 14336/8
f 14825/1 14821/21 14862/20 14418/8
f 14339/1 3513/2 4322/7 14655/8
f 3797/1 14475/2 14659/7 14823/8
f 12954/1 14861/2 14414/3 12909/4
f 14526/1 14678/2 14856/7 14528/8
f 14635/1 14865/2 14866/3 14638/4
f 14433/1 14432/2 14615/7 14799/8
f 14357/1 14360/2 14619/3 14685/4
f 14766/1 14867/2 14712/34 14711/35
f 14364/1 14366/2 14711/18 14714/19
f 14760/1 14868/2 14714/34 14718/35
f 14522/1 14869/2 14870/3 14523/4
f 14869/1 14634/2 14637/7 14680/8
f 14633/1 14795/2 14348/7 14349/8
f 14440/1 14441/2 14614/7 14802/8
f 14710/1 14713/2 14871/7 14777/8
f 14717/1 14719/2 14872/7 14757/8
f 14817/1 14756/2 14377/7 14380/8
f 14324/1 14388/2 14749/34 14325/35
f 14291/1 14443/2 14779/7 14292/8
f 14713/1 14296/2 14299/7 14871/8
f 14446/1 14440/2 14802/7 14589/8
f 14685/1 14585/2 14587/3 14712/4
f 14358/1 14357/2 14867/7 14555/8
f 14742/1 14803/2 14859/3 14743/4
f 14878/1 14449/2 14813/7 14805/8
f 14450/1 14879/2 14809/7 14672/8
f 14580/1 14794/10 14858/61 14880/4
f 14505/1 14500/2 14727/7 14828/8
f 14429/1 3721/10 14796/11 14726/8
f 14880/32 14270/2 14681/7 14581/33
f 14795/1 14286/2 14289/7 14348/8
f 14740/42 14583/2 14434/7 14437/71
f 14438/42 14433/2 14799/7 14798/71
f 14680/1 14575/2 14578/7 14870/8
f 14865/1 14553/2 14554/3 14866/4
f 14426/1 14430/2 14347/3 14340/4
f 14791/1 14665/2 14341/7 14346/8
f 3704/1 3707/2 14542/7 14791/8
f 3716/1 3704/2 14346/3 14345/4
f 3721/1 3716/2 14642/7 14796/8
f 3746/42 3724/2 14373/3 14387/43
f 2515/22 4172/2 14387/7 4328/40
f 14821/1 12968/2 12969/3 14783/4
f 14827/1 14531/2 14423/7 14424/8
f 14490/1 14505/10 14428/61 14423/4
f 14828/1 14608/2 14439/7 14428/8
f 14449/1 14448/2 14770/7 14813/8
f 14812/1 14770/2 14369/7 14894/8
f 14894/1 14896/2 14696/3 14697/4
f 14896/1 14368/2 14897/7 14761/8
f 14466/1 14465/2 14752/7 14818/8
f 14524/1 14528/2 14856/7 14574/8
f 14870/1 14554/10 14529/11 14523/8
f 14577/1 14638/2 14866/7 14578/8
f 14320/1 14604/5 14603/9 14321/8
f 13822/1 14325/5 14749/9 14263/8
f 12927/1 14898/5 14569/6 12895/4
f 14898/1 14826/2 14419/7 14422/8
f 14427/1 14426/2 14340/3 14343/4
f 14900/1 14772/2 14695/7 14694/8
f 14382/1 14384/2 14700/3 14699/4
f 14510/1 14509/2 14464/3 14467/4
f 14331/1 14471/2 14390/3 14332/4
f 14298/1 14777/2 14871/7 14299/8
f 14780/1 14594/10 14593/11 14775/8
f 14310/1 14757/2 14872/7 14311/8
f 14563/1 14825/2 14418/7 14417/8
f 14435/1 14438/2 14798/7 14797/8
f 14901/32 14621/2 14797/3 14815/73
f 14758/1 14901/2 14455/7 14454/8
f 14655/1 4322/2 211/7 14605/8
f 14284/1 14550/21 14549/20 14285/8
f 14269/1 14521/10 14573/11 14183/8
f 14553/48 14903/55 14857/7 14550/8
f 13704/48 14634/52 14522/9 14269/8
f 14635/1 14904/5 14903/9 14865/8
f 14270/1 14858/46 14904/47 13704/8
f 14555/1 14859/2 14620/7 14556/8
f 14766/1 14744/10 14743/11 14867/8
f 14559/1 14860/2 14769/7 14560/8
f 14900/7 14733/8 14732/1 14772/2
f 14760/7 14600/8 14599/1 14868/2
f 14897/1 14737/2 14736/7 14761/8
f 14313/1 14817/2 14380/7 14312/8
f 14321/1 14603/5 14602/9 14322/8
f 14463/1 14466/2 14818/7 14707/8
f 14368/1 14382/5 14906/9 14897/8
f 14737/1 14906/2 14699/7 14698/8
f 3863/22 14510/2 14467/3 3749/23
f 14716/1 14308/2 14311/7 14780/8
f 14719/1 14591/2 14594/7 14872/8
f 14598/1 14814/10 14907/11 14908/8
f 14908/1 14364/2 14868/7 14599/8
f 14365/1 14907/2 14860/7 14559/8
f 14456/1 14455/2 14815/7 14745/8
f 14909/1 14812/2 14697/34 14693/35
f 14674/1 14910/2 14694/34 14675/35
f 14929/1 14930/2 14931/7 14932/8
f 14933/1 14934/2 14935/34 14936/35
f 14930/1 14937/10 14938/61 14939/4
f 14940/1 14941/2 14942/34 14943/35
f 14944/1 14945/2 14946/7 14947/8
f 14952/22 14945/2 14946/7 14953/40
f 14954/1 14961/2 14962/7 14963/8
f 14967/1 14968/2 14953/3 14969/4
f 14970/1 14971/2 14974/7 14975/8
f 14967/1 14979/2 14980/7 14981/8
f 14983/1 14984/2 14985/7 14982/8
f 14986/1 14987/2 14988/7 14989/8
f 14990/1 14987/2 14988/7 14991/8
f 14992/1 14993/2 14994/34 14995/35
f 14996/1 14997/2 14998/34 14999/35
f 15000/1 15001/2 15002/7 15003/8
f 15004/1 15005/2 15006/7 15007/8
f 14993/1 15008/2 15009/34 14994/35
f 15010/1 11906/2 12085/7 15011/8
f 15017/1 14169/2 12766/7 13024/8
f 15018/1 15019/2 15020/7 15021/8
f 15028/1 15029/2 15030/7 15023/8
f 15031/1 15032/10 15033/11 15034/8
f 15035/1 15036/2 15037/7 15038/8
f 11918/1 15039/2 15040/7 11919/8
f 15043/1 15044/2 15045/7 15046/8
f 12077/1 15047/5 15048/9 11918/8
f 15054/1 15055/10 15056/11 15057/8
f 15058/1 15059/2 15047/7 15060/8
f 15062/7 14971/8 14970/1 15063/2
f 15064/1 15065/2 15066/7 15067/8
f 11927/48 15068/52 15059/9 12081/8
f 14983/7 15069/8 15061/1 14971/2
f 15071/7 15070/8 15062/1 15072/2
f 15073/7 14984/8 14983/1 15070/2
f 15116/1 15113/2 13043/7 13042/8
f 15117/1 15118/2 15119/7 15120/8
f 15122/1 15121/5 15123/9 15124/8
f 15131/7 15132/8 15133/1 15134/2
f 15135/1 15136/2 15137/7 15138/8
f 15143/1 14032/10 15144/11 15140/8
f 15145/7 11974/8 11975/1 15146/2
f 15147/1 15148/5 15149/9 15150/8
f 15151/62 11985/19 11974/1 15152/5
f 15153/48 15154/55 15155/7 15147/8
f 15156/1 15157/21 15158/20 15153/8
f 14090/11 15161/8 15162/1 15163/10
f 15167/9 15168/8 15169/1 15170/5
f 15171/7 15172/8 15173/1 14090/2
f 14931/1 15176/2 15177/7 14932/8
f 14222/34 15178/35 15179/1 15180/2
f 15187/9 15188/8 15189/1 15190/5
f 15191/61 15192/4 15188/1 15193/10
f 12084/1 13633/2 15011/7 12085/8
f 14090/1 15163/2 13880/34 13891/35
f 15194/1 15195/2 15171/7 15180/8
f 15196/1 15197/2 15033/7 15032/8
f 15198/1 14089/2 13888/34 15199/35
f 14222/1 15198/2 15144/3 14032/4
f 15200/1 14032/2 15201/7 15202/8
f 14029/1 15200/2 15056/3 15055/4
f 14062/1 14065/2 15158/7 15157/8
f 15203/1 15204/2 15205/3 15206/4
f 15207/1 15208/2 15209/3 15210/4
f 15214/42 14929/2 14932/7 15167/71
f 15215/32 14933/2 14936/34 15216/37
f 15168/1 15177/2 15217/7 15218/8
f 15219/1 15220/2 15034/7 15028/8
f 15195/1 15221/2 15172/7 15171/8
f 15197/1 15222/2 15029/7 15033/8
f 13050/1 15226/2 15116/7 13042/8
f 15231/1 15214/2 15167/7 15170/8
f 15229/1 15219/2 15028/7 15023/8
f 15232/22 15233/2 15234/34 15235/41
f 15236/1 15237/2 15035/7 15038/8
f 15238/1 15239/2 15235/38 15240/39
f 15241/1 15238/2 15242/34 15243/35
f 15149/1 15148/2 15043/3 15046/4
f 15244/1 15241/2 15245/28 15246/29
f 15249/22 15250/2 15246/34 15251/41
f 15247/1 15252/2 15064/7 15067/8
f 11929/1 15253/10 15019/11 15254/8
f 15254/1 15018/5 15255/9 12064/8
f 15263/1 15264/2 15265/3 15253/4
f 15266/1 15267/2 15268/3 15269/4
f 15118/1 15117/2 15272/7 15273/8
f 15163/32 15162/2 15274/7 14044/33
f 15275/22 15274/2 15124/7 15123/40
f 15169/1 15168/2 15279/34 15280/35
f 15218/1 15281/5 15282/6 15279/4
f 15283/1 15284/2 15285/7 15286/8
f 15287/1 15288/2 15289/7 15290/8
f 15293/1 15294/2 15295/7 15296/8
f 15297/1 15298/2 15299/7 15300/8
f 15301/1 15302/2 15303/3 15304/4
f 15302/1 15307/2 15147/7 15150/8
f 15308/1 15306/2 15305/7 15309/8
f 15310/1 15311/2 15312/7 15313/8
f 15189/1 15192/10 15156/61 15147/4
f 15071/1 15072/2 15318/7 15319/8
f 15320/1 15321/2 15322/7 15323/8
f 15324/1 15325/2 15326/34 15327/35
f 15335/1 14954/2 14963/7 15336/8
f 14937/1 15337/2 15338/3 14938/4
f 15341/1 15297/2 15300/7 15342/8
f 15150/1 15143/2 15343/7 15303/8
f 15344/1 15242/2 15240/34 15345/35
f 15146/1 11975/2 11919/3 15040/4
f 15346/1 15347/2 15348/7 15349/8
f 15350/1 15351/2 15352/7 15353/8
f 15335/1 15358/2 15354/7 15336/8
f 15359/1 15360/2 15361/7 15362/8
f 15363/1 15293/2 15296/7 15364/8
f 14032/22 15149/2 15365/7 15201/40
f 15366/1 15365/2 15046/7 15045/8
f 14137/1 15367/2 15178/7 14222/8
f 15132/1 15135/21 15368/20 15369/8
f 15370/1 15371/21 15136/20 15131/8
f 15237/1 15376/2 15036/7 15035/8
f 15377/32 15378/2 15379/34 15380/37
f 15381/32 14940/2 15382/3 15383/73
f 15384/1 15382/2 14943/7 15385/8
f 15386/1 14944/2 14947/7 15387/8
f 15281/1 15388/2 15389/3 15282/4
f 15383/1 15283/2 15286/7 15390/8
f 15391/1 15287/2 15290/7 15392/8
f 15353/1 15361/2 15393/7 15394/8
f 15395/1 15396/10 15362/11 15352/8
f 15397/1 15398/2 15399/7 15400/8
f 15401/11 15402/8 15378/1 15377/10
f 15349/9 15403/8 15404/1 15405/5
f 15336/7 15354/8 15406/1 15401/2
f 15407/7 15408/8 15403/1 15348/2
f 14962/7 15411/8 15336/1 14963/2
f 15412/9 15413/8 15408/1 15409/5
f 15414/7 15415/8 15410/1 15411/2
f 15416/11 15417/8 15418/1 15414/10
f 15419/1 15420/5 15416/9 15421/8
f 15422/1 15423/5 15424/9 15425/8
f 15426/1 14987/2 14986/7 15420/8
f 15427/1 15428/2 15429/7 15422/8
f 14990/1 15430/2 15431/7 14987/8
f 14999/1 15004/5 15432/9 15427/8
f 15005/1 15009/5 15430/9 15433/8
f 15434/1 14995/10 14994/11 14998/8
f 14935/1 15435/10 15216/11 14936/8
f 15436/1 15386/5 15437/9 15438/8
f 15287/1 15439/5 15234/9 15288/8
f 15440/1 14945/2 14944/7 15436/8
f 15441/1 15235/2 15439/7 15391/8
f 15442/1 15341/2 15443/7 14945/8
f 15297/1 15240/5 15235/9 15298/8
f 14952/1 15444/10 15345/11 15442/8
f 15445/1 15313/2 15312/7 15446/8
f 14980/1 15447/10 15448/11 14981/8
f 15449/1 15323/2 15322/7 15450/8
f 15451/1 15452/2 13084/7 13083/8
f 15455/11 14941/8 14940/1 15381/10
f 15456/9 15457/8 15458/1 15459/5
f 15238/9 15296/8 15295/1 15239/5
f 14959/7 15460/8 15457/1 14960/2
f 15241/7 15461/8 15364/1 15238/2
f 15244/9 15309/8 15305/1 15241/5
f 12082/1 15464/2 15465/7 12078/8
f 15473/7 15474/8 15475/1 15476/2
f 15001/7 15000/8 15473/1 15472/2
f 15283/7 15384/8 15477/1 15284/2
f 15482/1 15483/2 15484/7 15485/8
f 15249/3 15486/4 15487/1 15250/2
f 15488/1 15327/2 15326/7 15489/8
f 15490/1 15491/2 15119/7 15118/8
f 15492/32 15490/2 15273/3 15493/73
f 15371/1 15492/2 15137/7 15136/8
f 15495/1 15346/2 15349/7 15405/8
f 15496/1 15350/2 15353/7 15394/8
f 15499/1 15500/2 15412/7 15409/8
f 15501/1 15502/2 15397/7 15400/8
f 15504/1 15505/2 15419/34 15421/35
f 15475/1 15474/2 15506/7 15507/8
f 15429/1 15428/2 15508/7 15509/8
f 14997/1 15510/2 15434/34 14998/35
f 15512/1 15266/2 15269/3 15513/4
f 15515/1 15207/2 15210/3 15516/4
f 15404/1 15413/10 15517/109 15518/35
f 15474/1 15473/2 15520/7 15506/8
f 15428/1 15432/2 15521/7 15508/8
f 15523/1 15324/10 15524/61 15522/4
f 15433/1 14990/2 14991/7 15525/8
f 15526/1 15524/2 15327/7 15488/8
f 15069/1 14983/2 14982/7 15528/8
f 15420/1 14986/2 14989/7 15529/8
f 15070/1 15071/2 15319/7 15530/8
f 15531/1 15320/2 15323/7 15449/8
f 15192/1 15191/10 15532/11 15533/8
f 15533/1 14062/21 15157/20 15156/8
f 15486/1 15249/2 15251/34 15534/35
f 15505/1 15535/2 15425/34 15419/35
f 15420/1 15424/2 15538/7 15529/8
f 15451/1 13083/2 13086/7 15539/8
f 15145/1 15146/2 15040/3 15039/4
f 15058/1 15060/2 15465/3 15464/4
f 13593/1 15010/2 15011/7 13633/8
f 15413/1 15418/2 15542/34 15517/35
f 15500/1 15544/2 15415/7 15412/8
f 15502/1 15545/2 15398/7 15397/8
f 15549/1 14967/2 14969/3 15550/4
f 15551/1 15247/2 15067/7 15054/8
f 15552/1 15244/2 15250/3 15487/4
f 15553/1 13937/2 15055/7 15066/8
f 15060/1 12077/2 12078/3 15465/4
f 15554/1 15543/2 15462/7 15555/8
f 15556/1 15548/2 15485/7 15484/8
f 15063/1 14970/2 14975/7 15557/8
f 15558/1 14967/2 14981/7 15445/8
f 15559/1 15308/2 15309/7 15552/8
f 15560/1 15310/2 15313/7 15448/8
f 15561/1 13033/2 13096/3 15562/4
f 15253/1 15561/2 15020/7 15019/8
f 15563/1 15263/2 15253/3 15561/4
f 15564/1 15203/2 15206/3 15565/4
f 15566/1 15370/2 15131/7 15134/8
f 15177/1 15176/2 15570/7 15217/8
f 15477/1 15384/2 15385/7 15571/8
f 15437/1 15386/2 15387/7 15572/8
f 15388/1 15573/2 15574/3 15389/4
f 15576/1 15577/2 15456/7 15459/8
f 15443/1 15341/2 15342/7 15578/8
f 15337/1 15579/2 15580/3 15338/4
f 15581/1 15558/2 15445/7 15446/8
f 15062/1 15063/2 15557/7 15582/8
f 15583/1 15531/2 15449/7 15450/8
f 15073/1 15070/2 15530/7 15584/8
f 15488/1 15489/2 15431/3 15430/4
f 15008/1 15526/2 15430/34 15009/35
f 15585/1 15586/2 15436/34 15438/35
f 15440/1 15436/2 15380/7 15587/8
f 15586/1 15588/2 15401/7 15377/8
f 15458/1 15460/5 15589/9 15590/8
f 15479/1 15333/2 15336/3 15401/4
f 15591/1 15335/2 15336/7 15411/8
f 15592/1 15359/2 15362/7 15396/8
f 15333/1 15481/2 15591/7 15335/8
f 15594/1 15554/2 15555/7 15460/8
f 15589/1 15556/2 15414/34 15411/35
f 15595/1 15549/2 15550/3 15596/4
f 15484/1 15483/2 15416/3 15414/4
f 15061/1 15069/2 15528/7 15598/8
f 15416/1 15420/2 15529/7 15595/8
f 15426/1 15420/2 15529/7 15599/8
f 15600/1 15523/2 15472/7 15601/8
f 15001/1 15472/2 15522/7 15002/8
f 15005/1 15433/2 15525/7 15006/8
f 15510/1 14992/10 14995/109 15434/35
f 15253/61 11929/4 11898/1 13033/10
f 15253/1 15272/10 15602/11 15561/8
f 15222/50 15197/72 13883/7 15603/8
f 15604/1 15605/5 15267/9 15265/8
f 15512/1 15606/5 15273/9 15266/8
f 15608/1 15203/2 15564/7 15604/8
f 15208/1 15609/2 15606/7 15610/8
f 15279/1 15219/5 15229/9 15280/8
f 15611/1 15612/5 15204/9 15608/8
f 15515/1 15493/5 15609/9 15207/8
f 15613/1 15614/2 15220/7 15279/8
f 15369/1 15368/21 15615/20 15611/8
f 15282/1 15237/5 15236/9 15613/8
f 15376/1 13888/2 15196/7 15616/8
f 15574/1 15199/12 13888/13 15389/8
f 15303/1 15343/2 15617/7 15304/8
f 15618/1 15202/2 15201/7 15366/8
f 15620/1 15252/2 15247/7 15551/8
f 15621/1 13934/2 13937/7 15553/8
f 15622/9 15226/8 13050/1 13049/5
f 15490/20 15263/8 15563/1 15491/21
f 14044/7 15275/8 15623/1 15622/2
f 15624/13 15625/8 15264/1 15490/12
f 15626/9 15627/8 15625/1 15628/5
f 15629/9 15630/8 15631/1 15624/5
f 15492/13 15632/8 15627/1 15629/12
f 15570/1 15633/2 15218/7 15217/8
f 15371/20 15370/8 15566/1 15492/21
f 15634/1 15281/5 15633/9 14939/8
f 15635/1 15573/2 15388/7 15634/8
f 14938/1 15302/5 15301/9 15635/8
f 15580/1 15307/2 15302/7 15338/8
f 15636/1 14070/2 14062/7 15532/8
f 15221/7 15214/8 15231/1 15638/2
f 15641/20 14930/8 14929/1 15214/21
f 15194/7 15642/8 15221/1 15195/2
f 15643/13 15644/8 14930/1 15642/12
f 15647/9 15648/8 15644/1 15649/5
f 15650/9 15651/8 15652/1 15643/5
f 15367/13 14937/8 15648/1 15650/12
f 15657/13 15579/8 15337/1 14137/12
f 14154/18 15658/19 15659/1 15657/2
f 15605/1 15564/2 15565/3 15660/4
f 15610/1 15512/2 15513/3 15661/4
f 15161/1 15169/2 15662/3 15122/4
f 15121/32 15662/2 15280/7 15607/33
f 15638/1 15231/2 15170/7 15173/8
f 15607/1 15229/2 15023/7 15030/8
f 12061/1 15663/5 15452/9 12062/8
f 12062/1 15451/2 15539/7 15664/8
f 15021/1 15020/2 15562/7 15663/8
f 15226/1 15623/2 15113/7 15116/8
f 15603/1 13883/2 14169/7 15017/8
f 15491/42 15563/2 15666/7 15119/71
f 15120/32 15666/2 15561/7 15602/33
f 13043/1 15113/2 15017/3 13024/4
f 15623/1 15275/2 15262/3 15603/4
f 15123/1 15121/2 15607/7 15262/8
f 15221/1 15638/2 15173/7 15172/8
f 15222/1 15607/2 15030/7 15029/8
f 15367/32 15642/2 15179/7 15178/33
f 15376/1 15616/2 15037/7 15036/8
f 15618/1 15366/2 15045/7 15044/8
f 15621/1 15553/2 15066/7 15065/8
f 15667/1 15668/5 15191/9 15193/8
f 15668/1 15658/2 15636/3 15532/4
f 15162/1 15161/2 15122/3 15124/4
f 15669/1 15215/2 15216/34 15435/35
f 15220/1 15614/2 15031/7 15034/8
f 15455/1 15381/2 15390/34 15670/35
f 15441/1 15391/2 15392/7 15671/8
f 15143/1 15140/2 15617/7 15343/8
f 15672/1 15363/2 15364/7 15461/8
f 15673/1 15344/2 15345/34 15444/35
f 15155/1 15674/2 15054/3 15057/4
f 15675/22 15559/2 15487/34 15486/41
f 15676/1 15560/2 15448/7 15447/8
f 15674/1 15154/2 15620/7 15551/8
f 15677/1 15675/2 15534/38 15678/39
f 15679/1 15499/2 15409/7 15407/8
f 15680/1 15501/2 15400/7 15395/8
f 15683/1 15591/2 15411/7 15410/8
f 15684/1 15592/2 15396/7 15399/8
f 14968/1 15581/2 15446/7 14952/8
f 15579/1 15685/10 15190/11 15686/8
f 15686/1 15189/2 15307/7 15580/8
f 15306/1 15672/2 15461/7 15305/8
f 15311/1 15687/2 15444/7 15312/8
f 15152/1 15145/2 15039/3 15048/4
f 14956/1 15594/2 15460/7 14959/8
f 14961/1 15591/2 15411/7 14962/8
f 15148/1 15155/2 15057/3 15043/4
f 15243/1 15673/2 15687/3 15245/4
f 15202/1 15618/2 15044/7 15056/8
f 11901/1 12062/2 15664/7 11892/8
f 14945/1 15443/2 15578/7 14946/8
f 15573/1 15301/2 15304/3 15574/4
f 15298/1 15441/2 15671/7 15299/8
f 15140/1 15144/10 15199/11 15617/8
f 15402/1 15404/2 15518/34 15688/35
f 15689/1 15495/2 15405/7 15406/8
f 15690/1 15496/2 15394/7 15393/8
f 14941/1 15458/2 15590/7 14951/8
f 14948/1 15479/2 15588/7 14942/8
f 14945/1 15440/2 15587/7 14946/8
f 15294/1 15576/2 15459/7 15295/8
f 15239/1 15455/2 15670/34 15232/35
f 15632/1 15566/2 15134/7 15133/8
f 15612/1 15515/2 15516/3 15691/4
f 15138/1 15137/2 15493/7 15615/8
f 15614/1 15236/2 15038/7 15031/8
f 15642/1 15194/2 15180/7 15179/8
f 15616/1 15196/2 15032/7 15037/8
f 14934/1 15585/2 15438/34 14935/35
f 15176/1 14931/2 14939/7 15570/8
f 15284/1 15477/2 15571/7 15285/8
f 15288/1 15437/2 15572/7 15289/8
f 15233/1 15669/2 15435/34 15234/35
f 14967/1 15558/2 15581/7 14968/8
f 15310/1 15246/5 15245/9 15311/8
f 15595/1 14979/2 14967/7 15549/8
f 15676/1 15692/2 15246/7 15560/8
f 15529/1 15531/5 15583/9 15595/8
f 15320/1 15251/5 15692/9 15321/8
f 15693/1 15599/2 15529/7 15538/8
f 14988/1 15678/10 15534/11 14989/8
f 15508/1 14991/10 14988/11 15509/8
f 15007/1 15006/2 15525/7 15521/8
f 15387/1 15290/2 15289/7 15572/8
f 15688/1 15587/10 15380/11 15379/8
f 14946/1 15671/10 15392/11 14947/8
f 15694/1 15350/5 15496/9 15518/8
f 15360/1 15695/5 14946/9 15690/8
f 15342/1 15300/2 15299/7 15578/8
f 15696/1 15680/2 15351/7 15694/8
f 15592/1 14953/2 15695/7 15359/8
f 15517/1 15502/5 15501/9 15696/8
f 15545/1 14969/5 14953/9 15684/8
f 15697/1 15596/10 15550/11 15542/8
f 15664/1 15539/2 13086/7 11892/8
f 15536/7 15505/8 15504/1 15698/2
f 15699/9 15700/8 15535/1 15536/5
f 15506/7 15701/8 15700/1 15507/2
f 15003/9 14996/8 15701/1 15520/5
f 15008/9 15002/8 15522/1 15526/5
f 14992/11 15510/8 14997/1 14993/10
f 15669/11 14934/8 14933/1 15215/10
f 15385/9 15586/8 15585/1 15571/5
f 15702/9 15286/8 15285/1 15233/5
f 14942/7 15588/8 15586/1 14943/2
f 15232/7 15670/8 15390/1 15702/2
f 15358/7 15346/8 15495/1 15689/2
f 15499/7 15679/8 15347/1 15346/2
f 15591/7 15683/8 15358/1 15335/2
f 15591/1 14961/2 14954/7 15335/8
f 15673/1 15243/2 15242/7 15344/8
f 15544/7 15500/8 15499/1 15683/2
f 15358/1 15689/2 15406/7 15354/8
f 15360/1 15690/2 15393/7 15361/8
f 15544/1 15683/2 15410/7 15415/8
f 15545/1 15684/2 15399/7 15398/8
f 15462/1 15467/2 15482/3 15485/4
f 15467/1 15469/2 15536/7 15698/8
f 15527/1 15704/2 15476/7 15469/8
f 15424/1 15423/2 15693/7 15538/8
f 15473/1 15000/2 15003/7 15520/8
f 15432/1 15004/2 15007/7 15521/8
f 15117/1 15120/2 15602/7 15272/8
f 15208/1 15610/2 15661/3 15209/4
f 15135/1 15138/2 15615/7 15368/8
f 15378/1 15402/2 15688/34 15379/35
f 15347/1 15679/2 15407/7 15348/8
f 15351/1 15680/2 15395/7 15352/8
f 15418/1 15417/2 15697/34 15542/35
f 15535/1 14996/10 14999/109 15425/35
f 15663/1 13095/2 13084/7 15452/8
f 15018/1 15021/2 15663/7 15255/8
f 15264/1 15632/10 15611/61 15265/4
f 15133/1 15132/2 15369/7 15611/8
f 15151/42 15152/2 15048/3 15068/43
f 15663/1 15562/2 13096/7 13095/8
f 12064/1 15255/5 15663/9 12061/8
f 15660/1 15513/2 15269/7 15268/8
f 15206/1 15209/10 15661/11 15565/8
f 15691/1 15516/2 15210/7 15205/8
f 15293/7 15577/8 15576/1 15294/2
f 15672/7 15306/8 15293/1 15363/2
f 15308/11 15554/8 15594/1 15306/10
f 14974/9 15703/8 15543/1 14975/5
f 15705/9 15582/8 15557/1 15559/5
f 15675/7 15319/8 15318/1 15705/2
f 14985/9 15704/8 15527/1 14982/5
f 15677/9 15584/8 15530/1 15675/5
f 15324/11 15523/8 15600/1 15325/10
f 11985/1 15151/5 15068/6 11927/4
f 15704/1 15600/2 15601/7 15476/8
f 14984/1 15073/2 15584/7 14985/8
f 14987/1 15706/10 15678/11 14988/8
f 15489/1 15707/5 15706/6 15431/4
f 15325/1 15677/2 15707/34 15326/35
f 15658/1 14154/2 14070/3 15636/4
f 15476/1 15475/2 15507/7 15699/8
f 15423/1 15429/2 15509/7 15693/8
f 14987/1 15426/2 15599/7 14988/8
f 15267/1 15605/2 15660/3 15268/4
f 15204/1 15612/2 15691/3 15205/4
f 12081/1 15058/2 15464/3 12082/4
f 15417/1 15416/10 15596/109 15697/35
f 14979/1 15583/2 15450/7 14980/8
f 15321/1 15676/2 15447/7 15322/8
f 15154/1 15158/10 13934/11 15620/8
f 15252/1 15621/2 15065/7 15064/8
f 15698/1 15504/2 15708/7 15482/8
f 15483/22 15708/2 15421/3 15416/23
f 14971/1 15061/2 15598/7 14974/8
f 15072/1 15062/2 15582/7 15318/8

usemtl minecraft_block-copper_ore

f 932/1 935/2 842/7 933/8

usemtl minecraft_block-coal_ore

f 5739/22 5723/2 5975/7 5976/40
f 6013/48 6010/55 6012/7 6014/8
f 5727/1 5720/2 6020/7 6021/8
f 5739/68 6425/55 6020/7 5723/40
f 5863/1 5832/2 6456/7 6497/8
f 5727/1 6459/2 6523/7 5720/8
f 6130/1 6126/2 5828/7 6293/8

usemtl minecraft_block-rose_bush_bottom

f 12973/1 12974/2 12975/7 12976/8
f 12977/1 12978/2 12979/7 12980/8
f 12985/1 12986/2 12987/7 12988/8
f 12989/1 12990/2 12991/7 12992/8
f 14912/1 14913/2 14914/7 14915/8
f 14916/1 14917/2 14918/7 14919/8

usemtl minecraft_block-lapis_ore

f 5858/22 5854/2 5857/7 5859/40
f 5857/1 5854/2 6130/7 6293/8
f 5858/1 5859/2 5863/7 6131/8
f 5859/22 5857/2 6293/7 5863/40
f 5832/1 6293/2 5830/7 5833/8
f 5832/1 5833/2 6457/7 6456/8
f 5833/1 5830/2 6550/7 6457/8

usemtl minecraft_block-grass_block_side

f 144/1 143/2 106/7 107/8
f 171/1 170/2 99/7 98/8
f 183/1 182/2 105/7 104/8
f 182/1 171/2 98/7 105/8
f 198/1 144/2 107/7 121/8
f 200/1 183/2 104/7 201/8
f 219/1 224/2 225/7 220/8
f 235/1 238/5 239/9 236/8
f 244/1 245/2 246/7 247/8
f 248/1 249/2 250/7 251/8
f 256/1 257/2 258/7 259/8
f 266/1 267/2 268/7 269/8
f 299/1 300/21 301/20 302/8
f 299/22 315/2 316/7 302/40
f 331/1 332/2 333/7 334/8
f 335/1 336/2 337/7 338/8
f 363/1 364/2 365/7 366/8
f 367/1 368/2 369/7 370/8
f 393/1 394/2 395/7 396/8
f 397/1 398/2 399/7 400/8
f 401/1 402/2 403/7 404/8
f 405/32 406/2 407/7 408/33
f 394/1 299/10 302/11 395/8
f 434/32 299/2 302/7 435/33
f 224/1 438/2 439/7 225/8
f 501/1 502/2 503/7 504/8
f 507/1 397/5 400/9 508/8
f 509/1 510/2 511/7 512/8
f 398/1 331/5 334/9 399/8
f 332/1 363/2 366/7 333/8
f 364/1 401/2 404/7 365/8
f 238/1 266/2 269/7 239/8
f 699/1 700/5 588/9 578/8
f 402/1 705/2 667/7 403/8
f 336/1 367/2 370/7 337/8
f 245/1 580/5 563/9 246/8
f 558/1 434/21 435/20 711/8
f 510/1 574/12 556/13 511/8
f 561/1 557/2 710/7 709/8
f 438/1 509/5 512/9 439/8
f 557/1 558/2 711/7 710/8
f 590/22 587/2 572/7 571/40
f 576/1 745/2 569/7 568/8
f 551/1 405/10 408/11 702/8
f 315/22 356/2 754/7 316/40
f 249/1 218/2 221/7 250/8
f 755/1 605/2 586/7 585/8
f 597/22 256/2 259/7 577/40
f 406/1 772/2 773/7 407/8
f 580/1 583/2 564/7 563/8
f 587/1 576/2 568/7 572/8
f 605/1 597/2 577/7 586/8
f 705/1 704/2 666/7 667/8
f 502/1 507/2 508/7 503/8
f 878/1 877/2 879/7 880/8
f 891/1 892/2 893/7 894/8
f 922/1 924/2 925/7 926/8
f 927/1 928/2 929/7 930/8
f 936/1 937/5 938/9 939/8
f 973/1 972/2 974/7 975/8
f 974/1 976/2 977/7 978/8
f 979/1 980/5 981/9 982/8
f 1054/1 1053/2 1032/7 1035/8
f 1117/1 1118/2 1119/7 1120/8
f 1121/1 1122/10 1108/11 1110/8
f 1146/1 1033/5 1018/9 1017/8
f 1147/1 1148/2 1149/7 1150/8
f 588/1 1173/21 1011/20 1010/8
f 1020/1 1019/2 1174/7 1175/8
f 871/1 1180/2 1037/7 875/8
f 972/22 878/2 880/7 974/40
f 1181/1 974/2 978/7 1117/8
f 1160/42 1117/2 1120/7 1126/71
f 1023/22 1025/2 1009/7 1008/40
f 1016/1 1015/2 1182/7 1183/8
f 1182/1 1184/2 1156/7 1159/8
f 1130/1 1129/2 1104/7 1107/8
f 1212/22 1211/2 1202/7 1201/40
f 1213/22 1201/2 1162/7 927/40
f 1118/22 927/2 930/7 1119/40
f 1125/1 1130/2 1107/7 1106/8
f 1221/22 1220/2 1206/7 1199/40
f 1200/1 1205/2 1164/7 1161/8
f 928/1 891/2 894/7 929/8
f 1129/32 1121/2 1110/7 1104/33
f 1226/22 1203/2 1168/7 1167/40
f 892/1 1171/2 1140/7 893/8
f 1170/1 1169/2 1138/7 1137/8
f 1166/22 1165/2 1135/7 1134/40
f 1122/22 936/2 939/7 1108/40
f 937/1 979/2 982/7 938/8
f 980/1 1258/2 1259/7 981/8
f 1260/1 922/2 926/7 970/8
f 1018/22 973/2 975/7 1147/40
f 1184/22 1147/2 1150/7 1156/40
f 1021/1 590/2 571/7 1006/8
f 1047/22 1042/2 1031/7 1030/40
f 1038/22 784/2 591/7 1027/40
f 1211/1 1221/2 1199/7 1202/8
f 1273/1 1166/2 1134/7 1142/8
f 1205/1 1204/2 1163/7 1164/8
f 1180/1 800/2 1036/7 1037/8
f 1201/1 1200/2 1161/7 1162/8
f 1171/1 1170/2 1137/7 1140/8
f 1276/1 1277/2 1144/7 1278/8
f 1025/1 588/2 1010/7 1009/8
f 1028/1 1021/2 1006/7 1005/8
f 1042/1 1038/2 1027/7 1031/8
f 1024/1 1023/2 1008/7 1013/8
f 1052/1 1047/2 1030/7 1029/8
f 1173/1 1146/2 1017/7 1011/8
f 1012/1 1016/2 1183/7 1198/8
f 1287/1 1054/2 1035/7 1034/8
f 1015/1 1020/2 1175/7 1182/8
f 1197/1 1182/2 1159/7 1158/8
f 1315/1 1316/2 1317/7 1318/8
f 1519/1 1522/2 1639/7 1638/8
f 1513/1 1512/2 1630/7 1681/8
f 1517/77 1516/2 1682/7 1634/78
f 1511/1 1507/2 1628/7 1627/8
f 1515/1 1509/2 1626/7 1631/8
f 1509/1 1511/2 1627/7 1626/8
f 1637/1 1640/2 1615/7 1614/8
f 1512/1 1515/2 1631/7 1630/8
f 1316/22 1644/2 1618/7 1317/40
f 1647/1 1315/2 1318/7 1620/8
f 1507/1 1744/2 1625/7 1628/8
f 1522/1 1521/2 1636/7 1639/8
f 1640/1 1635/2 1616/7 1615/8
f 1644/1 1637/2 1614/7 1618/8
f 1520/1 1519/2 1638/7 1643/8
f 1777/1 1778/2 1779/7 1780/8
f 1800/1 1801/2 1802/7 1803/8
f 1823/1 1824/2 1825/7 1826/8
f 1838/1 1839/2 1840/7 1841/8
f 1855/1 1647/2 1620/7 1856/8
f 1824/1 1838/2 1841/7 1825/8
f 1874/1 1875/2 1876/7 1877/8
f 1801/1 1823/2 1826/7 1802/8
f 1931/1 501/2 504/7 1932/8
f 1778/1 1800/2 1803/7 1779/8
f 2019/1 1777/2 1780/7 2020/8
f 2051/1 2052/2 2053/7 2054/8
f 2109/1 2110/2 2077/7 2076/8
f 2120/22 2122/2 2080/7 2082/40
f 2083/1 2078/2 2042/7 2041/8
f 2122/1 2109/2 2076/7 2080/8
f 2110/1 2051/2 2054/7 2077/8
f 2052/1 2019/2 2020/7 2053/8
f 2136/1 1931/5 1932/9 2103/8
f 1986/1 1985/2 2135/7 2130/8
f 2131/1 2137/2 2105/7 2096/8
f 2128/1 2132/2 2098/7 2091/8
f 2092/1 1874/2 1877/7 2047/8
f 2124/1 2129/2 2094/7 2088/8
f 1875/1 2093/2 2048/7 1876/8
f 2126/1 2125/2 2089/7 2084/8
f 2087/1 2081/2 2040/7 2039/8
f 2121/1 2120/2 2082/7 2086/8
f 2081/1 2083/2 2041/7 2040/8
f 2125/1 2124/2 2088/7 2089/8
f 1985/1 2225/2 2133/7 2135/8
f 2129/1 2128/2 2091/7 2094/8
f 2132/1 2131/2 2096/7 2098/8
f 1839/1 1855/2 1856/7 1840/8
f 2093/1 2092/2 2047/7 2048/8
f 2137/1 2136/2 2103/7 2105/8
f 2078/1 2087/2 2039/7 2042/8
f 2236/1 1986/2 2130/7 2127/8
f 2244/1 551/2 702/7 2138/8
f 2252/1 2253/2 2254/7 2255/8
f 2260/1 2261/2 2262/7 2263/8
f 2286/1 2287/12 2288/13 2289/8
f 2294/1 2295/2 2296/7 2297/8
f 2337/1 2338/5 2339/9 2340/8
f 2359/1 2360/10 2361/11 2362/8
f 2371/1 2372/2 2373/7 2374/8
f 2413/1 2371/2 2374/7 2414/8
f 2423/1 2424/2 2425/7 2426/8
f 2438/1 2439/2 2440/7 2441/8
f 2287/1 2260/2 2263/7 2288/8
f 2603/1 2612/12 2633/13 2634/8
f 2630/22 2631/2 2642/7 2646/40
f 2360/1 2337/2 2340/7 2361/8
f 2611/1 2613/2 2684/7 2685/8
f 2745/1 2359/2 2362/7 2746/8
f 2596/1 2286/2 2289/7 2274/8
f 2610/1 2609/2 2837/7 2838/8
f 2601/32 2252/2 2255/7 2845/33
f 2616/1 2628/46 2881/47 2859/8
f 2607/1 2423/2 2426/7 2850/8
f 2424/1 2601/2 2845/7 2425/8
f 2849/1 2853/2 2829/7 2820/8
f 2338/1 2294/2 2297/7 2339/8
f 2261/1 2600/2 2846/7 2262/8
f 2626/22 2624/2 2867/7 2877/40
f 2600/1 2603/2 2634/7 2846/8
f 2629/1 2438/2 2441/7 2874/8
f 2631/1 2626/2 2877/7 2642/8
f 2913/1 2236/2 2127/7 2872/8
f 2439/1 2618/2 2875/7 2440/8
f 2624/1 2623/21 2871/20 2867/8
f 2861/1 2126/2 2084/7 2835/8
f 2854/1 2862/5 2836/9 2830/8
f 2609/1 2616/2 2859/7 2837/8
f 2612/32 2611/2 2685/7 2633/33
f 2613/32 2610/2 2838/7 2684/33
f 2295/1 2849/21 2820/20 2296/8
f 2853/1 2933/2 2828/7 2829/8
f 2372/1 2936/2 2840/7 2373/8
f 2938/1 2607/5 2850/9 2939/8
f 2855/1 2854/2 2830/7 2928/8
f 2862/1 2861/2 2835/7 2836/8
f 2962/1 2630/2 2646/7 2963/8
f 3096/1 3097/5 3098/9 3099/8
f 3191/1 3192/21 3193/20 3194/8
f 3221/1 3222/2 3223/7 3224/8
f 1258/1 3298/21 3258/20 1259/8
f 3310/1 3311/2 3312/7 3313/8
f 3192/1 3221/2 3224/7 3193/8
f 3339/1 3341/5 3260/9 3262/8
f 3345/1 3344/2 3263/7 3265/8
f 3350/1 3349/2 3266/7 3268/8
f 3222/1 3310/2 3313/7 3223/8
f 3425/1 3424/2 3388/7 3390/8
f 3421/1 3420/2 3385/7 3387/8
f 3382/1 3381/2 3340/7 3342/8
f 1277/1 3469/5 3330/9 1144/8
f 3383/1 3382/10 3342/11 3337/8
f 3298/1 3339/2 3262/7 3258/8
f 3344/1 3350/2 3268/7 3263/8
f 3381/1 3096/5 3099/9 3340/8
f 3341/1 3345/2 3265/7 3260/8
f 3420/1 3425/2 3390/7 3385/8
f 3422/1 3421/5 3387/9 3384/8
f 3097/1 3191/2 3194/7 3098/8
f 3349/1 3353/2 3267/7 3266/8
f 3424/1 3423/2 3393/7 3388/8
f 3483/1 3484/2 3485/7 3486/8
f 3628/1 3631/2 3643/7 3644/8
f 3626/22 3627/2 3664/7 3665/40
f 3785/1 3786/2 3787/7 3788/8
f 3792/1 3483/5 3486/9 3793/8
f 3880/1 3879/2 3611/7 3614/8
f 3627/1 3620/2 3917/7 3664/8
f 3879/1 3948/2 3619/7 3611/8
f 3985/22 178/2 181/7 3768/40
f 143/22 3987/2 3607/7 106/40
f 4038/77 4039/2 3835/7 3847/78
f 3631/22 3626/2 3665/7 3643/40
f 4147/1 4148/2 3848/7 3850/8
f 1635/1 1632/2 3857/7 1616/8
f 3786/1 4189/2 3853/7 3787/8
f 4190/1 4147/2 3850/7 3855/8
f 2595/1 2413/2 2414/7 4191/8
f 3948/1 4198/2 3618/7 3619/8
f 3620/1 3623/2 4239/7 3917/8
f 4039/1 4241/2 3843/7 3835/8
f 3484/1 2745/2 2746/7 3485/8
f 3987/1 4250/2 3604/7 3607/8
f 4189/1 4254/10 3858/11 3853/8
f 3618/1 4282/2 4262/7 4200/8
f 3623/32 4283/2 3882/7 4239/33
f 4250/1 3880/2 3614/7 3604/8
f 4241/1 3785/2 3788/7 3843/8
f 4148/1 4267/2 3846/7 3848/8
f 3629/32 3628/2 3644/7 4308/33
f 1744/42 3632/2 4309/7 1625/71
f 4267/1 4038/2 3847/7 3846/8
f 4272/1 4190/2 3855/7 3854/8
f 4254/1 3792/2 3793/7 3858/8
f 1632/1 4272/2 3854/7 3857/8
f 4383/22 4384/2 4385/7 4386/40
f 4387/32 4388/2 4389/7 4390/33
f 4432/1 4433/2 4434/7 4435/8
f 4492/1 4493/2 4494/7 4495/8
f 4565/1 4566/2 4567/7 4568/8
f 772/22 4579/2 4580/7 773/40
f 4581/1 4582/21 4583/20 4584/8
f 4599/1 4600/2 4601/7 4602/8
f 4566/1 4599/2 4602/7 4567/8
f 4388/1 4432/2 4435/7 4389/8
f 4678/22 2962/2 2963/7 4712/40
f 4433/1 4383/2 4386/7 4434/8
f 4705/1 4704/2 4722/7 4723/8
f 4582/1 4681/2 4725/7 4583/8
f 4384/1 4696/2 4730/7 4385/8
f 4701/1 4700/2 4769/7 4770/8
f 4688/1 4691/2 4773/7 4774/8
f 4699/1 4702/2 4786/7 4787/8
f 4703/1 4706/2 4850/7 4851/8
f 2628/1 4581/10 4584/11 2881/8
f 4518/22 4565/2 4568/7 4874/40
f 4686/22 4476/2 4875/7 4855/40
f 4691/22 4686/2 4855/7 4773/40
f 4693/1 561/2 709/7 4857/8
f 4696/22 4688/2 4774/7 4730/40
f 4698/22 4695/2 4862/7 4861/40
f 4695/1 4387/2 4390/7 4862/8
f 4579/1 4492/10 4495/11 4580/8
f 4697/119 4698/2 4861/7 4873/120
f 4493/1 4693/10 4857/11 4494/8
f 4702/1 4701/2 4770/7 4786/8
f 4706/1 4699/2 4787/7 4850/8
f 4700/1 4705/5 4723/9 4769/8
f 4937/1 4703/2 4851/7 4938/8
f 4681/1 4678/5 4712/9 4725/8
f 5113/1 5112/2 5137/7 5138/8
f 5147/1 5148/2 5149/7 5150/8
f 5127/1 5126/2 5177/7 5178/8
f 5186/1 5187/5 5188/9 5189/8
f 5130/1 5129/2 5244/7 5245/8
f 5255/1 5256/2 5257/7 5258/8
f 5123/1 5127/2 5178/7 5263/8
f 5098/1 4937/2 4938/7 5281/8
f 5105/22 5107/2 5286/7 5287/40
f 5133/1 5132/2 5295/7 5296/8
f 5129/22 5133/2 5296/7 5244/40
f 1220/1 5304/2 5305/7 1206/8
f 5135/1 5134/2 5313/7 5314/8
f 5315/42 5147/2 5150/7 5269/71
f 5321/22 5322/2 5271/7 5265/40
f 5280/1 1276/2 1278/7 5354/8
f 5357/1 5255/2 5258/7 5338/8
f 5124/1 5115/2 5362/7 5363/8
f 5381/1 5315/2 5269/7 5268/8
f 5398/22 4697/2 4873/7 5399/40
f 5108/59 5100/2 5404/7 5405/67
f 5415/22 1028/2 1005/7 5101/40
f 808/59 1052/2 1029/7 5302/67
f 5114/1 5105/2 5287/7 5445/8
f 5106/1 5113/2 5138/7 5446/8
f 5115/22 5114/2 5445/7 5362/40
f 5136/1 5135/2 5314/7 5460/8
f 4704/1 5106/21 5446/20 4722/8
f 5120/1 5123/5 5263/9 5506/8
f 5579/1 5130/2 5245/7 5520/8
f 5109/1 5108/2 5405/7 5572/8
f 5132/1 5136/2 5460/7 5295/8
f 1203/1 5573/2 5267/7 1168/8
f 5148/22 5186/2 5189/7 5149/40
f 5575/1 5381/2 5268/7 5270/8
f 1165/1 5274/2 5560/7 1135/8
f 5134/1 5602/2 5574/7 5313/8
f 5322/1 5575/2 5270/7 5271/8
f 5607/59 5502/2 5110/7 5109/67
f 5304/1 5109/2 5572/7 5305/8
f 5573/1 5321/2 5265/7 5267/8
f 5274/1 5280/10 5354/11 5560/8
f 5502/1 5415/2 5101/7 5110/8
f 5112/1 5120/2 5506/7 5137/8
f 5626/1 5623/2 5621/7 5627/8
f 5623/22 5622/2 5616/7 5621/40
f 5622/1 5625/2 5617/7 5616/8
f 5625/1 5628/2 5629/7 5617/8
f 5630/1 5631/2 5632/7 5633/8
f 5671/1 5630/2 5633/7 5672/8
f 5631/1 5670/2 5690/7 5632/8
f 5653/1 5698/2 5699/7 5679/8
f 5661/1 5668/2 5687/7 5680/8
f 5667/1 5669/2 5689/7 5688/8
f 5657/42 5655/2 5676/7 5675/71
f 5658/42 5657/2 5675/7 5678/71
f 5665/1 5666/2 5686/7 5685/8
f 5660/1 5664/2 5683/7 5681/8
f 5663/1 5665/2 5685/7 5684/8
f 5666/1 5658/2 5678/7 5686/8
f 5668/1 5667/2 5688/7 5687/8
f 5669/1 5660/10 5681/11 5689/8
f 6108/1 6109/2 6110/7 6111/8
f 5256/1 6132/12 6133/13 5257/8
f 6220/1 6108/21 6111/20 6166/8
f 6170/1 6172/5 6279/9 6280/8
f 6165/1 6164/2 6331/7 6332/8
f 6157/1 6165/2 6332/7 6334/8
f 3423/22 3422/2 3384/7 3393/40
f 6175/1 3383/10 3337/11 6346/8
f 6132/1 6350/2 6173/7 6133/8
f 6109/1 6387/5 6202/9 6110/8
f 6350/1 6499/2 6171/7 6173/8
f 6501/1 6503/2 6181/7 6182/8
f 6174/1 6175/2 6346/7 6481/8
f 6158/1 6157/2 6334/7 6476/8
f 3469/1 6158/2 6476/7 3330/8
f 6164/22 6170/2 6280/7 6331/40
f 6172/1 6174/2 6481/7 6279/8
f 6503/1 6220/2 6166/7 6181/8
f 6566/22 6567/2 6568/7 6569/40
f 6583/1 6582/2 6584/7 6585/8
f 6594/1 6595/2 6596/7 6597/8
f 6598/32 6599/2 6600/7 6601/33
f 6599/1 6566/2 6569/7 6600/8
f 6712/1 6706/2 6688/7 6691/8
f 6708/1 6703/2 6686/7 6685/8
f 6637/1 6636/21 6728/20 6729/8
f 6699/1 6697/2 6677/7 6676/8
f 6684/1 6687/2 6653/7 6652/8
f 6716/32 6712/2 6691/7 6690/33
f 6702/22 6700/2 6681/7 6683/40
f 6706/22 6709/2 6689/7 6688/40
f 6669/1 6662/2 6634/7 6640/8
f 6664/1 5626/2 5627/7 6635/8
f 5698/1 6637/2 6729/7 5699/8
f 6679/1 6682/2 6649/7 6648/8
f 6678/22 6670/2 6642/7 6646/40
f 6697/1 6583/2 6585/7 6677/8
f 6672/1 6667/2 6639/7 6643/8
f 6582/1 6782/2 6674/7 6584/8
f 6675/1 6678/2 6646/7 6645/8
f 6595/22 6679/2 6648/7 6596/40
f 6636/1 5661/2 5680/7 6728/8
f 6682/22 6675/2 6645/7 6649/40
f 6700/1 6699/2 6676/7 6681/8
f 6667/1 6669/2 6640/7 6639/8
f 6567/1 6684/5 6652/9 6568/8
f 6709/1 6708/2 6685/7 6689/8
f 6662/1 6664/2 6635/7 6634/8
f 6687/32 6594/2 6597/7 6653/33
f 6703/1 6702/2 6683/7 6686/8
f 6670/1 6672/2 6643/7 6642/8
f 5628/1 6830/2 6824/7 5629/8
f 6830/1 6826/2 6825/7 6824/8
f 6849/1 6850/2 6851/7 6852/8
f 6880/1 6881/2 6882/7 6883/8
f 6973/1 6982/2 7139/7 7140/8
f 6985/1 6975/5 7141/9 7142/8
f 7177/1 7178/2 7088/7 7087/8
f 7008/1 7011/2 7190/7 7191/8
f 6965/1 6964/2 7213/7 7214/8
f 7227/1 6880/2 6883/7 7005/8
f 7006/1 7230/2 7226/7 7231/8
f 7016/1 7008/2 7191/7 7234/8
f 6970/1 6974/5 7240/9 7241/8
f 6976/1 5124/2 5363/7 7242/8
f 6975/1 6976/2 7242/7 7141/8
f 7004/1 7003/5 7251/9 7252/8
f 6974/1 6973/2 7140/7 7240/8
f 6984/1 6985/2 7142/7 7279/8
f 6971/1 6970/2 7241/7 7295/8
f 6962/1 6849/2 6852/7 7299/8
f 6964/1 6968/2 7309/7 7213/8
f 7315/1 7227/2 7005/7 7002/8
f 7314/1 7324/2 7325/7 7227/8
f 6981/1 6984/2 7279/7 7370/8
f 7014/1 7016/2 7234/7 7377/8
f 5602/1 7004/2 7252/7 5574/8
f 7364/1 7363/2 7086/7 7089/8
f 7007/1 7006/2 7231/7 7372/8
f 7011/1 7007/2 7372/7 7190/8
f 7003/1 7010/2 7374/7 7251/8
f 7324/1 7400/2 6881/7 7325/8
f 6982/1 6981/2 7370/7 7139/8
f 7010/1 7015/5 7373/9 7374/8
f 7363/1 7177/2 7087/7 7086/8
f 6850/1 6965/5 7214/9 6851/8
f 7421/1 6971/21 7295/20 7179/8
f 7430/1 7429/2 7431/7 7432/8
f 7433/1 7434/2 7435/7 7436/8
f 7469/1 7470/2 7471/7 7472/8
f 7742/1 7743/5 7572/9 7575/8
f 7572/1 7750/2 7751/7 7752/8
f 7536/1 7539/2 7761/7 7762/8
f 2618/22 7564/2 7798/7 2875/40
f 7434/1 7808/2 7556/7 7435/8
f 7573/1 7572/2 7752/7 7809/8
f 7429/1 7819/10 7551/11 7431/8
f 7530/1 7469/2 7472/7 7839/8
f 2936/1 7530/2 7839/7 2840/8
f 7819/1 7918/10 7554/11 7551/8
f 7815/1 7965/2 7919/7 7816/8
f 7563/1 2629/5 2874/9 7959/8
f 7918/32 7433/2 7436/7 7554/33
f 7978/1 7430/2 7432/7 7547/8
f 7977/1 7836/2 7965/7 7427/8
f 7965/1 7979/2 7746/7 7919/8
f 7470/1 7536/5 7762/9 7471/8
f 7564/1 7563/2 7959/7 7798/8
f 8052/22 8053/2 8054/7 8055/40
f 8082/1 8083/2 8084/7 8085/8
f 8090/1 8091/2 8092/7 8093/8
f 8211/1 8205/2 8167/7 8171/8
f 8215/1 8208/2 8170/7 8174/8
f 8184/1 8187/2 8156/7 8155/8
f 8195/1 8194/2 8161/7 8162/8
f 8216/32 8215/2 8174/7 8173/33
f 8153/1 8082/44 8085/45 8150/8
f 8053/1 8184/5 8155/9 8054/8
f 8154/1 8153/2 8150/7 8151/8
f 8197/1 8200/2 8165/7 8164/8
f 8196/1 8195/21 8162/20 8160/8
f 8091/1 8052/2 8055/7 8092/8
f 8208/22 8211/2 8171/7 8170/40
f 8200/1 8193/2 8159/7 8165/8
f 8194/1 8090/5 8093/9 8161/8
f 8193/1 8196/2 8160/7 8159/8
f 8205/22 8204/2 8168/7 8167/40
f 8204/1 8197/2 8164/7 8168/8
f 8374/22 8375/2 8376/7 8377/40
f 8407/42 8408/2 8390/7 8409/71
f 8451/59 8452/2 8453/7 8454/67
f 8488/1 8489/2 8490/7 8470/8
f 8506/1 8507/2 8508/7 8509/8
f 8535/77 8536/2 8537/7 8538/78
f 4600/1 8579/2 8580/7 4601/8
f 8507/1 8488/2 8470/7 8508/8
f 8766/22 8407/2 8409/7 8740/40
f 8489/1 8451/2 8454/7 8490/8
f 7178/22 8774/2 8745/7 7088/40
f 8778/1 8777/2 8747/7 8748/8
f 8408/1 8374/2 8377/7 8390/8
f 8769/1 8768/2 8743/7 8746/8
f 8579/1 8535/2 8538/7 8580/8
f 8770/1 8769/5 8746/9 8739/8
f 8774/1 8766/2 8740/7 8745/8
f 8536/1 8506/2 8509/7 8537/8
f 8768/1 8778/2 8748/7 8743/8
f 8777/1 7364/2 7089/7 8747/8
f 6881/1 8898/2 8899/7 6882/8
f 8897/1 8904/2 8905/7 8898/8
f 8912/22 8913/2 8914/7 8915/40
f 8954/1 8956/2 9040/7 9046/8
f 8991/1 8990/2 9057/7 9058/8
f 8953/1 8952/5 9066/9 9067/8
f 9071/1 9070/2 8957/7 8952/8
f 8898/1 9213/2 8948/7 8899/8
f 8948/1 8953/2 9067/7 9215/8
f 8971/1 8970/2 9246/7 9247/8
f 9285/1 9071/2 8952/7 8951/8
f 8952/1 8954/5 9046/9 9066/8
f 8964/1 8967/5 9303/9 9304/8
f 9316/1 9317/10 8965/11 8959/8
f 8960/1 8964/2 9304/7 9334/8
f 9317/1 9343/2 8962/7 8965/8
f 9350/1 9349/2 9351/7 9352/8
f 8983/1 8982/5 9359/9 9360/8
f 8994/1 9350/2 9352/7 9365/8
f 8967/22 8971/2 9247/7 9303/40
f 9394/1 9395/2 8973/7 8976/8
f 8973/1 8978/2 9398/7 9399/8
f 9395/1 9417/2 8979/7 8973/8
f 8974/1 8973/2 9399/7 9418/8
f 8980/1 5671/2 5672/7 9419/8
f 8913/1 8980/2 9419/7 8914/8
f 8984/1 8983/2 9360/7 9474/8
f 5670/1 8912/2 8915/7 5690/8
f 8982/1 8987/2 9486/7 9359/8
f 8949/22 7014/2 7377/7 9477/40
f 8995/1 8994/2 9365/7 9461/8
f 8987/1 8986/2 9485/7 9486/8
f 9496/1 9316/2 8959/7 8961/8
f 7012/1 8948/2 9215/7 7375/8
f 9213/1 9285/5 8951/9 8948/8
f 7015/1 8960/12 9334/13 7373/8
f 8904/1 9541/2 9458/7 8905/8
f 8956/1 8949/2 9477/7 9040/8
f 9459/1 9462/2 8969/7 8972/8
f 9556/1 9555/2 9417/7 9462/8
f 9417/1 9464/2 8977/7 8979/8
f 8977/1 8984/2 9474/7 9483/8
f 9070/1 9496/2 8961/7 8957/8
f 8975/1 8974/2 9418/7 9480/8
f 8990/1 8995/2 9461/7 9057/8
f 9343/1 9460/2 9554/7 8962/8
f 9349/1 9556/2 9462/7 9351/8
f 9462/1 9394/2 8976/7 8969/8
f 8970/1 8975/2 9480/7 9246/8
f 8978/1 8977/2 9483/7 9398/8
f 9593/1 9594/2 9595/7 9596/8
f 9758/1 9757/2 9737/7 9740/8
f 9746/1 9745/2 9729/7 9731/8
f 9747/1 9746/2 9731/7 9727/8
f 9745/1 9749/2 9790/7 9729/8
f 9838/1 9754/2 9739/7 9738/8
f 9575/1 9593/2 9596/7 9576/8
f 9753/1 9755/2 9735/7 9734/8
f 9761/1 9760/2 9741/7 9743/8
f 9755/32 9751/2 9736/7 9735/33
f 9759/1 9758/5 9740/9 9733/8
f 9754/1 9753/2 9734/7 9739/8
f 9757/1 9761/2 9743/7 9737/8
f 9760/1 6828/2 9742/7 9741/8
f 9725/1 9724/21 9803/20 9802/8
f 9886/42 9887/2 9805/7 9804/71
f 9891/1 9892/2 9893/7 9894/8
f 9926/1 9927/2 9928/7 9929/8
f 9933/1 9932/2 9934/7 9935/8
f 9964/1 9965/2 9966/7 9967/8
f 9990/1 9991/2 9992/7 9993/8
f 10009/1 10008/2 10010/7 10011/8
f 10101/1 10105/2 10163/7 10164/8
f 10163/1 10165/5 10166/9 10066/8
f 10071/1 9990/2 9993/7 10177/8
f 10109/1 10108/2 10208/7 10209/8
f 9927/1 6986/2 10215/7 9928/8
f 10224/1 10223/5 10225/9 10226/8
f 10099/1 10102/2 10242/7 10243/8
f 10242/1 10244/2 10069/7 10065/8
f 9991/1 10068/2 10260/7 9992/8
f 10053/1 10052/2 10262/7 10263/8
f 10268/1 10269/5 10055/9 10052/8
f 10092/1 10091/2 10271/7 10269/8
f 10068/1 10067/2 10342/7 10260/8
f 10074/1 10224/10 10226/11 10343/8
f 10351/1 9964/21 9967/20 10135/8
f 10365/1 10109/2 10209/7 10366/8
f 10091/1 10097/2 10375/7 10271/8
f 10064/1 10061/10 10376/11 10377/8
f 10382/1 10383/10 10133/11 10131/8
f 10060/1 10059/5 10384/9 10383/8
f 10385/1 10242/2 10065/7 10059/8
f 10102/1 10101/2 10164/7 10242/8
f 6961/1 6962/2 7299/7 10389/8
f 6986/1 6977/2 10391/7 10215/8
f 10061/1 10062/2 10397/7 10376/8
f 10070/1 10071/2 10177/7 10401/8
f 10223/1 10077/2 10402/7 10225/8
f 10222/1 10403/2 10076/7 10223/8
f 10104/1 10365/2 10366/7 10451/8
f 6977/22 10070/2 10401/7 10391/40
f 10493/1 10492/2 10073/7 10072/8
f 10077/1 9926/2 9929/7 10402/8
f 10008/1 10114/2 10403/7 10010/8
f 10403/1 9933/2 9935/7 10076/8
f 10446/1 10445/2 10051/7 10054/8
f 10089/1 10088/2 10448/7 10349/8
f 10080/1 10079/2 10444/7 10447/8
f 10063/1 10064/2 10377/7 10481/8
f 10452/1 10493/5 10072/9 10075/8
f 10079/1 10083/2 10281/7 10444/8
f 10445/1 10268/2 10052/7 10051/8
f 10052/1 10057/2 10476/7 10262/8
f 9965/1 9891/5 9894/9 9966/8
f 10478/1 10351/2 10135/7 10134/8
f 10244/1 10163/2 10066/7 10069/8
f 10105/1 10104/2 10451/7 10163/8
f 10088/1 10092/2 10269/7 10448/8
f 10269/1 10449/2 10056/7 10055/8
f 10056/1 10060/2 10383/7 10477/8
f 10383/1 10478/2 10134/7 10133/8
f 10062/1 6961/5 10389/9 10397/8
f 10057/1 10056/5 10477/9 10476/8
f 10449/1 10450/5 10058/9 10056/8
f 10096/1 10099/2 10243/7 10450/8
f 10450/1 10385/2 10059/7 10058/8
f 10059/1 10063/10 10481/11 10384/8
f 10587/1 10591/10 10592/11 10588/8
f 10838/1 10839/2 10840/7 10723/8
f 10902/1 10838/2 10723/7 10721/8
f 10834/1 10928/2 10715/7 10709/8
f 10591/1 7528/2 10978/7 10592/8
f 7808/1 7978/2 7547/7 7556/8
f 7528/32 10999/2 10609/7 10978/33
f 10928/1 10902/21 10721/20 10715/8
f 11069/1 11070/2 11071/7 11072/8
f 11070/1 11238/12 11172/13 11071/8
f 11241/1 11182/5 11244/9 11179/8
f 11326/32 11327/2 11328/7 11329/33
f 9892/1 11376/2 11377/7 9893/8
f 11396/1 11397/2 11398/7 11399/8
f 11452/1 11453/2 11454/7 11455/8
f 11473/1 11474/2 11475/7 11476/8
f 11474/1 11622/2 11623/7 11475/8
f 11540/1 11631/2 11632/7 11633/8
f 11641/1 11551/2 11642/7 11643/8
f 11551/1 11550/10 11644/11 11642/8
f 11545/1 11452/2 11455/7 11660/8
f 11561/1 10053/5 10263/9 11667/8
f 11554/1 11553/5 11677/9 11675/8
f 11679/1 11680/2 11563/7 11564/8
f 11706/1 11707/5 11562/9 11555/8
f 11556/1 11561/2 11667/7 11708/8
f 11565/1 10080/5 10447/9 11719/8
f 11680/1 10446/2 10054/7 11563/8
f 11397/1 11547/2 11752/7 11398/8
f 11327/1 10382/21 10131/20 11328/8
f 11549/1 11554/2 11675/7 11753/8
f 11756/1 11757/2 11609/7 11608/8
f 8375/32 11759/2 11430/7 8376/33
f 8767/1 8770/2 8739/7 11613/8
f 11547/22 11545/2 11660/7 11752/40
f 11782/59 11546/2 11783/7 11775/67
f 8452/1 11784/2 11360/7 8453/8
f 11544/22 11542/2 11789/7 11790/40
f 11815/1 11706/2 11555/7 11558/8
f 11566/1 11565/2 11719/7 11819/8
f 11453/1 11544/2 11790/7 11454/8
f 11557/1 11556/2 11708/7 11857/8
f 11542/1 11473/2 11476/7 11789/8
f 11550/1 11549/2 11753/7 11644/8
f 11707/1 11818/2 11559/7 11562/8
f 11816/1 11815/2 11558/7 11552/8
f 11553/1 11557/2 11857/7 11677/8
f 11567/1 11566/2 11819/7 11817/8
f 11818/1 11679/2 11564/7 11559/8
f 11376/1 8767/2 11613/7 11377/8
f 11757/1 11326/2 11329/7 11609/8
f 11546/1 11396/2 11399/7 11783/8
f 11878/1 11540/2 11633/7 11847/8
f 11962/1 11961/2 11996/7 11995/8
f 11958/1 11957/2 12037/7 12038/8
f 11961/1 11965/2 12045/7 11996/8
f 11959/1 11958/2 12038/7 12033/8
f 12034/1 12041/2 12031/7 12030/8
f 12035/1 12034/2 12030/7 12032/8
f 11965/1 12089/5 12043/9 12045/8
f 12092/1 11964/5 12050/9 12053/8
f 11957/1 11962/2 11995/7 12037/8
f 12036/1 12035/10 12032/11 12025/8
f 11964/1 11966/2 12051/7 12050/8
f 12110/1 12111/2 12112/7 12113/8
f 12114/1 12115/2 12116/7 12117/8
f 12172/1 12114/46 12117/47 12173/8
f 12243/1 12244/2 12245/7 12218/8
f 12244/1 12295/2 12443/7 12245/8
f 8187/1 12316/2 12459/7 8156/8
f 12515/1 12516/5 12311/9 12305/8
f 6828/1 8154/5 8151/9 9742/8
f 12288/1 12287/5 12546/9 12547/8
f 9724/1 12288/2 12547/7 9803/8
f 12290/1 12110/2 12113/7 12569/8
f 12289/22 12290/2 12569/7 12588/40
f 12300/1 12303/5 12594/9 12595/8
f 12606/22 12607/2 12307/7 12310/40
f 12115/1 12300/2 12595/7 12116/8
f 12292/1 12296/5 12615/9 12616/8
f 12287/1 12293/2 12629/7 12546/8
f 12295/1 12289/2 12588/7 12443/8
f 11631/22 12636/2 12432/7 11632/40
f 12303/1 11641/12 11643/13 12594/8
f 9594/1 9752/2 12304/7 9595/8
f 9752/1 12649/5 12308/9 12304/8
f 12607/1 12436/12 12713/13 12307/8
f 12651/1 11816/2 11552/7 12714/8
f 12316/1 11567/21 11817/20 12459/8
f 12652/42 9838/2 9738/7 12309/71
f 12293/1 12292/5 12616/9 12629/8
f 12649/1 12515/2 12305/7 12308/8
f 12296/1 12172/2 12173/7 12615/8
f 12516/1 12652/2 12309/7 12311/8
f 12732/1 12733/2 12734/7 12735/8
f 12740/1 12741/2 12742/7 12743/8
f 12814/1 12815/2 12808/7 12809/8
f 12784/1 12740/5 12743/9 12829/8
f 12733/1 12811/2 12807/7 12734/8
f 12811/1 12810/2 12805/7 12807/8
f 12741/1 12832/5 12833/9 12742/8
f 12945/22 12944/2 12932/7 12931/40
f 12905/1 12898/2 12942/7 12950/8
f 12898/1 12901/2 12943/7 12942/8
f 12904/1 12905/2 12950/7 12949/8
f 13039/1 13036/2 13063/7 13070/8
f 13036/1 13037/2 13064/7 13063/8
f 13068/22 13065/2 13056/7 13058/40
f 13038/1 13039/2 13070/7 13069/8
f 12111/1 13130/2 13131/7 12112/8
f 13430/1 13431/2 13274/7 13273/8
f 13246/1 13245/10 13435/11 13436/8
f 13467/22 13468/2 13265/7 13264/40
f 13130/1 13276/2 13508/7 13131/8
f 13275/22 13266/2 13511/7 13512/40
f 13431/1 13514/2 13270/7 13274/8
f 13545/1 10834/10 10709/11 13258/8
f 13229/42 13228/2 13579/7 13580/71
f 13263/119 13242/2 13587/7 13588/120
f 13245/1 13244/2 13598/7 13435/8
f 13262/1 13261/5 13600/9 13601/8
f 13235/1 13229/2 13580/7 13602/8
f 13276/1 13278/2 13632/7 13508/8
f 13244/1 13253/2 13673/7 13598/8
f 13242/1 13238/2 13668/7 13587/8
f 13644/1 13545/2 13258/7 13257/8
f 13514/1 13643/2 13271/7 13270/8
f 13278/32 13272/2 13678/7 13632/33
f 10839/22 13430/2 13273/7 10840/40
f 11167/1 13246/44 13436/45 11229/8
f 13260/1 9886/21 9804/20 13676/8
f 13269/1 13263/2 13588/7 13675/8
f 13261/32 13260/2 13676/7 13600/33
f 13643/1 13467/2 13264/7 13271/8
f 13468/1 13644/2 13257/7 13265/8
f 13252/1 13262/2 13601/7 13671/8
f 13272/1 13275/2 13512/7 13678/8
f 13238/22 13235/2 13602/7 13668/40
f 13253/1 13252/5 13671/9 13673/8
f 13266/1 13269/2 13675/7 13511/8
f 13722/1 13723/2 13724/7 13725/8
f 13759/1 13760/2 13761/7 13762/8
f 13782/1 13783/2 13784/7 13785/8
f 13789/1 13790/2 13791/7 13792/8
f 13966/1 13970/2 14127/7 14121/8
f 13964/1 13967/2 14124/7 14119/8
f 14120/1 14123/2 14084/7 14080/8
f 12832/1 13964/2 14119/7 12833/8
f 13978/1 13982/2 14142/7 14133/8
f 13723/1 14141/2 14104/7 13724/8
f 13967/1 13966/5 14121/9 14124/8
f 13972/1 13976/2 14132/7 14128/8
f 14129/1 13782/5 13785/9 14101/8
f 13975/1 13979/5 14134/9 14131/8
f 13783/1 13722/5 13725/9 13784/8
f 13969/1 13973/2 14126/7 14125/8
f 14126/1 14253/5 14096/9 14095/8
f 14130/1 14129/2 14101/7 14098/8
f 13979/1 13978/2 14133/7 14134/8
f 13982/1 13987/5 14139/9 14142/8
f 13976/1 13975/2 14131/7 14132/8
f 13760/1 13997/5 14152/9 13761/8
f 12810/1 14120/2 14080/7 12805/8
f 13970/1 13969/5 14125/9 14127/8
f 13987/1 13789/2 13792/7 14139/8
f 14123/1 14280/2 14082/7 14084/8
f 14122/1 14126/5 14095/9 14094/8
f 13973/1 13972/2 14128/7 14126/8
f 13790/1 13759/2 13762/7 13791/8
f 14314/1 14315/2 14316/7 14317/8
f 14326/1 14327/5 14328/9 14329/8
f 14403/1 14516/5 14517/9 14518/8
f 14518/22 14530/2 14478/7 14486/40
f 14540/1 14539/2 14491/7 14493/8
f 14544/22 12945/2 12931/7 14472/40
f 14567/1 14566/2 14393/7 14398/8
f 14570/1 14544/2 14472/7 14477/8
f 14399/22 14392/2 14571/7 14572/40
f 14606/1 14607/2 14504/7 14508/8
f 14639/1 14640/2 14498/7 14501/8
f 14648/22 14647/2 14502/7 14497/40
f 14566/1 14657/2 14394/7 14393/8
f 14662/1 14661/2 14540/7 14663/8
f 14664/1 14540/2 14493/7 14492/8
f 14650/22 14519/2 14402/7 14401/40
f 14706/1 14606/2 14508/7 14507/8
f 14721/22 14722/2 14410/7 14409/40
f 14725/1 14639/2 14501/7 14500/8
f 14406/1 14326/2 14329/7 14738/8
f 13996/1 14314/2 14317/7 14747/8
f 14404/1 14406/44 14738/45 14750/8
f 14391/1 12904/2 12949/7 14753/8
f 14754/22 14755/2 14496/7 14495/40
f 14141/1 14778/2 14506/7 14104/8
f 13997/1 13996/5 14747/9 14152/8
f 14854/1 14853/5 14397/9 14396/8
f 14839/22 14837/2 14476/7 14479/40
f 4282/1 14662/2 14663/7 4262/8
f 14837/1 14570/2 14477/7 14476/8
f 14405/1 14404/2 14750/7 14851/8
f 14657/1 14864/2 4290/7 14394/8
f 14395/1 14391/2 14753/7 14836/8
f 14778/1 14557/12 14873/13 14506/8
f 14844/1 14706/12 14507/13 14874/8
f 14842/1 14725/2 14500/7 14505/8
f 14840/1 14754/2 14495/7 14499/8
f 14755/1 14841/2 14485/7 14496/8
f 14885/22 14884/2 14489/7 14488/40
f 4065/22 4064/2 14863/7 4280/40
f 14516/22 14399/2 14572/7 14517/40
f 14408/1 14890/2 14520/7 14891/8
f 14884/1 14648/2 14497/7 14489/8
f 14607/1 14842/2 14505/7 14504/8
f 14853/1 14567/2 14398/7 14397/8
f 14534/1 14899/2 14820/7 14535/8
f 14539/1 14885/2 14488/7 14491/8
f 14530/1 14839/2 14479/7 14478/8
f 14392/1 14395/2 14836/7 14571/8
f 14841/1 14518/2 14486/7 14485/8
f 14400/1 14902/2 14841/7 14647/8
f 14647/1 14840/2 14499/7 14502/8
f 14315/1 14405/12 14851/13 14316/8
f 15087/1 15081/2 15212/7 15213/8
f 15083/1 15079/2 15270/7 15271/8
f 12042/1 15330/5 15185/9 15184/8
f 15372/1 15373/2 15174/7 15183/8
f 15095/1 15090/2 15374/7 15375/8
f 15081/22 15083/2 15271/7 15212/40
f 15090/1 15091/2 15494/7 15374/8
f 15511/32 13068/2 13058/7 15160/33
f 15373/22 15514/2 15175/7 15174/40
f 13228/86 15107/2 15519/7 13579/87
f 15107/1 15099/2 15656/7 15519/8
f 12041/1 12042/5 15184/9 12031/8
f 11966/1 11167/10 11229/11 12051/8
f 15654/1 15645/5 15182/9 15186/8
f 15091/1 15084/2 15640/7 15494/8
f 15084/1 15087/2 15213/7 15640/8
f 15079/22 13038/2 13069/7 15270/40
f 15099/32 15095/2 15375/7 15656/33
f 15330/1 15654/2 15186/7 15185/8
f 15645/1 15372/2 15183/7 15182/8

usemtl minecraft_block-birch_log

f 1330/1 1331/2 1332/38 1327/39
f 1405/1 1406/2 1356/38 1355/39
f 1406/1 1330/2 1327/38 1356/39
f 1331/1 1405/2 1355/38 1332/39
f 1681/1 1682/2 1479/18 1478/19
f 1518/1 1514/2 1480/28 1477/29
f 1514/1 1513/2 1478/28 1480/29
f 1516/1 1518/2 1477/28 1479/29
f 2071/1 2073/2 2159/28 2156/29
f 2074/1 2072/2 2165/28 2166/29
f 2072/1 2071/2 2156/28 2165/29
f 2073/1 2074/2 2166/28 2159/29
f 2330/1 2331/2 2332/90 2327/91
f 2379/1 2374/2 2375/90 2380/91
f 2374/1 2330/2 2327/90 2375/91
f 2331/1 2379/2 2380/90 2332/91
f 2858/1 2857/2 2480/28 2469/29
f 2857/1 2860/2 2481/28 2480/29
f 2863/1 2858/2 2469/28 2472/29
f 2860/1 2863/2 2472/28 2481/29
f 5179/1 5177/2 5053/28 5052/29
f 5298/1 5179/2 5052/28 5051/29
f 5520/1 5298/2 5051/28 5054/29
f 5177/1 5520/2 5054/28 5053/29
f 5695/1 5679/2 5696/90 5697/91
f 5673/1 5676/2 5704/90 5705/91
f 5676/1 5695/2 5697/90 5704/91
f 5679/1 5673/2 5705/90 5696/91
f 6177/1 6176/2 6246/90 6243/91
f 6176/1 6178/2 6362/90 6246/91
f 6178/1 6180/2 6531/90 6362/91
f 6180/1 6177/2 6243/90 6531/91
f 8773/1 8772/2 8825/90 8828/91
f 8775/1 8776/2 8827/90 8826/91
f 8776/1 8773/2 8828/90 8827/91
f 8772/1 8775/2 8826/90 8825/91
f 9577/1 9576/2 9578/28 9571/29
f 9790/1 9577/2 9571/28 9716/29
f 9732/1 9790/2 9716/28 9720/29
f 9576/1 9732/2 9720/28 9578/29
f 10710/1 10712/2 10935/90 10936/91
f 10711/1 10710/2 10936/90 10967/91
f 10713/1 10711/2 10967/90 11051/91
f 10712/1 10713/2 11051/90 10935/91
f 11174/1 11176/2 11215/90 11216/91
f 11172/1 11179/2 11242/90 11243/91
f 11177/1 11244/2 11140/38 11143/39
f 11180/1 11177/2 11143/38 11142/39
f 11182/1 11181/2 11144/90 11140/91
f 11179/1 11174/2 11216/90 11242/91
f 11176/1 11172/2 11243/90 11215/91
f 11317/1 11318/2 11319/28 11312/29
f 11318/1 11430/2 11431/28 11319/29
f 11608/1 11317/2 11312/28 11735/29
f 11430/1 11608/2 11735/28 11431/29
f 11994/1 11995/2 11910/28 11913/29
f 12034/1 11994/2 11913/28 11912/29
f 12039/1 12034/2 11912/28 11911/29
f 11995/1 12039/2 11911/28 11910/29
f 12566/1 12567/2 12564/38 12568/39
f 12567/1 12577/2 12578/38 12564/39
f 12577/1 12671/2 12722/38 12578/39
f 12671/1 12566/2 12568/38 12722/39
f 13113/1 13114/2 13115/28 13110/29
f 13123/1 13124/2 13120/28 13125/29
f 13138/1 13139/2 13134/28 13140/29
f 13267/1 13123/2 13125/28 13510/29
f 13259/1 13113/2 13110/28 13548/29
f 13231/1 13138/2 13140/28 13570/29
f 13230/1 13231/2 13570/28 13603/29
f 13256/1 13259/2 13548/28 13616/29
f 13268/1 13267/2 13510/28 13630/29
f 13124/1 13268/2 13630/28 13120/29
f 13114/1 13256/2 13616/28 13115/29
f 13139/1 13230/2 13603/28 13134/29
f 14094/1 14085/2 14173/28 14174/29
f 14087/1 14082/2 14207/28 14211/29
f 14085/1 14087/2 14211/28 14173/29
f 14082/1 14094/2 14174/28 14207/29
f 14627/1 14628/2 14623/90 14629/91
f 14628/1 14729/2 14686/90 14623/91
f 14729/1 14843/2 14687/90 14686/91
f 14843/1 14627/2 14629/90 14687/91
f 15076/1 15075/2 15276/90 15277/91
f 15078/1 15076/2 15277/90 15329/91
f 15075/1 15077/2 15665/90 15276/91
f 15077/1 15078/2 15329/90 15665/91

usemtl minecraft_block-dandelion

f 6784/1 6785/2 6786/7 6787/8
f 6788/1 6789/2 6790/7 6791/8
f 6792/1 6793/2 6794/7 6795/8
f 6796/1 6797/2 6798/7 6799/8
f 6800/1 6801/2 6802/7 6803/8
f 6804/1 6805/2 6806/7 6807/8
f 6816/1 6817/2 6818/7 6819/8
f 6820/1 6821/2 6822/7 6823/8
f 8024/1 8025/2 8026/7 8027/8
f 8028/1 8029/2 8030/7 8031/8
f 8032/1 8033/2 8034/7 8035/8
f 8036/1 8037/2 8038/7 8039/8

usemtl minecraft_block-tall_grass_bottom

f 7988/1 7989/2 7990/7 7991/8
f 7992/1 7993/2 7994/7 7995/8
f 8000/1 8001/2 8002/7 8003/8
f 8004/1 8005/2 8006/7 8007/8
f 8012/1 8013/2 8014/7 8015/8
f 8016/1 8017/2 8018/7 8019/8
f 12098/1 12099/2 12100/7 12101/8
f 12102/1 12103/2 12104/7 12105/8

usemtl minecraft_block-rose_bush_top

f 12976/1 12975/2 12981/7 12982/8
f 12980/1 12979/2 12983/7 12984/8
f 12988/1 12987/2 12993/7 12994/8
f 12992/1 12991/2 12995/7 12996/8
f 14915/1 14914/2 14920/7 14921/8
f 14919/1 14918/2 14922/7 14923/8

usemtl minecraft_block-oak_log_top

f 44/1 48/2 49/7 45/8
f 123/1 115/2 114/7 124/8
f 353/1 358/2 414/7 413/8
f 223/1 222/2 521/7 522/8
f 523/1 524/2 275/7 270/8
f 534/1 535/2 531/7 536/8
f 718/7 719/8 459/1 458/2
f 740/1 741/2 736/7 737/8
f 746/7 747/8 748/1 749/2
f 768/1 769/2 457/7 456/8
f 310/1 309/2 348/7 347/8
f 904/1 905/2 906/7 907/8
f 1385/1 1386/2 1381/7 1378/8
f 1704/7 1685/8 1362/1 1357/2
f 1310/1 1309/2 1348/7 1737/8
f 1819/1 1818/2 1847/7 1842/8
f 1911/3 1910/4 2007/1 2008/2
f 1915/48 1908/55 2011/7 2017/8
f 1909/3 1916/4 2018/1 2014/2
f 1939/1 2027/2 2021/7 1940/8
f 2226/1 2230/2 2177/7 2176/8
f 2465/1 2466/2 2467/7 2462/8
f 2482/1 2433/2 2427/7 2483/8
f 2523/1 2524/2 2250/7 2273/8
f 2719/1 2720/2 2721/7 2722/8
f 2347/1 2346/2 2391/7 2385/8
f 2663/1 2645/2 2644/7 2664/8
f 2694/1 2678/2 2673/7 2689/8
f 3443/1 3463/2 3461/7 3444/8
f 3363/1 3402/2 3398/7 3364/8
f 3370/1 3109/2 3102/7 3468/8
f 3323/1 3322/2 3376/7 3375/8
f 3513/1 3514/2 3515/7 210/8
f 3676/1 3677/2 3678/7 131/8
f 4004/1 3927/2 3926/7 4005/8
f 3549/1 3548/2 4026/7 4027/8
f 4046/1 4047/2 3713/7 3712/8
f 3544/7 3550/8 4046/1 4047/2
f 3931/7 4076/8 4077/1 3932/2
f 3928/7 4078/8 4079/1 3929/2
f 4123/1 1733/2 1730/7 4124/8
f 4138/1 3971/2 3689/7 3695/8
f 4139/1 3960/2 3957/7 4113/8
f 4138/7 3907/8 3702/1 3695/2
f 4139/7 3911/8 3910/1 4113/2
f 3636/1 3938/2 4209/7 3635/8
f 3894/1 3883/2 3876/7 4199/8
f 4219/1 4083/2 4047/7 4059/8
f 3889/1 4222/2 4037/7 3886/8
f 4120/1 3925/2 3922/7 4313/8
f 3540/1 3539/2 3904/7 4217/8
f 3972/7 4214/8 3697/1 3688/2
f 3973/7 4278/8 4114/1 3974/2
f 3542/7 3541/8 4215/1 3916/2
f 4054/1 4315/2 3541/7 3547/8
f 3906/1 3905/2 4287/7 4075/8
f 3649/1 4170/2 4235/7 3650/8
f 2946/1 2948/2 3510/7 3504/8
f 4504/1 4509/2 4546/7 4540/8
f 4649/1 4650/2 4647/7 4646/8
f 4592/1 4591/2 4663/7 4667/8
f 4473/1 4478/2 4520/7 4519/8
f 4375/7 4400/8 4399/1 4376/2
f 4367/7 4396/8 4395/1 4368/2
f 4397/1 4370/2 4367/7 4396/8
f 4393/1 4366/2 4365/7 4394/8
f 4393/7 4656/8 4673/1 4394/2
f 4612/7 4879/8 4876/1 4611/2
f 4619/1 4884/2 4425/7 4424/8
f 5024/1 5025/2 5026/7 5027/8
f 5038/1 5039/2 5040/7 5029/8
f 5049/1 5050/2 5045/7 5042/8
f 5384/1 5392/2 5332/7 5331/8
f 5339/1 5196/2 5190/7 5526/8
f 5917/1 5918/2 5909/7 5906/8
f 5969/1 5970/2 5971/7 5961/8
f 6097/1 6096/2 6257/7 6314/8
f 6326/1 6325/2 6474/7 6375/8
f 6328/1 6327/2 6376/7 6522/8
f 6292/1 6493/2 6538/7 6289/8
f 6226/1 6506/2 6117/7 6112/8
f 6835/1 6836/2 6837/7 6838/8
f 6835/7 6839/8 6840/1 6838/2
f 6845/7 6846/8 6847/1 6848/2
f 6937/1 6938/2 6939/7 6927/8
f 7081/1 7082/2 7083/7 7071/8
f 6855/1 7263/2 7307/7 6856/8
f 7262/1 7261/2 7300/7 7311/8
f 7326/1 7182/2 7181/7 7310/8
f 7328/1 7284/2 7148/7 7146/8
f 7220/1 7337/2 7155/7 7153/8
f 7167/1 7166/2 7338/7 7285/8
f 7274/7 7273/8 7391/1 7287/2
f 7390/7 7301/8 6894/1 6886/2
f 7525/1 7526/2 7521/7 7519/8
f 7602/1 7603/2 7604/7 7596/8
f 7607/1 7608/2 7609/7 7610/8
f 7713/1 7889/2 7463/7 7462/8
f 7787/1 7786/2 7867/7 7911/8
f 7842/1 7964/2 7775/7 7774/8
f 8586/1 8587/2 8588/7 8589/8
f 8500/1 8499/2 8531/7 8530/8
f 8475/1 8479/2 8515/7 8512/8
f 8365/1 8364/2 8640/7 8644/8
f 8673/1 8674/2 7651/7 7649/8
f 8816/1 8815/2 8802/7 8798/8
f 9096/1 9097/2 9098/7 9099/8
f 8930/1 8929/2 9239/7 9240/8
f 8930/7 8936/8 9241/1 9240/2
f 9236/7 9242/8 9231/1 9233/2
f 9230/7 9243/8 8942/1 8936/2
f 9194/1 9196/2 9243/7 9248/8
f 9198/7 9197/8 9309/1 9310/2
f 9339/7 9320/8 9182/1 9177/2
f 9188/1 9182/2 9325/7 9344/8
f 9393/1 9378/2 8941/7 8940/8
f 9131/1 6394/2 6348/7 9120/8
f 9143/1 6366/2 6395/7 9132/8
f 9318/1 9491/2 9178/7 9181/8
f 8932/7 8931/8 9421/1 9331/2
f 9518/1 9332/2 8932/7 8931/8
f 9333/7 9533/8 8933/1 8922/2
f 9256/7 9258/8 9525/1 9337/2
f 9183/7 9186/8 9553/1 9326/2
f 9260/1 9259/2 9339/7 9526/8
f 9526/7 9384/8 9187/1 9184/2
f 9422/7 9368/8 9010/1 9009/2
f 8935/1 8934/2 9422/7 9368/8
f 9673/7 9674/8 9675/1 9670/2
f 9777/1 9778/2 9779/7 9780/8
f 9777/7 9785/8 9786/1 9780/2
f 9621/1 9647/2 9646/7 9622/8
f 9621/7 9603/8 9602/1 9622/2
f 9810/7 9811/8 9812/1 9813/2
f 9822/1 9809/2 9810/7 9811/8
f 9635/7 9600/8 9599/1 9636/2
f 9599/1 9636/2 9637/7 9601/8
f 9839/7 9840/8 9841/1 9842/2
f 9843/1 9844/2 9839/7 9840/8
f 9632/1 9631/2 9659/7 9658/8
f 9905/7 9906/8 9907/1 9908/2
f 10115/1 10116/2 10117/7 10118/8
f 9913/1 10309/2 10378/7 9914/8
f 9973/7 10381/8 10309/1 9972/2
f 10308/1 10307/2 10353/7 10395/8
f 10411/1 10344/2 10174/7 10173/8
f 9943/1 7342/2 7195/7 9944/8
f 9904/1 10358/2 10388/7 9897/8
f 10399/1 9979/2 9978/7 10312/8
f 10583/1 10590/2 10610/7 10631/8
f 10646/1 10545/2 10541/7 10647/8
f 10654/1 10655/2 10656/7 10649/8
f 10681/1 10682/2 10675/7 10683/8
f 10509/1 10514/2 10987/7 10957/8
f 10968/1 10906/2 10526/7 10525/8
f 11093/1 11098/2 11109/7 11108/8
f 11490/1 11491/2 11492/7 11486/8
f 11498/1 11414/2 11413/7 11482/8
f 11385/1 11361/2 11355/7 11500/8
f 11688/1 11445/2 11444/7 11689/8
f 11528/7 11535/8 11737/1 11712/2
f 8551/1 11338/2 11337/7 8550/8
f 11534/1 11523/2 11710/7 11810/8
f 11336/1 11747/2 7984/7 10558/8
f 11676/1 11755/2 11652/7 11651/8
f 12093/1 12080/2 12079/7 12090/8
f 12215/1 12220/2 12337/7 12334/8
f 12148/1 12157/2 12357/7 12358/8
f 12365/1 12125/2 12124/7 12163/8
f 8254/1 12376/2 12377/7 12378/8
f 8086/1 8049/2 12136/7 12379/8
f 12541/7 12542/8 12497/1 12496/2
f 12438/1 12519/2 12643/7 12435/8
f 12618/1 12504/2 12238/7 12232/8
f 12766/1 12767/2 12768/7 12769/8
f 12785/1 12759/2 12758/7 12786/8
f 12855/1 12856/2 12857/7 12858/8
f 12887/1 12888/2 12873/7 12870/8
f 11901/1 13083/2 13076/7 11880/8
f 13177/1 13178/2 13179/7 13180/8
f 13193/1 13194/2 13195/7 13196/8
f 13321/1 13320/2 13533/7 13534/8
f 13316/7 13320/8 13533/1 13546/2
f 13627/1 13104/2 13098/7 13484/8
f 13433/1 13642/2 13517/7 13429/8
f 13664/1 13432/2 13426/7 13516/8
f 13334/1 13333/2 13591/7 13660/8
f 13861/1 13862/2 13863/7 13858/8
f 14033/1 14034/2 14035/7 14030/8
f 13812/1 13811/2 14039/7 14040/8
f 10728/1 10732/2 13830/7 13829/8
f 14255/1 14258/2 14194/7 14193/8
f 13755/1 13717/2 13716/7 13750/8
f 14361/1 14362/2 14363/7 14358/8
f 14575/1 14679/2 14526/7 14525/8
f 14302/1 14691/2 14692/7 14303/8
f 14377/1 14305/2 14304/7 14756/8
f 13864/7 14305/8 14304/1 13949/2
f 14645/1 14644/2 14665/7 14793/8
f 7837/1 2515/2 3498/7 14334/8
f 14292/7 14802/8 14440/1 14291/2
f 14736/1 14763/2 14900/7 14733/8
f 14312/1 13873/2 13948/7 14313/8
f 14948/7 14949/8 14950/1 14951/2
f 14954/1 14942/2 14948/7 14949/8
f 14955/7 14956/8 14957/1 14958/2
f 14959/1 14960/2 14955/7 14956/8
f 14964/7 14965/8 14966/1 14959/2
f 14970/7 14971/8 14972/1 14973/2
f 14976/1 14977/2 14965/7 14978/8
f 14982/1 14974/2 14971/7 14983/8
f 15024/1 15025/2 15026/7 15027/8
f 15127/1 15128/2 15129/7 15130/8
f 15139/1 15140/2 15141/7 15142/8
f 15286/7 15291/8 15292/1 15283/2
f 15296/7 15305/8 15306/1 15293/2
f 15314/7 15315/8 15316/1 15317/2
f 15409/1 15410/2 15354/7 15349/8
f 15522/1 15520/2 15473/7 15472/8
f 15470/1 15469/2 15527/7 15528/8
f 15536/7 15537/8 15470/1 15469/2
f 15543/1 15497/2 15050/7 15049/8
f 15468/7 15462/8 15543/1 15497/2
f 15575/1 15385/2 15384/7 15478/8
f 15575/7 15340/8 15339/1 15478/2
f 15582/7 15530/8 15070/1 15062/2
f 15333/1 15479/2 15590/7 15334/8
f 15333/7 15481/8 15589/1 15334/2
f 15053/7 15052/8 15547/1 15593/2
f 15061/1 15052/2 15547/7 15597/8
f 15247/1 15553/2 15618/7 15248/8
f 15049/1 15041/2 15619/7 15546/8
f 15548/1 15682/2 15463/7 15462/8
f 15467/1 15466/2 15503/7 15703/8
f 15467/7 15471/8 15598/1 15703/2

usemtl minecraft_block-oxeye_daisy

f 6551/1 6552/2 6553/7 6554/8
f 6555/1 6556/2 6557/7 6558/8

usemtl minecraft_block-clay

f 10085/1 10086/2 10082/7 10087/8
f 10090/1 10091/5 10092/9 10086/8
f 10093/1 10094/2 10091/7 10095/8
f 10098/1 10099/2 10096/7 10094/8
f 10155/1 10156/5 10157/9 10158/8
f 10184/1 10185/2 10186/7 10187/8
f 10188/1 10189/2 10190/7 10191/8
f 10189/1 10235/5 10236/9 10190/8
f 10237/1 10238/2 10239/7 10240/8
f 10239/1 10241/2 10099/7 10098/8
f 10272/1 10239/2 10098/7 10094/8
f 10284/1 10285/2 10090/7 10086/8
f 10286/1 10287/2 10288/7 10285/8
f 10235/1 10155/2 10158/7 10236/8
f 10185/1 10286/5 10285/9 10186/8
f 10285/1 10374/2 10095/7 10090/8
f 10186/1 10285/5 10284/9 10187/8
f 10288/1 10454/2 10374/7 10285/8
f 10240/1 10239/2 10272/7 10454/8
f 10290/1 10289/2 10494/7 10369/8
f 10374/1 10454/2 10093/7 10095/8
f 10497/1 10237/2 10240/7 10454/8
f 10347/1 10453/2 10085/7 10087/8
f 10369/1 10185/2 10184/7 10500/8
f 10494/1 10287/10 10286/11 10369/8
f 10190/1 10237/10 10497/11 10191/8
f 10158/1 10157/5 10238/9 10236/8
f 10453/1 10284/2 10086/7 10085/8
f 10289/1 10188/2 10191/7 10494/8
f 10287/1 10497/2 10454/7 10288/8
f 10454/1 10272/2 10094/7 10093/8

usemtl minecraft_block-grass_block_top

f 30/1 31/14 32/15 33/8
f 34/1 35/10 36/11 37/8
f 38/1 39/16 35/17 30/8
f 97/1 98/10 99/11 100/8
f 101/1 30/24 33/25 102/8
f 103/1 104/5 105/9 97/8
f 106/1 38/26 30/27 107/8
f 406/50 405/51 551/11 552/8
f 357/1 553/2 394/7 393/8
f 315/48 299/52 553/9 356/8
f 336/1 554/2 368/7 367/8
f 307/1 555/5 554/9 335/8
f 434/50 556/53 555/45 299/8
f 557/1 512/46 511/47 558/8
f 559/48 250/54 560/11 561/8
f 220/1 225/2 439/7 562/8
f 563/48 564/55 247/7 246/8
f 565/1 566/2 274/7 559/8
f 567/1 568/5 569/9 565/8
f 570/48 571/55 572/7 567/8
f 509/1 573/12 574/13 510/8
f 224/1 237/5 509/9 438/8
f 236/1 244/21 573/20 575/8
f 249/1 258/5 224/9 218/8
f 269/1 268/2 245/7 239/8
f 576/48 577/52 259/9 248/8
f 579/1 582/2 583/7 580/8
f 584/1 585/5 586/9 587/8
f 588/48 589/52 582/9 578/8
f 590/1 591/2 592/7 584/8
f 503/1 660/46 661/47 504/8
f 665/1 666/12 660/13 508/8
f 400/1 403/21 667/20 665/8
f 674/1 365/5 404/9 399/8
f 334/1 333/2 366/7 674/8
f 701/1 502/10 501/11 702/8
f 408/48 397/57 507/20 701/8
f 402/1 703/2 704/7 705/8
f 706/50 316/51 408/11 407/8
f 707/48 331/54 398/11 395/8
f 364/1 369/5 703/9 401/8
f 332/1 337/5 370/9 363/8
f 302/1 301/21 332/20 707/8
f 708/50 435/58 302/13 706/8
f 709/1 710/2 711/7 708/8
f 1005/1 1006/2 571/7 570/8
f 1007/48 1008/55 1009/7 1010/8
f 1011/48 1012/52 1013/9 1007/8
f 1014/1 1015/5 1016/9 1017/8
f 1018/1 1019/2 1020/7 1014/8
f 1021/1 1022/2 591/7 590/8
f 1023/48 1024/55 589/7 1025/8
f 1026/1 1027/5 1022/9 1028/8
f 1029/48 1030/55 1031/7 1026/8
f 1032/1 1033/2 1034/7 1035/8
f 925/1 971/2 970/7 926/8
f 1036/1 876/2 875/7 1037/8
f 1104/1 1105/2 1106/7 1107/8
f 1108/50 1109/69 1105/20 1110/8
f 938/48 1115/66 1109/47 939/8
f 981/48 1116/70 1115/13 982/8
f 1119/1 1125/21 1126/20 1120/8
f 929/1 1129/12 1130/13 930/8
f 893/1 1133/10 1121/11 894/8
f 1137/1 1141/21 1133/20 1140/8
f 1134/1 1122/46 1141/47 1142/8
f 1143/48 937/66 936/47 1135/8
f 1144/48 980/49 979/45 1143/8
f 1156/1 1157/2 1158/7 1159/8
f 1149/1 1160/10 1157/11 1150/8
f 977/1 1118/2 1117/7 978/8
f 1161/1 928/5 927/9 1162/8
f 1163/1 892/5 891/9 1164/8
f 1165/48 1166/52 1167/9 1168/8
f 1169/1 1170/2 1171/7 1163/8
f 1182/1 1197/2 1198/7 1183/8
f 1174/1 1184/2 1182/7 1175/8
f 974/1 1148/5 1147/9 975/8
f 879/1 976/5 974/9 880/8
f 1199/1 1200/5 1201/9 1202/8
f 1203/1 1204/10 1205/11 1206/8
f 1503/50 1504/74 39/17 38/8
f 1505/1 1331/12 1330/13 1503/8
f 1405/1 1506/46 1504/47 1406/8
f 1507/48 1508/75 1506/17 1505/8
f 1509/1 1510/26 1508/27 1511/8
f 1512/1 1513/2 1514/7 1515/8
f 1516/1 1517/14 1510/15 1518/8
f 1519/1 1520/2 1521/7 1522/8
f 1613/1 1614/2 1615/7 1616/8
f 1617/48 1317/52 1618/9 1613/8
f 1619/1 1620/10 1318/11 1617/8
f 1625/1 1626/2 1627/7 1628/8
f 1629/1 1630/5 1631/9 1625/8
f 1632/50 1633/74 1634/17 1629/8
f 1635/1 1570/14 1569/15 1632/8
f 1599/1 1636/10 1633/11 1600/8
f 1637/1 1638/31 1639/30 1640/8
f 1641/1 1642/31 1643/30 1644/8
f 1316/1 1307/5 1645/9 1641/8
f 1308/1 1646/44 1642/45 1352/8
f 1647/1 1648/24 1646/25 1315/8
f 552/48 1984/55 1985/7 1986/8
f 2039/1 2040/2 2041/7 2042/8
f 2047/1 1877/2 1876/7 2048/8
f 2065/1 1840/21 1856/20 1619/8
f 2066/1 1825/12 1841/13 2065/8
f 2067/1 1802/46 1826/47 2066/8
f 2068/1 1779/44 1803/45 2067/8
f 2069/1 2020/14 1780/15 2068/8
f 2070/1 2071/2 2072/7 2069/8
f 2073/1 2054/44 2053/45 2074/8
f 2075/1 2076/31 2077/30 2070/8
f 2078/1 2079/26 2080/27 2075/8
f 2081/1 2082/31 2079/30 2083/8
f 2084/48 2085/75 2086/17 2087/8
f 2088/1 1938/46 1937/47 2089/8
f 2025/1 2090/21 2085/20 2026/8
f 2091/1 2092/5 2093/9 2094/8
f 1874/1 2095/44 2090/45 1875/8
f 2096/1 2097/24 2095/25 2098/8
f 2103/1 2104/14 2097/15 2105/8
f 504/1 661/46 2104/47 1932/8
f 1839/1 2113/14 1648/15 1855/8
f 1824/1 1816/5 1846/9 1838/8
f 1817/1 2114/21 2113/20 1845/8
f 1801/1 2115/46 2114/47 1823/8
f 1778/1 2116/12 2115/13 1800/8
f 2019/1 2117/21 2116/20 1777/8
f 2051/1 2118/10 2117/11 2052/8
f 2109/1 2119/5 2118/9 2110/8
f 2120/48 2121/55 2119/7 2122/8
f 2123/1 2124/2 2125/7 2126/8
f 2127/1 2128/5 2129/9 2123/8
f 2130/1 2131/10 2132/11 2127/8
f 2133/1 2136/10 2137/11 2135/8
f 2138/1 501/21 1931/20 2139/8
f 2372/1 2371/2 2413/7 2595/8
f 2596/1 2260/12 2287/13 2286/8
f 2597/1 2598/2 2253/7 2252/8
f 2599/1 2600/46 2261/47 2596/8
f 2601/48 2602/49 2603/45 2597/8
f 2423/1 2604/14 2602/15 2424/8
f 2605/1 2606/24 2604/25 2607/8
f 2608/1 2609/10 2610/11 2605/8
f 2611/1 2612/10 2606/11 2613/8
f 2614/1 2615/5 2616/9 2608/8
f 2431/1 2617/2 2615/7 2432/8
f 2618/1 2619/5 2617/9 2620/8
f 2621/1 2622/21 2623/20 2624/8
f 2438/1 2625/2 2619/7 2439/8
f 2626/1 1986/46 2236/47 2621/8
f 2627/48 2628/52 2625/9 2629/8
f 2630/48 552/49 1986/45 2631/8
f 2362/1 2065/26 1619/27 2746/8
f 2340/1 2339/5 2390/9 2361/8
f 2345/1 2066/12 2065/13 2389/8
f 2297/1 2067/46 2066/47 2339/8
f 2820/81 2075/94 2067/13 2296/8
f 2828/1 2078/21 2075/20 2829/8
f 2830/48 2220/54 2078/11 2831/8
f 2835/1 2084/2 2220/7 2836/8
f 2374/1 2359/21 2745/20 2414/8
f 2840/1 2330/2 2374/7 2373/8
f 2331/1 2337/46 2360/47 2379/8
f 2841/1 2294/31 2338/30 2840/8
f 2842/1 2274/21 2289/20 2841/8
f 2263/1 2843/5 2295/9 2288/8
f 2844/50 2845/95 2255/9 2842/8
f 2846/1 2847/2 2843/7 2262/8
f 2848/48 2849/52 2847/9 2634/8
f 2850/1 2426/2 2425/7 2844/8
f 2851/48 2852/54 2853/11 2848/8
f 2837/1 2685/10 2684/11 2838/8
f 2633/1 2854/21 2855/20 2851/8
f 2856/1 2857/14 2858/15 2859/8
f 2860/1 2861/21 2862/20 2863/8
f 2864/1 2123/96 2126/97 2856/8
f 2865/1 2866/14 2867/15 2864/8
f 2872/1 2127/2 2123/7 2873/8
f 2874/1 2441/2 2440/7 2875/8
f 2876/1 2662/46 2661/47 2865/8
f 2642/1 2877/2 2866/7 2643/8
f 2879/1 2880/44 2642/45 2876/8
f 2881/1 2693/21 2692/20 2879/8
f 2676/1 2646/5 2880/9 2677/8
f 3258/81 3259/99 1116/20 1259/8
f 3260/48 3261/54 3259/11 3262/8
f 3263/1 3264/5 3261/9 3265/8
f 3266/1 3267/2 3264/7 3268/8
f 3328/1 3329/14 1258/15 1144/8
f 3330/1 3331/10 3332/11 3328/8
f 3333/1 3334/21 3329/20 3335/8
f 3336/48 3298/63 3334/15 3330/8
f 3337/1 3338/24 3339/25 3336/8
f 3340/1 3341/46 3338/47 3342/8
f 3343/1 3344/12 3345/13 3099/8
f 3098/1 3346/21 3347/20 3343/8
f 3348/1 3349/2 3350/7 3344/8
f 3351/50 3352/100 3353/47 3194/8
f 3193/1 3320/21 3354/20 3351/8
f 3321/1 3355/2 3352/7 3356/8
f 3223/1 3357/12 3355/13 3224/8
f 3312/1 3358/21 3357/20 3313/8
f 3380/1 3381/10 3382/11 3383/8
f 3384/48 3097/70 3096/13 3380/8
f 3385/1 3386/21 3191/20 3387/8
f 3388/1 3389/12 3386/13 3390/8
f 3391/1 3373/21 3392/20 3393/8
f 3107/1 3394/2 3389/7 3108/8
f 3395/1 3192/46 3394/47 3391/8
f 3396/1 3222/44 3221/45 3395/8
f 3397/1 3311/14 3310/15 3396/8
f 3419/1 3420/5 3421/9 3422/8
f 3423/1 3424/2 3425/7 3419/8
f 3604/1 3605/14 3606/15 3607/8
f 3608/1 3609/21 38/20 3610/8
f 3611/1 3612/46 3613/47 3614/8
f 3615/1 3616/44 3609/45 3617/8
f 3618/1 1503/106 3616/107 3619/8
f 3620/1 3621/44 3622/45 3623/8
f 3624/1 1505/10 1503/11 3625/8
f 3626/48 1507/108 1505/30 3627/8
f 3628/1 3629/10 3630/11 3631/8
f 3632/1 1744/21 1507/20 3633/8
f 3843/1 3846/14 3847/15 3835/8
f 3787/1 3850/31 3848/30 3788/8
f 3851/1 3854/16 3855/17 3853/8
f 3856/1 1616/110 3857/111 3851/8
f 3858/1 3859/16 3860/17 3856/8
f 3865/1 3648/21 3647/20 3793/8
f 3866/1 3867/44 1613/45 3868/8
f 3486/1 1617/16 3867/17 3865/8
f 2746/1 3870/14 3509/15 3485/8
f 3871/1 1619/5 1617/9 3508/8
f 4062/1 3769/10 3768/11 199/8
f 4063/1 3878/5 3877/9 4064/8
f 4065/1 4066/2 3947/7 4063/8
f 4261/1 3893/2 4200/7 4262/8
f 3881/1 3917/10 4239/11 3882/8
f 4263/48 3665/66 3664/47 4261/8
f 4264/1 3644/14 3643/15 4263/8
f 4265/1 1629/114 1625/115 4264/8
f 4266/1 3888/5 3887/9 4265/8
f 4253/1 4241/5 4039/9 4036/8
f 4267/1 4268/10 1629/11 4038/8
f 4269/1 3786/21 3785/20 4266/8
f 4147/1 4270/5 4268/9 4148/8
f 4271/50 4254/51 4189/11 4269/8
f 4272/1 1632/2 4270/7 4190/8
f 4273/48 3483/57 3792/20 4271/8
f 4191/1 2745/12 3484/13 4273/8
f 4600/50 4581/95 2628/9 2627/8
f 4678/48 4679/63 552/15 2962/8
f 4582/1 4589/46 4680/47 4681/8
f 4590/1 406/10 4679/11 4682/8
f 4566/1 772/106 406/107 4599/8
f 4683/1 4684/16 4579/17 4565/8
f 4518/1 4507/21 4545/20 4683/8
f 4508/1 4685/44 4684/45 4544/8
f 4477/1 4492/26 4685/27 4517/8
f 4686/48 4687/116 4493/111 4476/8
f 4688/1 4689/46 4690/47 4691/8
f 4692/1 4693/21 4687/20 4694/8
f 4384/1 4387/46 4695/47 4696/8
f 4697/103 570/117 561/9 4698/8
f 4433/1 4432/2 4388/7 4383/8
f 4699/1 4700/2 4701/7 4702/8
f 4703/1 4704/21 4705/20 4706/8
f 4852/48 4712/66 2963/47 2881/8
f 4584/1 4583/21 4725/20 4852/8
f 4853/1 4567/2 4602/7 4601/8
f 4854/92 4855/118 4568/9 4853/8
f 4495/50 4856/95 773/9 4580/8
f 4857/50 709/72 4856/7 4494/8
f 4858/1 4774/21 4773/20 4854/8
f 4859/1 4385/46 4730/47 4858/8
f 4390/1 4860/5 4861/9 4862/8
f 4863/1 4434/14 4386/15 4859/8
f 4435/1 4864/12 4860/13 4389/8
f 4865/1 4618/2 4419/7 4863/8
f 4866/1 4867/16 4864/17 4418/8
f 4868/1 4869/96 4867/97 4865/8
f 4870/1 4787/21 4786/20 4868/8
f 4769/1 4871/24 4869/25 4770/8
f 4872/1 4851/10 4850/11 4870/8
f 4722/1 4873/44 4871/45 4723/8
f 5098/1 5099/12 4704/13 4937/8
f 5100/50 5101/95 570/9 4697/8
f 5102/1 5103/21 5099/20 5104/8
f 5105/48 5106/70 5103/13 5107/8
f 5108/92 5109/93 5110/7 5100/8
f 5111/1 5112/44 5113/45 5114/8
f 5115/1 5116/5 5117/9 5111/8
f 5118/1 5119/10 5120/11 5121/8
f 5122/1 5123/44 5119/45 5124/8
f 5125/1 5126/46 5127/47 5122/8
f 5128/1 5129/21 5130/20 5125/8
f 5131/1 5132/5 5133/9 5128/8
f 5134/1 5135/2 5136/7 5131/8
f 5265/1 5266/2 1168/7 5267/8
f 5149/1 5268/21 5269/20 5150/8
f 5270/1 1165/10 5266/11 5271/8
f 5272/1 5273/24 5274/25 5189/8
f 5188/1 5275/46 5276/47 5272/8
f 5277/1 5278/5 5273/9 5279/8
f 5195/1 5280/24 5278/25 5188/8
f 5257/1 1277/16 1276/17 5258/8
f 5303/103 5302/104 5415/7 5502/8
f 5354/50 1278/72 1135/7 5560/8
f 5565/81 5287/105 4938/9 4872/8
f 5566/48 5399/49 4873/45 4722/8
f 5567/1 5568/46 5440/47 5566/8
f 5446/1 5569/44 5404/45 5567/8
f 5363/48 5362/55 5445/7 5565/8
f 5137/1 5570/46 5569/47 5138/8
f 5263/48 5571/49 5570/45 5506/8
f 5177/1 5405/14 5571/15 5178/8
f 5244/1 5298/2 5520/7 5245/8
f 5179/1 5305/24 5572/25 5177/8
f 5295/1 1203/96 1206/97 5296/8
f 5314/1 5321/96 5573/97 5460/8
f 5574/1 5148/14 5147/15 5313/8
f 5381/1 5575/2 5322/7 5315/8
f 5576/48 5187/66 5186/47 5574/8
f 5577/1 5357/12 5524/13 5576/8
f 5578/1 5256/21 5255/20 5577/8
f 5615/1 5616/5 5617/9 5618/8
f 5619/121 5620/122 5621/20 5615/8
f 5622/1 5623/5 5624/9 5625/8
f 5673/1 5674/21 5675/20 5676/8
f 5677/50 5678/58 5674/13 5679/8
f 5680/48 5681/57 5682/20 5677/8
f 5684/1 5685/2 5686/7 5678/8
f 5687/1 5688/2 5689/7 5680/8
f 5632/1 5690/2 5672/7 5633/8
f 6155/48 3469/75 1277/17 5257/8
f 6156/1 6157/26 6158/27 6155/8
f 6163/1 6164/31 6165/30 6156/8
f 6133/1 6169/14 6170/15 6163/8
f 6171/1 6172/24 6169/25 6173/8
f 6174/1 3380/10 3383/11 6175/8
f 6142/1 6176/46 6177/47 6143/8
f 6178/1 6179/12 3380/13 6180/8
f 6181/1 3384/110 6179/111 6182/8
f 6186/48 3393/127 3384/97 6166/8
f 6192/1 6193/31 6194/30 6186/8
f 6195/1 3391/10 3393/11 6196/8
f 6111/1 6094/44 6197/45 6192/8
f 6095/1 3395/46 3391/47 6198/8
f 6199/1 6200/2 6111/7 6110/8
f 6201/1 3396/110 3395/111 6116/8
f 6202/1 6038/12 6033/13 6199/8
f 6203/1 3397/24 3396/25 6204/8
f 6334/1 6475/2 3330/7 6476/8
f 6331/1 3336/5 6475/9 6332/8
f 6478/1 3337/21 3336/20 6280/8
f 6279/1 6481/2 6346/7 6478/8
f 6509/1 6511/10 5256/11 6510/8
f 6512/81 6132/99 6511/20 6508/8
f 6513/50 6503/51 6350/11 6512/8
f 6514/81 6108/105 6220/9 6513/8
f 6515/48 6387/55 6109/7 6514/8
f 6633/1 6634/2 6635/7 5627/8
f 6638/1 6639/5 6640/9 6633/8
f 6641/1 6642/10 6643/11 6638/8
f 6644/1 6645/12 6646/13 6641/8
f 6647/1 6648/44 6649/45 6644/8
f 6650/1 6597/24 6596/25 6647/8
f 6651/1 6652/16 6653/17 6650/8
f 6654/48 6569/108 6568/30 6651/8
f 5620/50 6601/129 6600/25 6654/8
f 5623/1 6655/21 6656/20 5624/8
f 5626/1 6659/46 6660/47 5623/8
f 6662/1 6663/46 6661/47 6664/8
f 6667/1 6668/12 6663/13 6669/8
f 6670/1 6671/46 6593/47 6672/8
f 6673/1 6585/2 6584/7 6674/8
f 6675/1 6676/44 6677/45 6678/8
f 6679/1 6680/46 6681/47 6682/8
f 6594/1 6683/21 6680/20 6595/8
f 6684/1 6685/5 6686/9 6687/8
f 6566/48 6688/54 6689/11 6567/8
f 6598/50 6690/51 6691/11 6599/8
f 6728/81 5680/82 5699/7 6729/8
f 5618/1 5629/2 6824/7 6825/8
f 6826/130 6827/131 6828/20 6829/8
f 5628/1 5624/10 6827/11 6830/8
f 6961/1 6850/2 6849/7 6962/8
f 6963/1 6964/10 6965/11 6961/8
f 6966/1 6967/21 6968/20 6963/8
f 6969/1 6970/24 6971/25 6966/8
f 6972/1 6973/26 6974/27 6969/8
f 6975/1 5122/2 5124/7 6976/8
f 6977/1 6978/46 6979/47 6972/8
f 6980/1 6981/12 6982/13 6983/8
f 6984/1 5125/10 5122/11 6985/8
f 6986/1 5128/114 5125/115 6977/8
f 6987/1 6988/10 6989/11 6986/8
f 6990/1 6991/44 6992/45 6993/8
f 6994/1 5131/21 5128/20 6995/8
f 6996/1 6997/44 6998/45 6987/8
f 6999/1 5134/14 5131/15 7000/8
f 7001/1 5602/114 5134/115 6996/8
f 7002/48 7003/132 7004/107 7001/8
f 7005/1 7006/21 7007/20 7002/8
f 7008/1 7009/24 7010/25 7011/8
f 6882/1 7012/2 7013/7 6883/8
f 7014/1 7015/14 7009/15 7016/8
f 7086/1 7087/2 7088/7 7089/8
f 7325/1 6881/2 6880/7 7227/8
f 7362/1 7363/21 7364/20 7365/8
f 7177/1 7366/26 4872/27 7178/8
f 7299/1 7367/114 7366/115 7362/8
f 6851/1 7368/106 7367/107 6852/8
f 7213/1 5565/110 7368/111 7214/8
f 7179/1 7369/26 5565/27 7180/8
f 7241/1 5363/44 7369/45 7295/8
f 7140/1 7141/21 7242/20 7240/8
f 7370/1 7279/2 7142/7 7139/8
f 7251/48 5576/55 5574/7 7252/8
f 7231/1 7191/2 7190/7 7372/8
f 7373/48 5578/52 5576/9 7374/8
f 7225/1 7377/10 7234/11 7226/8
f 7527/48 2936/134 2595/115 7528/8
f 7529/1 7469/106 7530/107 7527/8
f 7531/1 7532/12 7461/13 7529/8
f 7533/1 7534/14 7470/15 7460/8
f 7535/1 7536/96 7534/97 7531/8
f 7537/1 7538/106 7539/107 7535/8
f 7540/1 7541/26 7542/27 7537/8
f 7543/1 7544/21 2938/20 7545/8
f 7546/48 2605/134 7544/115 7540/8
f 7547/1 7432/2 7431/7 7546/8
f 7548/1 7549/10 7550/11 7551/8
f 7552/1 2608/14 2605/15 7553/8
f 7554/48 2620/75 2608/17 7548/8
f 7555/1 7436/2 7435/7 7556/8
f 7557/1 7558/16 7559/17 7555/8
f 7560/1 2618/10 2620/11 7561/8
f 7562/1 7563/96 7564/97 7557/8
f 7565/1 7566/114 2629/115 7562/8
f 7567/1 7568/5 7569/9 7565/8
f 7570/1 2627/110 7566/111 7571/8
f 7572/48 7573/55 7574/7 7575/8
f 7751/1 7918/2 7809/7 7752/8
f 7919/1 7746/2 7742/7 7816/8
f 7472/1 2841/2 2840/7 7839/8
f 7762/48 7773/52 2841/9 7471/8
f 7959/1 2874/5 2875/9 7798/8
f 7427/1 7965/2 7815/7 7428/8
f 8150/1 8085/44 8084/45 8151/8
f 8152/1 8153/5 8154/9 6828/8
f 8082/1 8155/10 8156/11 8083/8
f 8157/48 8055/108 8054/30 8152/8
f 8158/1 8159/10 8160/11 8157/8
f 8161/1 8093/5 8092/9 8162/8
f 8163/1 8164/5 8165/9 8158/8
f 8166/48 8167/54 8168/11 8163/8
f 8169/48 8170/57 8171/20 8166/8
f 8172/50 8173/58 8174/13 8169/8
f 8175/48 8176/57 8177/20 8172/8
f 6827/1 8180/10 8181/11 8175/8
f 5624/1 6656/21 8183/20 6827/8
f 8657/1 8658/26 8659/27 7567/8
f 8660/1 8661/21 2627/20 8662/8
f 8663/1 8664/12 8665/13 8657/8
f 8666/1 8667/31 8661/30 8668/8
f 8669/1 4600/114 8667/115 8663/8
f 8670/1 8535/106 8579/107 8669/8
f 8671/1 8497/21 8529/20 8670/8
f 8498/1 8506/5 8536/9 8528/8
f 8672/1 8488/46 8507/47 8671/8
f 8452/1 8451/12 8489/13 8672/8
f 8737/1 8390/5 8377/9 8376/8
f 8739/48 8740/66 8409/47 8737/8
f 8743/1 8744/10 8745/11 8746/8
f 8747/1 7088/5 8744/9 8748/8
f 8538/1 4853/2 4601/7 8580/8
f 8509/1 8755/24 4853/25 8537/8
f 8470/1 8471/2 8509/7 8508/8
f 8478/1 8756/14 8755/15 8514/8
f 8454/1 8757/26 8756/27 8490/8
f 8758/48 4854/134 8757/115 8453/8
f 8759/1 8760/14 8761/15 8758/8
f 8762/1 4858/44 4854/45 8763/8
f 8375/1 8362/21 8764/20 8759/8
f 8363/1 4859/26 4858/27 8765/8
f 8408/1 4863/96 4859/97 8374/8
f 8766/48 4868/108 4863/30 8407/8
f 8767/1 8768/5 8769/9 8770/8
f 8771/1 8772/44 8773/45 8774/8
f 8775/1 4870/10 4868/11 8776/8
f 7365/1 8777/10 8778/11 8767/8
f 7178/1 4872/26 4870/27 8771/8
f 8899/1 8948/2 7012/7 6882/8
f 8949/48 8950/63 7015/15 7014/8
f 8951/48 8952/55 8953/7 8948/8
f 8954/1 8955/24 8950/25 8956/8
f 8957/1 8958/26 8955/27 8952/8
f 8959/1 8960/31 8958/30 8961/8
f 8962/1 8963/46 8964/47 8965/8
f 8966/1 8967/21 8963/20 8968/8
f 8969/1 8970/10 8971/11 8972/8
f 8973/1 8974/2 8975/7 8976/8
f 8977/1 8978/2 8973/7 8979/8
f 8905/1 9458/2 9213/7 8898/8
f 9057/1 9343/5 9317/9 9058/8
f 9365/1 9459/5 9460/9 9461/8
f 9351/1 9462/2 9459/7 9352/8
f 9417/1 9395/2 9394/7 9462/8
f 9215/1 9475/21 7377/20 7375/8
f 9334/92 6512/118 5578/9 7373/8
f 9476/1 9477/10 9475/11 9067/8
f 9066/1 9046/5 9040/9 9476/8
f 9478/1 9130/5 9129/9 9304/8
f 9303/1 9382/10 9479/11 9478/8
f 9246/1 6513/12 9382/13 9247/8
f 9418/1 9142/12 9138/13 9480/8
f 9398/1 9481/44 6364/45 9399/8
f 9474/1 9482/14 9481/15 9483/8
f 5690/48 8915/55 8914/7 9419/8
f 9359/48 9484/64 9482/25 9360/8
f 9485/1 6515/31 9484/30 9486/8
f 9723/92 9654/141 9724/20 9725/8
f 9726/1 9629/10 9655/11 9723/8
f 9727/48 9728/57 9630/20 9726/8
f 9729/1 9730/10 9728/11 9731/8
f 9596/48 9595/55 9730/7 9732/8
f 9733/1 9734/10 9735/11 9736/8
f 9737/1 9738/5 9739/9 9740/8
f 9741/1 9742/2 9738/7 9743/8
f 9744/1 9745/2 9746/7 9747/8
f 9748/1 9574/5 9749/9 9744/8
f 9750/1 9593/10 9575/11 9748/8
f 9751/1 9752/21 9594/20 9750/8
f 9753/1 9754/2 9752/7 9755/8
f 9756/1 9757/5 9758/9 9759/8
f 6829/1 9760/10 9761/11 9756/8
f 9802/1 9803/21 9804/20 9805/8
f 10051/1 10052/2 10053/7 10054/8
f 10055/48 10056/55 10057/7 10052/8
f 10058/48 10059/55 10060/7 10056/8
f 10061/1 6963/5 6961/9 10062/8
f 10063/1 6966/12 6963/13 10064/8
f 10065/1 6969/14 6966/15 10059/8
f 10066/1 10067/10 10068/11 10069/8
f 9990/1 6972/10 6969/11 9991/8
f 10070/1 6977/5 6972/9 10071/8
f 10072/48 10073/55 10074/7 10075/8
f 9926/1 6987/2 6986/7 9927/8
f 10076/48 7001/52 6987/9 10077/8
f 9934/1 10078/2 7001/7 9935/8
f 10130/1 9894/44 9893/45 10131/8
f 10132/1 9967/12 9966/13 10130/8
f 10133/1 10134/2 10135/7 10132/8
f 10444/1 10445/5 10446/9 10447/8
f 10448/48 10269/55 10268/7 10445/8
f 10271/1 10375/2 10449/7 10269/8
f 10243/1 10242/2 10385/7 10450/8
f 10164/1 10163/2 10244/7 10242/8
f 10451/1 10452/5 10165/9 10163/8
f 10209/1 10208/2 10452/7 10366/8
f 10010/1 10403/2 10222/7 10011/8
f 10262/1 10469/5 10382/9 10263/8
f 9891/1 7362/2 7365/7 9892/8
f 10477/48 10383/55 10469/7 10476/8
f 9964/1 9903/5 9891/9 9965/8
f 10478/1 10389/44 7299/45 10351/8
f 10480/1 10376/46 10397/47 10383/8
f 10384/1 10481/10 10377/11 10480/8
f 10342/1 9993/2 9992/7 10260/8
f 10343/1 10401/5 10177/9 10342/8
f 10482/1 10215/21 10391/20 10343/8
f 10483/1 9929/10 9928/11 10482/8
f 10226/1 10225/5 10402/9 10483/8
f 10688/1 10586/16 10689/17 10690/8
f 10691/1 7527/114 10591/115 10688/8
f 10692/1 10512/31 10693/30 10691/8
f 10513/1 7529/12 7527/13 10694/8
f 10695/1 10696/10 10524/11 10692/8
f 10697/1 7531/16 7529/17 10523/8
f 10698/1 10699/96 10700/97 10695/8
f 10543/1 7535/2 7531/7 10544/8
f 10701/1 7537/114 7535/115 10698/8
f 10702/1 10703/12 10704/13 10701/8
f 10705/1 7540/31 7537/30 10706/8
f 10707/1 10708/114 7540/115 10702/8
f 10709/1 10710/14 10711/15 10707/8
f 10712/1 7546/44 10708/45 10713/8
f 10714/48 7556/132 7546/107 10715/8
f 10716/1 10717/10 10718/11 10714/8
f 10719/1 7555/26 7556/27 10720/8
f 10721/1 7557/106 7555/107 10716/8
f 10722/50 7567/144 7557/115 10723/8
f 10588/1 10592/10 10978/11 10609/8
f 11165/1 11166/21 11167/20 11168/8
f 11169/1 11096/5 11107/9 11165/8
f 11097/1 11170/2 11166/7 11106/8
f 11072/48 11171/57 11170/20 11169/8
f 11172/92 11173/145 11171/11 11071/8
f 11174/1 11175/5 11173/9 11176/8
f 11177/50 11178/51 11175/11 11179/8
f 9887/50 9886/69 11178/20 11180/8
f 11181/101 11182/102 11070/7 11069/8
f 11539/1 11335/106 11334/107 10722/8
f 11540/1 8663/114 8657/115 11539/8
f 11474/48 8670/127 8663/97 11541/8
f 11542/1 11543/24 11481/25 11473/8
f 11411/1 8671/10 8670/11 11412/8
f 11453/1 8672/26 8671/27 11544/8
f 11545/1 8452/31 8672/30 11452/8
f 11397/1 11396/2 11546/7 11547/8
f 11548/1 11549/10 11550/11 11551/8
f 11552/48 11553/57 11554/20 11548/8
f 11555/1 11556/21 11557/20 11558/8
f 11559/1 11560/10 11561/11 11562/8
f 11563/1 10053/5 11560/9 11564/8
f 11329/1 11317/2 11608/7 11609/8
f 11318/1 8737/10 8376/11 11430/8
f 11612/50 11613/146 8737/15 11328/8
f 10131/1 11616/21 11617/20 11612/8
f 11442/1 9893/5 11377/9 11443/8
f 11814/1 11706/2 11815/7 11816/8
f 11817/1 11818/10 11707/11 11814/8
f 11719/1 11680/10 11679/11 11819/8
f 11632/1 11792/2 11847/7 11633/8
f 11848/1 11475/5 11623/9 11632/8
f 11849/1 11789/10 11476/11 11848/8
f 11850/1 11454/12 11790/13 11849/8
f 11851/1 11660/46 11455/47 11850/8
f 11852/1 11398/14 11752/15 11851/8
f 11399/1 11384/12 11775/13 11783/8
f 11359/1 11853/2 8453/7 11360/8
f 11642/48 8759/134 11853/115 11852/8
f 11753/1 11675/2 11650/7 11644/8
f 11754/1 8375/26 8759/27 11649/8
f 11854/1 11326/44 11757/45 11675/8
f 11677/1 11855/21 11327/20 11854/8
f 11708/1 11856/10 11855/11 11857/8
f 10263/48 10382/52 11856/9 11667/8
f 9892/1 7365/2 8767/7 11376/8
f 11894/48 11895/57 11896/20 11897/8
f 11956/1 11957/2 11958/7 11959/8
f 11960/1 11961/5 11962/9 11956/8
f 11963/92 11964/145 11965/11 11960/8
f 11168/50 11167/69 11966/20 11963/8
f 12025/92 12026/141 11895/20 11894/8
f 12030/1 12031/2 12026/7 12032/8
f 12033/1 12034/10 12035/11 12036/8
f 12037/1 11995/2 11994/7 12038/8
f 12039/1 12040/2 12041/7 12034/8
f 11996/1 12042/5 12040/9 11995/8
f 12043/48 12044/55 12042/7 12045/8
f 12050/48 12051/55 12052/7 12053/8
f 12110/1 11539/46 10722/47 12111/8
f 12286/48 12287/55 12288/7 9724/8
f 12289/48 11631/70 11539/13 12290/8
f 12291/48 12292/52 12293/9 12286/8
f 12244/1 12243/2 12294/7 12295/8
f 9654/1 12172/21 12296/20 12291/8
f 9630/1 12115/31 12114/30 9654/8
f 12297/1 12155/5 12298/9 9630/8
f 12156/1 12299/14 12300/15 12301/8
f 9728/1 12302/24 12167/25 12297/8
f 12122/1 12303/2 12299/7 12123/8
f 12304/81 11552/148 11641/115 9728/8
f 12305/1 12306/44 12307/45 12308/8
f 12309/1 12310/12 12306/13 12311/8
f 9742/1 12312/12 12313/13 9738/8
f 12314/1 8084/10 12310/11 12315/8
f 9754/1 12515/5 12649/9 9752/8
f 12650/1 12437/12 12436/13 12607/8
f 12518/1 11814/2 11816/7 12651/8
f 9838/1 12652/21 12516/20 9754/8
f 12606/1 11817/44 11814/45 12650/8
f 12134/1 8156/5 12459/9 12135/8
f 9803/1 12113/31 12112/30 9804/8
f 12670/1 12577/5 12567/9 12547/8
f 12671/1 12589/44 12569/45 12566/8
f 12546/1 12588/31 12589/30 12670/8
f 12672/1 12245/31 12443/30 12629/8
f 12219/1 11848/5 11632/9 12432/8
f 12616/1 12617/21 12237/20 12672/8
f 12503/1 11849/24 11848/25 12236/8
f 12173/1 11850/16 11849/17 12615/8
f 12116/1 11851/46 11850/47 12117/8
f 12594/48 11643/70 11851/13 12595/8
f 12783/1 12741/5 12740/9 12784/8
f 12734/1 12801/46 12802/47 12735/8
f 12756/1 12803/10 12804/11 12757/8
f 12805/1 12806/24 12803/25 12807/8
f 12808/1 12733/46 12732/47 12809/8
f 12742/1 12810/21 12811/20 12743/8
f 12898/1 12899/5 12900/9 12901/8
f 12902/1 97/12 100/13 12903/8
f 12904/1 103/44 97/45 12905/8
f 12806/48 12931/70 12932/13 12804/8
f 12941/1 12942/10 12943/11 12944/8
f 12945/1 12946/2 12947/7 12941/8
f 12948/1 12949/5 12950/9 12951/8
f 13036/1 12815/24 12814/25 13037/8
f 13038/1 12819/31 12815/30 13039/8
f 13054/1 13055/12 13056/13 11896/8
f 13057/1 13058/21 13055/20 13059/8
f 13062/1 13063/5 13064/9 13065/8
f 13068/1 13069/2 13070/7 13062/8
f 13227/50 10692/136 10690/27 13228/8
f 13229/1 13230/2 13139/7 13227/8
f 13231/1 10695/24 10692/25 13138/8
f 13232/1 13233/24 13234/25 13235/8
f 13236/1 10698/5 10695/9 13237/8
f 13238/1 13239/12 13240/13 13232/8
f 13102/1 10701/46 10698/47 13103/8
f 13241/1 10702/26 10701/27 13242/8
f 13243/1 13244/10 13245/11 13246/8
f 13247/1 13248/2 13249/7 13241/8
f 13250/1 10707/24 10702/25 13251/8
f 11175/48 13252/57 13253/20 13243/8
f 13254/1 10709/26 10707/27 13247/8
f 13255/1 13114/12 13113/13 13254/8
f 13256/1 13257/5 13258/9 13259/8
f 13260/48 13261/54 13262/11 11175/8
f 13263/48 13264/49 13265/45 13255/8
f 13266/1 13267/12 13268/13 13269/8
f 13123/1 13270/10 13271/11 13124/8
f 13272/1 13273/14 13274/15 13275/8
f 13276/1 13277/44 10840/45 13278/8
f 12111/1 10722/46 13277/47 13130/8
f 11078/81 13580/94 13579/13 11229/8
f 13667/48 13668/57 13602/20 11078/8
f 13436/1 13669/12 13587/13 13667/8
f 13598/1 13670/5 13669/9 13435/8
f 13671/48 13672/55 13670/7 13673/8
f 13600/48 13588/52 13672/9 13601/8
f 13674/1 13511/21 13675/20 13676/8
f 13677/1 13678/46 13512/47 13674/8
f 13679/1 13508/24 13632/25 13677/8
f 9804/1 12112/31 13131/30 13679/8
f 13963/1 13964/12 12832/13 12819/8
f 13965/48 13966/66 13967/47 13963/8
f 13968/48 13969/49 13970/45 13965/8
f 13971/1 13972/14 13973/15 13968/8
f 13974/1 13975/24 13976/25 13971/8
f 13977/1 13978/26 13979/27 13974/8
f 13980/1 13981/16 13982/17 13977/8
f 13983/1 13984/21 13985/20 13980/8
f 13986/1 13987/44 13981/45 13988/8
f 13989/1 13990/2 13991/7 13983/8
f 13992/1 13790/26 13789/27 13993/8
f 13994/1 13760/96 13759/97 13989/8
f 13995/48 13996/134 13997/115 13994/8
f 13998/1 13809/46 13999/47 13995/8
f 13810/1 14000/24 13996/25 14001/8
f 10690/1 13796/10 13828/11 13998/8
f 13797/1 7528/16 14000/17 13827/8
f 14080/1 14081/24 12806/25 12805/8
f 14082/1 14083/14 14081/15 14084/8
f 14085/1 14086/44 14083/45 14087/8
f 14092/1 14093/14 14086/15 14094/8
f 14095/1 14096/5 14097/9 14092/8
f 14098/1 14099/12 14093/13 14100/8
f 14101/1 13754/10 13753/11 14098/8
f 13714/1 14102/2 14099/7 13715/8
f 13784/1 14103/10 14102/11 13785/8
f 13724/1 14104/2 14103/7 13725/8
f 14119/1 14120/5 12810/9 12833/8
f 14121/48 14122/52 14123/9 14124/8
f 14125/48 14126/55 14122/7 14127/8
f 14128/1 14129/10 14130/11 14126/8
f 14131/1 13783/21 13782/20 14132/8
f 14133/1 13723/21 13722/20 14134/8
f 14139/48 14140/57 14141/20 14142/8
f 13791/1 14149/10 14140/11 13792/8
f 13761/1 14152/5 14149/9 13762/8
f 14391/1 4290/44 103/45 12904/8
f 14392/1 14393/12 14394/13 14395/8
f 14396/1 14397/5 14398/9 14399/8
f 14400/48 14401/55 14402/7 14403/8
f 14314/1 14404/12 14405/13 14315/8
f 14000/1 14326/110 14406/111 13996/8
f 7528/1 14407/106 14327/107 14000/8
f 14408/48 14409/55 14410/7 14411/8
f 14083/48 14472/70 12931/13 12806/8
f 14086/1 14476/46 14477/47 14083/8
f 14093/1 14478/14 14479/15 14086/8
f 14099/1 14482/10 14483/11 14093/8
f 14484/1 14485/46 14486/47 14487/8
f 14488/1 14492/2 14493/7 14491/8
f 14103/48 14495/64 14496/25 14099/8
f 14497/1 14498/5 14488/9 14489/8
f 14499/1 14500/10 14501/11 14502/8
f 14104/1 14504/16 14505/17 14103/8
f 14506/1 14507/26 14508/27 14104/8
f 14650/48 14649/55 14520/7 14519/8
f 14721/48 14819/55 14820/7 14722/8
f 14835/1 14753/21 12949/20 12945/8
f 14544/1 14571/12 14836/13 14835/8
f 14837/1 14838/46 14572/47 14570/8
f 14530/1 14517/21 14838/20 14839/8
f 14643/50 4263/72 4262/7 14663/8
f 14754/48 14840/55 14841/7 14755/8
f 14725/1 4264/10 4263/11 14639/8
f 14607/1 4265/21 4264/20 14842/8
f 14706/1 14729/5 14628/9 14606/8
f 14843/1 4266/5 4265/9 14627/8
f 14140/1 14558/12 14557/13 14778/8
f 14767/1 4269/31 4266/30 14844/8
f 14149/1 14301/2 14300/7 14140/8
f 14845/1 14846/96 4269/97 14776/8
f 14152/1 14735/110 14734/111 14149/8
f 14762/1 14847/5 14846/9 14848/8
f 14849/1 4271/114 14847/115 14152/8
f 14747/1 14317/2 14316/7 14849/8
f 14750/1 14850/31 4271/30 14851/8
f 14329/1 4273/10 14850/11 14738/8
f 14565/1 14886/2 14863/7 14656/8
f 14534/48 4323/52 14886/9 14564/8
f 15074/1 15075/46 15076/47 13038/8
f 15077/1 13963/10 12819/11 15078/8
f 15079/1 15080/31 13963/30 15074/8
f 15081/48 15082/64 15080/25 15083/8
f 15084/1 15085/46 15086/47 15087/8
f 15088/1 13968/2 15082/7 15089/8
f 15090/1 13971/24 13968/25 15091/8
f 15092/1 15093/46 15094/47 15095/8
f 15096/1 13974/10 13971/11 15097/8
f 15098/1 13977/31 13974/30 15092/8
f 15099/1 15100/2 15101/7 15098/8
f 15102/1 13980/14 13977/15 15103/8
f 15104/1 15105/24 15106/25 15107/8
f 15108/1 13983/2 13980/7 15109/8
f 13228/103 10690/149 13983/27 15104/8
f 15159/50 15160/58 13058/13 11895/8
f 15164/1 15165/21 15166/20 15159/8
f 12031/48 15174/70 15175/13 15164/8
f 15181/1 15182/21 15183/20 12031/8
f 15184/1 15185/5 15186/9 15181/8
f 15637/48 15270/55 13069/7 13068/8
f 15514/48 15212/52 15271/9 15637/8
f 15639/1 15640/10 15213/11 15514/8
f 15373/1 15374/5 15494/9 15639/8
f 15645/1 15646/5 15375/9 15372/8
f 15330/1 15653/21 15646/20 15654/8
f 15655/1 15656/46 15653/47 12042/8
f 11229/150 13579/151 15519/13 15655/8

usemtl minecraft_block-gravel

f 5010/1 4992/2 5153/7 5154/8
f 5194/1 5007/2 5197/7 5198/8
f 5007/1 5008/2 5340/7 5197/8
f 5008/22 4982/2 5511/7 5340/40
f 5010/48 5340/55 5511/7 5515/8
f 5008/48 5007/55 5600/7 4982/8
f 5723/1 5020/2 5155/7 5975/8
f 5723/1 6423/2 6424/7 5020/8
f 6559/1 6560/2 6561/7 6562/8
f 6563/1 6562/2 6564/7 6565/8
f 6573/1 6574/2 6575/7 6576/8
f 6577/1 6573/2 6578/3 6579/4
f 6580/1 6581/2 6579/7 6582/8
f 6590/1 6591/2 6592/7 6593/8
f 6663/1 6665/2 6666/7 6661/8
f 6668/1 6593/5 6592/9 6663/8
f 6671/1 6673/2 6674/7 6593/8
f 6694/1 6565/10 6564/11 6692/8
f 6695/1 6579/10 6578/11 6696/8
f 6590/1 6582/5 6579/9 6591/8
f 6586/1 6562/2 6561/7 6587/8
f 6563/1 6576/2 6575/7 6562/8
f 6580/1 6719/2 6720/7 6581/8
f 6767/1 6768/2 6720/7 6719/8
f 6562/1 6586/2 6589/7 6564/8
f 6574/1 6559/2 6562/7 6575/8
f 6591/1 6695/2 6665/7 6592/8
f 6768/1 6577/2 6581/7 6720/8
f 6696/1 6694/2 6661/7 6666/8
f 6576/1 6563/2 6565/7 6578/8
f 6695/1 6696/2 6666/7 6665/8
f 6782/1 6590/2 6593/7 6674/8
f 6560/1 8066/2 8068/7 6561/8
f 6587/1 6561/2 8068/7 8111/8
f 8066/1 8108/2 8111/7 8068/8

usemtl minecraft_block-sand

f 234/1 235/2 236/7 237/8
f 257/1 260/5 261/9 258/8
f 260/1 234/2 237/7 261/8
f 513/1 514/2 515/7 516/8
f 237/1 236/2 575/7 509/8
f 258/1 261/5 237/9 224/8
f 578/1 579/2 580/7 581/8
f 260/1 266/10 238/11 234/8
f 594/1 595/12 266/13 257/8
f 597/1 598/21 599/20 593/8
f 600/48 601/55 595/7 602/8
f 454/1 516/5 515/9 604/8
f 606/1 607/2 608/7 609/8
f 513/1 610/5 607/9 514/8
f 452/1 611/12 612/13 453/8
f 606/1 609/2 599/7 598/8
f 608/1 610/5 600/9 602/8
f 595/1 699/2 578/7 581/8
f 609/1 608/2 602/7 599/8
f 596/1 595/2 581/7 580/8
f 514/1 606/2 598/7 515/8
f 453/1 513/5 516/9 454/8
f 610/1 612/2 601/7 600/8
f 1067/1 1069/2 1070/7 1068/8
f 6586/1 6587/2 6588/7 6589/8
f 6655/1 6657/10 6658/11 6656/8
f 6659/1 6661/2 6657/7 6660/8
f 6692/1 6589/5 6588/9 6693/8
f 6693/1 6770/2 6771/7 6658/8
f 6694/22 6693/2 6658/7 6661/40
f 8108/32 8109/2 8110/7 8111/33
f 6587/1 8111/2 8115/7 6588/8
f 8176/48 8178/52 8179/9 8177/8
f 8180/1 8182/10 8178/11 8181/8
f 6656/1 6771/5 8182/9 8183/8
f 8217/1 8219/2 8213/7 8218/8
f 8220/50 8221/95 8222/9 8217/8
f 6770/1 6588/10 8115/11 8220/8
f 8251/50 8111/72 8110/7 8248/8
f 8217/1 8216/2 8173/7 8179/8
f 8248/1 8247/2 8219/7 8222/8
f 8109/1 8307/2 8248/7 8110/8
f 8111/1 8251/2 8221/7 8115/8
f 8247/1 8324/2 8213/7 8219/8
f 8251/32 8248/2 8222/7 8221/33
f 6770/42 8217/2 8179/7 6771/71

usemtl minecraft_block-cornflower

f 6808/1 6809/2 6810/7 6811/8
f 6812/1 6813/2 6814/7 6815/8
f 8040/1 8041/2 8042/7 8043/8
f 8044/1 8045/2 8046/7 8047/8
